{"type":"FeatureCollection","features":[{"type":"Feature","id":"4eda4180-f970-4b08-b55f-54cb51b768eb","properties":{"id":"4eda4180-f970-4b08-b55f-54cb51b768eb","updated_date":"2026-08-29T08:07:16Z","time_created":"2026-08-28T22:54:03Z","last_updated_on_server":"2026-08-29T08:07:16.246275","db_insert_date":"2026-08-29T08:06:50Z","deleted":false,"title":"buot-guila-cabatbatan-samboryo","public":false,"color":"#FF6200","hexcolor":"#FF6200","is_active":true,"revision":1787990836,"notes":"","track_type":"track","routing_mode":null,"uploaded_gpx_to_osm":null,"flag":null,"source":null,"cover_photo_id":null,"distance":12265.679719249334,"total_ascent":572.05306667751745,"total_descent":548.44496154785168,"stopped_time":2754.5,"total_time":20073,"average_speed":0.61105364017582497,"moving_time":17318.5,"moving_speed":0.70824145966736929,"activities":[],"imported":true,"folder":"4736bc08-db4c-4713-a6b7-2036331b71a1","privacy_level":null,"sync_to_mobile":null,"preferred_link":"/public/8Fib5oEmloZVlqhvUX1pg6DN","favorite_count":0,"comment_count":0,"comments":[],"user_photo_count":0,"latitude":10.34773352566925,"longitude":123.82036524246995,"writable":false},"style":{"stroke":"#FF6200"},"geometry":{"type":"MultiLineString","coordinates":[[[123.807912,10.347875,173.99359130859375,1787957643],[123.807937,10.347875999999999,173.99359130859375,1787957656],[123.807907,10.347882999999999,175.56365966796875,1787957664],[123.807896,10.347892,175.93682861328125,1787957665],[123.80788699999999,10.347898000000001,176.951904296875,1787957666],[123.807908,10.347913,175.3607177734375,1787957674],[123.808054,10.347923,176.66632080078125,1787957694],[123.808059,10.347925,177.1546630859375,1787957695],[123.80824200000001,10.347984,176.83148193359375,1787957722],[123.808251,10.347988000000001,176.634521484375,1787957723],[123.808328,10.348046,178.6859130859375,1787957732],[123.808396,10.348082,177.8927001953125,1787957739],[123.808404,10.348088000000001,177.57012939453125,1787957740],[123.808545,10.348195,178.52972412109375,1787957765],[123.808554,10.348203,178.4622802734375,1787957766],[123.80869,10.348312,177.93145751953125,1787957780],[123.8087,10.348318000000001,178.08599853515625,1787957781],[123.808846,10.348425000000001,173.4912109375,1787957822],[123.80885499999999,10.348432000000001,173.640625,1787957823],[123.80900099999999,10.348561,173.621337890625,1787957839],[123.809011,10.348568,173.58489990234375,1787957840],[123.80910299999999,10.348634000000001,168.9857177734375,1787957853],[123.809135,10.348673,168.6375732421875,1787957857],[123.809147,10.348679000000001,168.4063720703125,1787957858],[123.809178,10.348701999999999,168.2325439453125,1787957861],[123.80919900000001,10.348699,167.49981689453125,1787957862],[123.80920399999999,10.348663999999999,167.45416259765625,1787957863],[123.809121,10.348623999999999,167.66693115234375,1787957871],[123.809112,10.348617000000001,167.7392578125,1787957872],[123.80908599999999,10.348598000000001,167.4873046875,1787957875],[123.809088,10.348580999999999,166.57891845703125,1787957876],[123.80911,10.348573,166.04736328125,1787957877],[123.809179,10.348649,165.54266357421875,1787957885],[123.809185,10.348658,165.2952880859375,1787957886],[123.80929999999999,10.348791,169.52325439453125,1787957902],[123.809307,10.348800000000001,170.143310546875,1787957903],[123.80935599999999,10.348865,171.541015625,1787957910],[123.80941,10.348907000000001,172.5654296875,1787957916],[123.809433,10.348939,173.48846435546875,1787957919],[123.809442,10.34895,173.66888427734375,1787957920],[123.809535,10.349043999999999,175.364013671875,1787957931],[123.809511,10.349034,176.25726318359375,1787958018],[123.809495,10.349008,175.6815185546875,1787958022],[123.80949099999999,10.349002,175.28369140625,1787958023],[123.809478,10.348971000000001,174.94439697265625,1787958027],[123.809521,10.348974999999999,173.93218994140625,1787958028],[123.809555,10.349031,174.4334716796875,1787958034],[123.80959,10.349068000000001,174.8306884765625,1787958039],[123.80959799999999,10.349074,175.00238037109375,1787958040],[123.809619,10.349055999999999,174.98822021484375,1787958041],[123.809673,10.349126,176.33856201171875,1787958056],[123.809737,10.349171999999999,177.60357666015625,1787958063],[123.809748,10.349176,177.81982421875,1787958064],[123.809774,10.349197,178.2274169921875,1787958068],[123.809799,10.349197999999999,178.55029296875,1787958129],[123.809892,10.349282000000001,179.6182861328125,1787958140],[123.809904,10.349287,179.7374267578125,1787958141],[123.810018,10.349334000000001,180.0643310546875,1787958152],[123.81007099999999,10.349342999999999,179.4744873046875,1787958157],[123.810084,10.349345,179.0787353515625,1787958158],[123.810253,10.349349,176.63031005859375,1787958174],[123.81026199999999,10.349351,176.73193359375,1787958175],[123.810429,10.349335,175.31268310546875,1787958191],[123.81044,10.349333,174.918701171875,1787958192],[123.81059999999999,10.34929,170.92242431640625,1787958209],[123.810609,10.349287,170.921142578125,1787958210],[123.81076,10.349239000000001,169.68994140625,1787958226],[123.81077000000001,10.349235,169.55194091796875,1787958227],[123.810929,10.349189000000001,167.7060546875,1787958243],[123.81094,10.349190999999999,168.06219482421875,1787958244],[123.81099,10.349188,168.06640625,1787958249],[123.81109600000001,10.349144000000001,167.68450927734375,1787958260],[123.811103,10.349142000000001,168.03045654296875,1787958261],[123.811171,10.349119999999999,170.2373046875,1787958271],[123.811255,10.349072,170.69091796875,1787958279],[123.811268,10.349073000000001,170.50927734375,1787958280],[123.81128099999999,10.349072,170.1361083984375,1787958281],[123.811318,10.349061000000001,169.7489013671875,1787958284],[123.81147300000001,10.349069,171.07196044921875,1787958297],[123.81148399999999,10.349069999999999,170.8916015625,1787958298],[123.811621,10.349074999999999,172.50445556640625,1787958309],[123.811677,10.349086,173.687255859375,1787958314],[123.811688,10.34909,174.4481201171875,1787958315],[123.811879,10.349107999999999,175.1910400390625,1787958331],[123.811892,10.349109,175.26043701171875,1787958332],[123.812082,10.349162,175.85211181640625,1787958348],[123.812093,10.349166,175.891845703125,1787958349],[123.812192,10.349214,176.5726318359375,1787958358],[123.812264,10.349271,176.879638671875,1787958365],[123.812274,10.349278999999999,176.858642578125,1787958366],[123.81242,10.349406,175.8184814453125,1787958382],[123.81242899999999,10.349413999999999,175.933349609375,1787958383],[123.81249099999999,10.349470999999999,175.60870361328125,1787958390],[123.812557,10.349553,174.81048583984375,1787958399],[123.81256399999999,10.349564000000001,174.58221435546875,1787958400],[123.812656,10.349741,172.682861328125,1787958416],[123.812662,10.349752000000001,172.7513427734375,1787958417],[123.812698,10.349852,171.87213134765625,1787958426],[123.812714,10.349938999999999,170.96759033203125,1787958433],[123.812712,10.349951000000001,171.0023193359375,1787958434],[123.812714,10.350107,170.21624755859375,1787958447],[123.812727,10.350137999999999,170.95458984375,1787958450],[123.812732,10.350148000000001,170.953857421875,1787958451],[123.812769,10.350180999999999,171.4493408203125,1787958456],[123.812845,10.350206,170.82196044921875,1787958465],[123.812864,10.350228,171.9437255859375,1787958471],[123.812864,10.350231000000001,172.00390625,1787958472],[123.813012,10.350267000000001,175.384521484375,1787958602],[123.813017,10.350270999999999,174.8701171875,1787958603],[123.813171,10.350371000000001,174.15106201171875,1787958619],[123.813181,10.350377999999999,174.01129150390625,1787958620],[123.813221,10.350448,172.69464111328125,1787958627],[123.813242,10.350549000000001,171.57635498046875,1787958636],[123.813244,10.350561000000001,171.594970703125,1787958637],[123.813248,10.350644000000001,171.423828125,1787958644],[123.813277,10.350754,171.75152587890625,1787958653],[123.813281,10.350766999999999,171.7611083984375,1787958654],[123.813304,10.350937,171.96771240234375,1787958667],[123.813303,10.350948000000001,172.05145263671875,1787958668],[123.813306,10.351032,172.80810546875,1787958675],[123.813318,10.351075,174.64752197265625,1787958679],[123.81330800000001,10.351138000000001,174.0316162109375,1787958684],[123.813306,10.351150000000001,174.14947509765625,1787958685],[123.81331299999999,10.351353,170.54541015625,1787958701],[123.81331299999999,10.351468000000001,170.20513916015625,1787958711],[123.813327,10.351546000000001,170.37738037109375,1787958718],[123.81332999999999,10.351558000000001,170.3857421875,1787958719],[123.813335,10.351570000000001,170.4222412109375,1787958720],[123.813344,10.351578999999999,169.87921142578125,1787958791],[123.81337000000001,10.35162,170.05712890625,1787958795],[123.813368,10.351684000000001,170.19171142578125,1787958800],[123.81336899999999,10.351696,170.3350830078125,1787958801],[123.813371,10.351734,169.95159912109375,1787958804],[123.81335300000001,10.351779000000001,171.17999267578125,1787958829],[123.813356,10.351891,171.42987060546875,1787958838],[123.81335799999999,10.351903,171.25128173828125,1787958839],[123.8134,10.352093999999999,171.7313232421875,1787958855],[123.81340299999999,10.352105,171.86474609375,1787958856],[123.81348300000001,10.352288,173.65399169921875,1787958872],[123.81348800000001,10.352297999999999,173.91973876953125,1787958873],[123.81355000000001,10.352406,175.1973876953125,1787958884],[123.813587,10.352453000000001,175.31817626953125,1787958889],[123.813593,10.352461999999999,175.205078125,1787958890],[123.813672,10.352596,175.31488037109375,1787958902],[123.813676,10.352608999999999,175.2489013671875,1787958903],[123.81375300000001,10.352717,175.4549560546875,1787958913],[123.813761,10.352729,175.6690673828125,1787958914],[123.81381,10.352793999999999,175.6280517578125,1787958920],[123.81387700000001,10.352857999999999,175.00390625,1787958927],[123.813885,10.352869,175.037353515625,1787958928],[123.813911,10.352895999999999,175.5177001953125,1787958931],[123.814041,10.352974,176.55462646484375,1787958943],[123.814053,10.352978999999999,176.46875,1787958944],[123.814109,10.353009,176.8956298828125,1787958949],[123.814245,10.353059,177.8255615234375,1787958960],[123.814257,10.353063000000001,177.90283203125,1787958961],[123.814364,10.353097,177.9072265625,1787958970],[123.814431,10.353133,178.109619140625,1787958976],[123.81444399999999,10.353137,178.0416259765625,1787958977],[123.81458000000001,10.353206,179.31256103515625,1787958988],[123.81459099999999,10.353211999999999,179.4674072265625,1787958989],[123.81475399999999,10.353313999999999,182.9879150390625,1787959005],[123.81476600000001,10.353319000000001,182.9727783203125,1787959006],[123.814881,10.353386,183.07476806640625,1787959089],[123.814888,10.353401,183.17218017578125,1787959090],[123.814924,10.353408999999999,183.7138671875,1787959093],[123.814936,10.353412000000001,184.05438232421875,1787959094],[123.81513,10.35346,187.49261474609375,1787959110],[123.81514199999999,10.353465,187.70611572265625,1787959111],[123.815327,10.353526,185.9774169921875,1787959127],[123.815338,10.353531,185.8134765625,1787959128],[123.815504,10.353609000000001,182.23004150390625,1787959144],[123.815516,10.353614,182.0811767578125,1787959145],[123.815698,10.353688,181.91552734375,1787959161],[123.815709,10.353692000000001,181.70062255859375,1787959162],[123.815832,10.353730000000001,182.99249267578125,1787959173],[123.815884,10.353763000000001,182.0391845703125,1787959178],[123.815895,10.353770000000001,181.65399169921875,1787959179],[123.815989,10.35383,179.67822265625,1787959188],[123.816034,10.353847,179.24932861328125,1787959192],[123.816052,10.353871,178.738525390625,1787959195],[123.816062,10.353877000000001,178.84979248046875,1787959196],[123.816247,10.353942,179.2581787109375,1787959212],[123.816259,10.353947,179.0843505859375,1787959213],[123.816345,10.353979000000001,178.9840087890625,1787959220],[123.81642600000001,10.354046,178.8228759765625,1787959229],[123.816433,10.354056,178.7882080078125,1787959230],[123.816543,10.354195000000001,177.898681640625,1787959244],[123.816552,10.354203999999999,177.93621826171875,1787959245],[123.816689,10.354348,178.56353759765625,1787959261],[123.816698,10.354355999999999,178.5450439453125,1787959262],[123.816838,10.354502,179.498046875,1787959278],[123.816845,10.354513000000001,179.32666015625,1787959279],[123.816965,10.354654,178.901611328125,1787959293],[123.816973,10.354663,178.8807373046875,1787959294],[123.817076,10.35478,179.0672607421875,1787959307],[123.817087,10.354797,178.55224609375,1787959309],[123.817083,10.354813,178.34649658203125,1787959310],[123.817081,10.354825,176.50006103515625,1787959311],[123.81714100000001,10.354841,177.0819091796875,1787959368],[123.817201,10.354908999999999,178.54827880859375,1787959376],[123.817246,10.354943,178.979736328125,1787959381],[123.817255,10.354949,178.62261962890625,1787959382],[123.817324,10.354996999999999,179.3604736328125,1787959389],[123.817427,10.355038,180.019287109375,1787959398],[123.81744,10.355043,180.193359375,1787959399],[123.81757,10.355119999999999,181.26611328125,1787959410],[123.81758000000001,10.355127,181.41217041015625,1787959411],[123.817718,10.355221999999999,182.848388671875,1787959424],[123.817729,10.355232000000001,182.85986328125,1787959425],[123.81781700000001,10.355304,183.76708984375,1787959434],[123.817894,10.355352,183.1602783203125,1787959441],[123.817904,10.355359,183.30560302734375,1787959442],[123.817953,10.355384000000001,183.016357421875,1787959446],[123.818066,10.355418999999999,183.64520263671875,1787959455],[123.818078,10.355423,183.81280517578125,1787959456],[123.81826,10.355434000000001,183.941650390625,1787959470],[123.81827199999999,10.355434000000001,183.649658203125,1787959471],[123.81846,10.355437999999999,184.39306640625,1787959485],[123.81847399999999,10.355437999999999,184.351806640625,1787959486],[123.81865999999999,10.355437,186.22576904296875,1787959500],[123.818673,10.355435999999999,186.3670654296875,1787959501],[123.81886799999999,10.355435,189.7208251953125,1787959517],[123.818879,10.355437,190.02032470703125,1787959518],[123.819063,10.355508,191.195068359375,1787959534],[123.819074,10.355513999999999,191.243408203125,1787959535],[123.81925,10.355601999999999,193.57977294921875,1787959551],[123.819261,10.355606999999999,193.31060791015625,1787959552],[123.819452,10.355667,193.99700927734375,1787959568],[123.81946499999999,10.35567,194.1441650390625,1787959569],[123.819648,10.355714000000001,197.5133056640625,1787959585],[123.81966,10.355715,197.7432861328125,1787959586],[123.819849,10.355762,199.96356201171875,1787959602],[123.819861,10.355765,200.07745361328125,1787959603],[123.820038,10.355846,199.45086669921875,1787959619],[123.820049,10.355850999999999,199.31732177734375,1787959620],[123.82013600000001,10.355902,197.2796630859375,1787959629],[123.820185,10.355959,195.41351318359375,1787959636],[123.82019200000001,10.355968000000001,195.340576171875,1787959637],[123.820324,10.356102,194.01947021484375,1787959653],[123.82033199999999,10.356111,194.07574462890625,1787959654],[123.820396,10.356169,193.868408203125,1787959661],[123.820488,10.356229000000001,193.7403564453125,1787959670],[123.8205,10.356235,193.53717041015625,1787959671],[123.820684,10.35632,192.2603759765625,1787959687],[123.820695,10.356327,192.3736572265625,1787959688],[123.820723,10.356355000000001,192.67474365234375,1787959691],[123.82079,10.356506,191.3839111328125,1787959704],[123.820797,10.356515999999999,191.27264404296875,1787959705],[123.820908,10.356653,190.677734375,1787959745],[123.820915,10.35666,190.6104736328125,1787959746],[123.821011,10.356764999999999,190.981689453125,1787959759],[123.821023,10.356801000000001,191.44573974609375,1787959763],[123.82102999999999,10.356811,191.40869140625,1787959764],[123.821071,10.356913,193.41650390625,1787959775],[123.82108100000001,10.356965000000001,194.8160400390625,1787959780],[123.82108599999999,10.356979000000001,193.9154052734375,1787959781],[123.82109,10.357046,193.82366943359375,1787959786],[123.821117,10.357137,192.707763671875,1787959793],[123.82111999999999,10.357149,193.00787353515625,1787959794],[123.821128,10.357343999999999,193.55181884765625,1787959810],[123.821129,10.357355999999999,193.32208251953125,1787959811],[123.82111,10.357441,191.77899169921875,1787959818],[123.82105900000001,10.357533,190.06658935546875,1787959827],[123.821054,10.357543,190.03765869140625,1787959828],[123.82099599999999,10.357619,188.53863525390625,1787959837],[123.82093500000001,10.357672000000001,188.656005859375,1787959844],[123.820927,10.35768,188.4605712890625,1787959845],[123.820764,10.357777,186.73687744140625,1787959861],[123.820753,10.357780999999999,186.52142333984375,1787959862],[123.820646,10.357799999999999,186.119384765625,1787959871],[123.820634,10.35782,185.8367919921875,1787959873],[123.820579,10.357837999999999,186.08563232421875,1787959878],[123.82056900000001,10.357842,186.01123046875,1787959879],[123.820515,10.357849,186.229736328125,1787959884],[123.820393,10.357896,187.1563720703125,1787959895],[123.82038300000001,10.357900000000001,187.2015380859375,1787959896],[123.82034899999999,10.35791,187.22296142578125,1787959899],[123.820228,10.357994,187.78521728515625,1787959926],[123.820223,10.358003,188.0821533203125,1787959927],[123.820205,10.35805,188.39569091796875,1787959932],[123.820227,10.358158,190.42352294921875,1787959943],[123.82023100000001,10.358169999999999,190.61865234375,1787959944],[123.82026999999999,10.358255,193.3614501953125,1787959954],[123.820322,10.358321,194.167724609375,1787959961],[123.82032700000001,10.35833,194.2806396484375,1787959962],[123.820357,10.358371999999999,195.25360107421875,1787959967],[123.820398,10.358397999999999,195.039306640625,1787959971],[123.820421,10.358433,195.59368896484375,1787959975],[123.82044999999999,10.358452,195.3917236328125,1787959978],[123.82046099999999,10.358457,195.2950439453125,1787959979],[123.82058499999999,10.358549,197.1195068359375,1787959992],[123.82060799999999,10.358575999999999,197.27838134765625,1787959995],[123.820617,10.358584,197.4149169921875,1787959996],[123.82075,10.358700000000001,199.634033203125,1787960012],[123.82076000000001,10.358706,200.0302734375,1787960013],[123.82092400000001,10.358796999999999,201.8017578125,1787960029],[123.82093399999999,10.358801,201.8287353515625,1787960030],[123.820987,10.358819,202.5968017578125,1787960035],[123.821084,10.358876,203.0125732421875,1787960046],[123.821094,10.358881,202.8153076171875,1787960047],[123.82125499999999,10.358965,201.74853515625,1787960063],[123.821264,10.358973000000001,201.5115966796875,1787960064],[123.821442,10.359056000000001,200.693359375,1787960080],[123.82145300000001,10.359061000000001,200.48974609375,1787960081],[123.821506,10.359093,200.685302734375,1787960086],[123.82158,10.359109,200.8656005859375,1787960092],[123.821634,10.359135,201.01708984375,1787960097],[123.821645,10.359142,200.95928955078125,1787960098],[123.821821,10.359225,200.597412109375,1787960114],[123.821832,10.359230999999999,200.6256103515625,1787960115],[123.821901,10.359264,200.35101318359375,1787960122],[123.82196399999999,10.359337,201.3333740234375,1787960131],[123.821971,10.359344999999999,201.222900390625,1787960132],[123.82199900000001,10.35937,200.58349609375,1787960135],[123.822046,10.359392,200.2628173828125,1787960142],[123.82212800000001,10.359469000000001,200.9442138671875,1787960151],[123.822136,10.359475,200.94677734375,1787960152],[123.822311,10.359565999999999,200.88232421875,1787960168],[123.822321,10.359574,200.941162109375,1787960169],[123.82239800000001,10.359622999999999,200.58990478515625,1787960176],[123.82250000000001,10.359657,200.10308837890625,1787960185],[123.822514,10.359657,199.7431640625,1787960186],[123.82262,10.359639,201.0906982421875,1787960195],[123.822701,10.359636,202.0322265625,1787960202],[123.82271299999999,10.359635000000001,202.3018798828125,1787960203],[123.822902,10.359624,204.18560791015625,1787960221],[123.822914,10.359622,203.9525146484375,1787960222],[123.82311799999999,10.359594,204.7264404296875,1787960238],[123.82313000000001,10.359590000000001,204.8724365234375,1787960239],[123.823187,10.359572,205.746337890625,1787960244],[123.82331000000001,10.359508,206.466796875,1787960255],[123.82332100000001,10.359501,206.59368896484375,1787960256],[123.823448,10.359344999999999,207.3128662109375,1787960272],[123.82345599999999,10.359337,207.4442138671875,1787960273],[123.82351,10.359273999999999,208.64801025390625,1787960280],[123.823589,10.359213,207.32952880859375,1787960289],[123.82359700000001,10.359204999999999,207.22979736328125,1787960290],[123.82368,10.359144000000001,206.7276611328125,1787960299],[123.82374799999999,10.359109999999999,204.36871337890625,1787960305],[123.823758,10.359104,204.2200927734375,1787960306],[123.823933,10.359021,204.98309326171875,1787960322],[123.82394499999999,10.359017,205.1522216796875,1787960323],[123.824006,10.359,205.01123046875,1787960328],[123.824139,10.35899,205.552734375,1787960339],[123.82415,10.358988,205.63348388671875,1787960340],[123.824275,10.358981,204.852783203125,1787960351],[123.82433,10.35899,203.68182373046875,1787960356],[123.824341,10.358993,203.0821533203125,1787960357],[123.824388,10.359016,203.44671630859375,1787960362],[123.824493,10.359092,203.0096435546875,1787960373],[123.82450300000001,10.359099000000001,203.2210693359375,1787960374],[123.824592,10.359156,202.205322265625,1787960383],[123.824654,10.359211,200.8121337890625,1787960390],[123.824664,10.359216999999999,200.312744140625,1787960391],[123.824727,10.359251,202.0018310546875,1787960407],[123.82480700000001,10.359337,200.54791259765625,1787960416],[123.824815,10.359346,200.6126708984375,1787960417],[123.824941,10.359479,199.61151123046875,1787960433],[123.82494800000001,10.359488000000001,199.7744140625,1787960434],[123.82499300000001,10.359532,199.97088623046875,1787960439],[123.825067,10.359634,202.56732177734375,1787960450],[123.825074,10.359643,203.087890625,1787960451],[123.825164,10.359795999999999,204.87811279296875,1787960467],[123.82516699999999,10.359805,204.8475341796875,1787960468],[123.825205,10.359989000000001,205.458740234375,1787960485],[123.825208,10.360004999999999,204.6519775390625,1787960486],[123.825225,10.360124000000001,203.2371826171875,1787960495],[123.82524600000001,10.36018,203.41802978515625,1787960500],[123.825249,10.360192,203.38067626953125,1787960501],[123.825272,10.360268,205.2239990234375,1787960508],[123.82527,10.360379999999999,204.93182373046875,1787960517],[123.825272,10.360395,204.6280517578125,1787960518],[123.82527899999999,10.360479,204.0233154296875,1787960524],[123.825295,10.360536,203.7239990234375,1787960528],[123.82529599999999,10.360549000000001,203.63238525390625,1787960529],[123.825271,10.360732,203.650390625,1787960544],[123.825271,10.360742,203.91485595703125,1787960545],[123.825249,10.360906999999999,203.68475341796875,1787960558],[123.825248,10.360922,203.5078125,1787960559],[123.825242,10.361086,202.0760498046875,1787960572],[123.82524100000001,10.361098999999999,202.0196533203125,1787960573],[123.825221,10.36129,202.9425048828125,1787960589],[123.82522,10.361302,202.8145751953125,1787960590],[123.82519600000001,10.361489000000001,203.040283203125,1787960606],[123.82519499999999,10.361502,202.864501953125,1787960607],[123.82521,10.361568999999999,202.4708251953125,1787960612],[123.825226,10.361592999999999,201.9918212890625,1787960614],[123.825249,10.361601,201.79833984375,1787960616],[123.825273,10.361585,201.6812744140625,1787960619],[123.82527899999999,10.361578,201.8148193359375,1787960620],[123.825311,10.361544,202.81439208984375,1787960641],[123.82535300000001,10.361435999999999,205.215087890625,1787960652],[123.825356,10.361425000000001,205.27972412109375,1787960653],[123.82539800000001,10.361324,205.9512939453125,1787960664],[123.82543099999999,10.361276999999999,205.27459716796875,1787960669],[123.825441,10.361269,205.39544677734375,1787960670],[123.825579,10.361159000000001,208.41815185546875,1787960686],[123.82558899999999,10.361154000000001,208.64703369140625,1787960687],[123.82573600000001,10.361088000000001,212.36981201171875,1787960703],[123.825744,10.361084,212.33056640625,1787960704],[123.82584900000001,10.361034999999999,213.75689697265625,1787960716],[123.825878,10.360996,215.524169921875,1787960721],[123.82588199999999,10.360986,215.6058349609375,1787960722],[123.82592099999999,10.360815000000001,219.1114501953125,1787960741],[123.82592099999999,10.360804999999999,219.09576416015625,1787960742],[123.82594899999999,10.360626999999999,221.50250244140625,1787960762],[123.825947,10.360618000000001,221.658447265625,1787960763],[123.825968,10.360509,224.04937744140625,1787960776],[123.825999,10.360436,225.5240478515625,1787960785],[123.826002,10.360426,225.49859619140625,1787960786],[123.82599399999999,10.360352000000001,226.483154296875,1787960793],[123.82593900000001,10.360265999999999,227.584228515625,1787960802],[123.82593300000001,10.360257000000001,227.7523193359375,1787960803],[123.82588800000001,10.360143000000001,230.4881591796875,1787960815],[123.825889,10.360096,231.39019775390625,1787960820],[123.82589,10.360086000000001,231.4283447265625,1787960821],[123.8259,10.359928,233.6097412109375,1787960837],[123.825901,10.359916999999999,233.6944580078125,1787960838],[123.825951,10.359754000000001,234.4892578125,1787960854],[123.825954,10.359743999999999,234.5374755859375,1787960855],[123.82599999999999,10.359576000000001,235.5924072265625,1787960871],[123.826002,10.359565999999999,235.616455078125,1787960872],[123.82604000000001,10.359406999999999,236.4375,1787960888],[123.826042,10.359398000000001,236.5091552734375,1787960889],[123.826042,10.359235,238.3092041015625,1787960905],[123.826043,10.359223999999999,238.5882568359375,1787960906],[123.82604499999999,10.359062,241.962646484375,1787960922],[123.826047,10.359052,242.08587646484375,1787960923],[123.826059,10.358886,243.90234375,1787960939],[123.82606,10.358876,243.83203125,1787960940],[123.826047,10.358701,243.89208984375,1787960962],[123.826047,10.358689,243.9974365234375,1787960963],[123.82604000000001,10.358629000000001,243.7357177734375,1787960968],[123.82599500000001,10.358514,243.99114990234375,1787960979],[123.825992,10.358504,244.1849365234375,1787960980],[123.825986,10.358454999999999,245.00146484375,1787960985],[123.826019,10.358352999999999,246.416259765625,1787960996],[123.826024,10.358345,246.5511474609375,1787960997],[123.82608,10.358252999999999,246.8961181640625,1787961008],[123.82611300000001,10.358219,247.8795166015625,1787961013],[123.826121,10.358214,247.99285888671875,1787961014],[123.826194,10.358169999999999,249.67987060546875,1787961024],[123.826292,10.358131999999999,253.11383056640625,1787961037],[123.826301,10.358129,253.59002685546875,1787961038],[123.826339,10.358104000000001,253.9520263671875,1787961043],[123.826348,10.358085000000001,254.07330322265625,1787961045],[123.826351,10.358059000000001,253.6781005859375,1787961049],[123.826336,10.358041999999999,253.9708251953125,1787961052],[123.82633300000001,10.357989,255.2794189453125,1787961059],[123.826334,10.357983000000001,255.3992919921875,1787961060],[123.826337,10.357936,255.76123046875,1787961068],[123.826357,10.357870999999999,255.97760009765625,1787961080],[123.826357,10.357849,255.4046630859375,1787961082],[123.826336,10.357828,255.209228515625,1787961085],[123.826334,10.35782,255.3077392578125,1787961086],[123.826351,10.357791000000001,255.87841796875,1787961090],[123.82635399999999,10.357766,256.62225341796875,1787961093],[123.826342,10.357742,257.3734130859375,1787961096],[123.826351,10.357668,261.782470703125,1787961108],[123.826369,10.357639000000001,263.082763671875,1787961113],[123.826375,10.357633999999999,263.14599609375,1787961114],[123.82637699999999,10.357604,263.8331298828125,1787961118],[123.826357,10.357592,262.54150390625,1787961124],[123.826342,10.357494000000001,262.78717041015625,1787961137],[123.826357,10.357467,264.937255859375,1787961149],[123.82636100000001,10.357466000000001,264.998779296875,1787961150],[123.82644500000001,10.357421,267.4383544921875,1787961164],[123.82649600000001,10.357419999999999,268.31768798828125,1787961183],[123.826514,10.357393999999999,270.0555419921875,1787961187],[123.826517,10.357392000000001,270.208984375,1787961188],[123.826534,10.35737,271.9981689453125,1787961194],[123.826534,10.357297000000001,274.6439208984375,1787961213],[123.82656900000001,10.357265,274.34136962890625,1787961229],[123.826566,10.357231000000001,275.28753662109375,1787961235],[123.826567,10.357225,275.50054931640625,1787961236],[123.826567,10.357194,277.093994140625,1787961241],[123.826553,10.357176000000001,277.6158447265625,1787961245],[123.82655200000001,10.357149,279.01611328125,1787961250],[123.82651199999999,10.357115,284.0655517578125,1787961260],[123.826515,10.357089,284.9453125,1787961269],[123.826544,10.357077,284.56689453125,1787961274],[123.826549,10.357073,284.3643798828125,1787961275],[123.826562,10.357044999999999,283.6754150390625,1787961346],[123.826532,10.356983,286.9395751953125,1787961362],[123.82647,10.356942999999999,287.837646484375,1787961373],[123.82647,10.356938,288.157470703125,1787961374],[123.82643899999999,10.356901000000001,289.58978271484375,1787961382],[123.826431,10.356877000000001,290.975830078125,1787961387],[123.826441,10.356826999999999,292.52508544921875,1787961414],[123.826432,10.356776,293.14324951171875,1787961422],[123.82642199999999,10.356773,293.247314453125,1787961423],[123.82639899999999,10.356757,294.6583251953125,1787961435],[123.826391,10.356681999999999,297.8165283203125,1787961474],[123.826401,10.356631999999999,299.789794921875,1787961483],[123.826381,10.356609000000001,299.3758544921875,1787961494],[123.826379,10.356607,299.36505126953125,1787961495],[123.82635999999999,10.356585000000001,299.77691650390625,1787961499],[123.826286,10.356566000000001,303.59735107421875,1787961583],[123.826261,10.356571000000001,303.4317626953125,1787961757],[123.826245,10.356548999999999,304.8961181640625,1787961988],[123.82626500000001,10.356529999999999,305.8204345703125,1787962006],[123.826261,10.356406,311.8824462890625,1787962059],[123.826227,10.356363999999999,313.8929443359375,1787962090],[123.82622499999999,10.356365,313.7333984375,1787962091],[123.826201,10.35636,313.8331298828125,1787962344],[123.82616,10.356327,317.1395263671875,1787962362],[123.826134,10.35633,318.5494384765625,1787962369],[123.826108,10.356320999999999,320.7471923828125,1787962380],[123.82607400000001,10.356278,324.29443359375,1787962463],[123.82607,10.356275999999999,324.4676513671875,1787962464],[123.826044,10.356261999999999,326.507568359375,1787962475],[123.82602300000001,10.356215000000001,327.9525146484375,1787962620],[123.82599999999999,10.356204,328.6136474609375,1787962658],[123.825957,10.356139000000001,331.7354736328125,1787962671],[123.825954,10.356138,331.6732177734375,1787962672],[123.82596700000001,10.356161,329.434326171875,1787962683],[123.82599,10.356172000000001,329.1114501953125,1787962688],[123.825911,10.356085,332.877197265625,1787962718],[123.825906,10.35608,333.1300048828125,1787962719],[123.82588,10.356059999999999,333.2506103515625,1787962725],[123.825883,10.356033,334.644287109375,1787962755],[123.825855,10.355964,335.33642578125,1787962866],[123.825845,10.355905,336.433349609375,1787962875],[123.82584300000001,10.355899000000001,336.5687255859375,1787962876],[123.82583700000001,10.355866000000001,335.9747314453125,1787962880],[123.82589900000001,10.355767,336.14501953125,1787962917],[123.825903,10.355797000000001,335.985107421875,1787963004],[123.825901,10.355807,335.79644775390625,1787963005],[123.82586999999999,10.355840000000001,336.3583984375,1787963010],[123.825851,10.355847000000001,335.6727294921875,1787963012],[123.825783,10.355777,336.72857666015625,1787963024],[123.825778,10.355772999999999,336.77581787109375,1787963025],[123.82579,10.355751,336.671630859375,1787963038],[123.825785,10.355772999999999,336.4857177734375,1787963045],[123.825722,10.35577,336.1993408203125,1787963060],[123.825672,10.355756,337.52587890625,1787963065],[123.825665,10.355751,337.5989990234375,1787963066],[123.82565700000001,10.35575,337.7061767578125,1787963067],[123.825695,10.355769,337.13153076171875,1787963074],[123.825754,10.355774,336.8389892578125,1787963080],[123.8257,10.355769,338.05615234375,1787963094],[123.825692,10.355769,338.01025390625,1787963095],[123.825613,10.355748999999999,338.447021484375,1787963105],[123.825508,10.355748,342.2830810546875,1787963141],[123.825501,10.355745000000001,342.26153564453125,1787963142],[123.825377,10.355726000000001,344.3377685546875,1787963175],[123.825326,10.355703999999999,345.590576171875,1787963182],[123.825318,10.355702000000001,345.63067626953125,1787963183],[123.82527,10.355669000000001,347.0496826171875,1787963193],[123.82524600000001,10.355622,347.295166015625,1787963303],[123.825192,10.35557,350.16851806640625,1787963319],[123.825191,10.355568,350.22900390625,1787963320],[123.825157,10.355535,350.9344482421875,1787963390],[123.825147,10.355510000000001,351.3189697265625,1787963394],[123.82517300000001,10.355407,353.926513671875,1787963414],[123.825175,10.355399999999999,354.19610595703125,1787963415],[123.825177,10.355368,355.34637451171875,1787963420],[123.825239,10.355245999999999,353.810791015625,1787963437],[123.825244,10.35524,353.71514892578125,1787963438],[123.825287,10.355200999999999,352.0452880859375,1787963453],[123.825345,10.355092000000001,349.7218017578125,1787963474],[123.82534200000001,10.355085000000001,349.70166015625,1787963475],[123.825351,10.355055,351.58099365234375,1787963482],[123.82532399999999,10.355017999999999,351.42950439453125,1787963491],[123.8253,10.355008,351.783447265625,1787963496],[123.82527399999999,10.355012,352.16790771484375,1787963502],[123.825253,10.354996999999999,354.0120849609375,1787963510],[123.825239,10.354969000000001,357.65521240234375,1787963528],[123.825239,10.354964000000001,357.6075439453125,1787963529],[123.82513,10.354818,362.99078369140625,1787963562],[123.825125,10.354813999999999,363.11639404296875,1787963563],[123.825067,10.354706999999999,363.6597900390625,1787963644],[123.825076,10.354651,363.750244140625,1787963652],[123.825076,10.354644,363.9072265625,1787963653],[123.82507200000001,10.354464999999999,367.73291015625,1787963688],[123.825073,10.354459,368.125244140625,1787963689],[123.825063,10.354407999999999,369.1964111328125,1787963698],[123.825076,10.354391,369.544921875,1787963701],[123.82508900000001,10.354296,372.0673828125,1787963747],[123.82508799999999,10.354291999999999,372.197265625,1787963748],[123.82506600000001,10.354189999999999,374.6485595703125,1787963771],[123.825062,10.354113,376.01507568359375,1787963784],[123.825064,10.354107000000001,375.982666015625,1787963785],[123.825058,10.354001999999999,378.9454345703125,1787963808],[123.825039,10.35392,381.5799560546875,1787963829],[123.825036,10.353916,381.67645263671875,1787963830],[123.82501600000001,10.353861999999999,383.85693359375,1787963843],[123.825013,10.353792,384.73974609375,1787963918],[123.824995,10.35374,386.635009765625,1787963928],[123.82499,10.353736,386.57696533203125,1787963929],[123.824901,10.35369,389.7718505859375,1787963946],[123.82488499999999,10.353669,390.86651611328125,1787963951],[123.824871,10.353616000000001,391.6627197265625,1787964045],[123.824872,10.353609000000001,391.839599609375,1787964046],[123.824867,10.353581,392.972412109375,1787964051],[123.82483999999999,10.353541999999999,394.1968994140625,1787964060],[123.82483000000001,10.353495000000001,396.590087890625,1787964069],[123.824849,10.353443,398.5811767578125,1787964081],[123.824848,10.353440000000001,398.7850341796875,1787964082],[123.824836,10.353365999999999,402.17596435546875,1787964199],[123.824848,10.353292,405.85125732421875,1787964219],[123.824839,10.353266,407.2349853515625,1787964226],[123.824837,10.353261,407.43603515625,1787964227],[123.824851,10.353232,408.6207275390625,1787964365],[123.824837,10.353178,410.2044677734375,1787964524],[123.82483499999999,10.353172000000001,410.379638671875,1787964525],[123.82485,10.353121,411.5594482421875,1787964534],[123.824845,10.353076,412.7664794921875,1787964541],[123.82486299999999,10.353004,414.65606689453125,1787964602],[123.824862,10.352997,414.59478759765625,1787964603],[123.824861,10.352944000000001,415.1787109375,1787964611],[123.824884,10.352872,417.14404296875,1787964625],[123.824924,10.35284,418.1695556640625,1787964633],[123.824929,10.352836,418.2528076171875,1787964634],[123.82496,10.352741999999999,421.378662109375,1787964651],[123.824921,10.352672,424.7086181640625,1787964667],[123.82491899999999,10.352669000000001,424.8636474609375,1787964668],[123.824866,10.352491000000001,430.384521484375,1787964795],[123.824866,10.352485,430.644775390625,1787964796],[123.82494199999999,10.352351000000001,436.5775146484375,1787964839],[123.824933,10.352323,438.01318359375,1787964846],[123.824932,10.352318,438.09075927734375,1787964847],[123.82492000000001,10.352264999999999,439.83984375,1787964858],[123.82484700000001,10.352205,439.76702880859375,1787964879],[123.824851,10.352174,440.9329833984375,1787964884],[123.82485200000001,10.352171999999999,440.9727783203125,1787964885],[123.824838,10.352129,440.23681640625,1787964918],[123.824776,10.352088,440.5921630859375,1787964931],[123.82475599999999,10.352034,439.43048095703125,1787964942],[123.824754,10.352028000000001,439.29864501953125,1787964943],[123.824703,10.351943,437.03082275390625,1787964960],[123.824687,10.351895000000001,435.99560546875,1787964968],[123.824692,10.351863,436.343994140625,1787964973],[123.82469399999999,10.351858,436.21954345703125,1787964974],[123.824701,10.351777,436.6884765625,1787964999],[123.824673,10.351739999999999,437.97998046875,1787965012],[123.82462700000001,10.351711999999999,439.6396484375,1787965020],[123.824624,10.351710000000001,439.9061279296875,1787965021],[123.824603,10.351689,440.3057861328125,1787965026],[123.824528,10.351668999999999,440.299560546875,1787965040],[123.824462,10.351623,441.4632568359375,1787965065],[123.824459,10.351616,441.58111572265625,1787965066],[123.824472,10.351514999999999,441.9681396484375,1787965080],[123.82449800000001,10.351442,443.53375244140625,1787965093],[123.8245,10.351438999999999,444.1729736328125,1787965094],[123.82452000000001,10.351388,445.8917236328125,1787965102],[123.824549,10.351350999999999,445.501708984375,1787965109],[123.824547,10.351327,445.3153076171875,1787965112],[123.82453099999999,10.351312,445.0736083984375,1787965116],[123.824516,10.351336999999999,448.64898681640625,1787965122],[123.824512,10.351347000000001,449.2757568359375,1787965123],[123.82446899999999,10.351381,452.75372314453125,1787965132],[123.824398,10.351393,453.183837890625,1787965144],[123.824377,10.351385000000001,453.7862548828125,1787965147],[123.824348,10.351398,454.393310546875,1787965152],[123.824343,10.351399000000001,454.48492431640625,1787965153],[123.82426599999999,10.351412,456.73699951171875,1787965172],[123.824217,10.351395999999999,457.88458251953125,1787965183],[123.824168,10.351414,457.3521728515625,1787965206],[123.824163,10.351412,457.1998291015625,1787965207],[123.82408599999999,10.351395,459.64111328125,1787965222],[123.824033,10.351395999999999,461.7926025390625,1787965233],[123.823982,10.351380000000001,463.21435546875,1787965244],[123.82397400000001,10.351380000000001,463.10919189453125,1787965245],[123.82392,10.351392000000001,464.99627685546875,1787965257],[123.82387,10.351383,466.77117919921875,1787965267],[123.823826,10.351352,468.4447021484375,1787965278],[123.82379899999999,10.351357999999999,469.287841796875,1787965284],[123.82379400000001,10.351354000000001,468.85693359375,1787965285],[123.82375500000001,10.351300999999999,467.9622802734375,1787965369],[123.823751,10.35125,469.0025634765625,1787965378],[123.823728,10.351235000000001,470.29638671875,1787965385],[123.82373,10.351205999999999,470.254150390625,1787965395],[123.82373,10.351203,470.26171875,1787965396],[123.823753,10.351183000000001,471.57568359375,1787965404],[123.823769,10.351134,475.2763671875,1787965426],[123.823841,10.351063,479.3555908203125,1787965554],[123.823842,10.351058,479.524658203125,1787965555],[123.82385600000001,10.351032999999999,483.637451171875,1787965628],[123.823882,10.351025999999999,484.4998779296875,1787965640],[123.823905,10.350984,486.09375,1787965654],[123.823925,10.350968,487.707275390625,1787965684],[123.823939,10.350913,492.361083984375,1787965701],[123.823937,10.350910000000001,492.894775390625,1787965702],[123.823954,10.350861999999999,497.9150390625,1787965720],[123.82394600000001,10.350838,496.7890625,1787965742],[123.82395099999999,10.350813,497.02099609375,1787965746],[123.82397400000001,10.350803000000001,498.9622802734375,1787965752],[123.823978,10.350744000000001,500.4674072265625,1787965761],[123.823976,10.350742,501.39404296875,1787965762],[123.823971,10.350718000000001,504.617431640625,1787965769],[123.823982,10.350695999999999,505.146728515625,1787965774],[123.823999,10.350676,505.029541015625,1787965779],[123.82402,10.350669,504.81884765625,1787965783],[123.824046,10.350626,505.906982421875,1787965797],[123.82405199999999,10.350595999999999,506.857666015625,1787965802],[123.82405300000001,10.350591,506.6114501953125,1787965803],[123.82407499999999,10.350543,507.4287109375,1787965819],[123.82408100000001,10.350467,512.57080078125,1787965877],[123.824073,10.350415999999999,513.856201171875,1787965889],[123.82407000000001,10.350410999999999,513.8226318359375,1787965890],[123.824049,10.350336,515.311279296875,1787965907],[123.82405300000001,10.350234,517.4296875,1787965929],[123.82405199999999,10.350229000000001,517.45703125,1787965930],[123.82404099999999,10.350047,522.127197265625,1787965995],[123.82404099999999,10.350040999999999,522.38427734375,1787965996],[123.824048,10.349911000000001,527.066162109375,1787966026],[123.824033,10.349857,528.21435546875,1787966037],[123.824033,10.349850999999999,528.548583984375,1787966038],[123.82404200000001,10.349819,528.884521484375,1787966044],[123.824029,10.349772,529.7879638671875,1787966053],[123.824003,10.349731,531.048828125,1787966063],[123.824001,10.349676000000001,532.150390625,1787966079],[123.824004,10.34967,532.1585693359375,1787966080],[123.82402,10.349497,535.354736328125,1787966108],[123.824021,10.349491,535.256103515625,1787966109],[123.824038,10.349392,536.505126953125,1787966135],[123.82402999999999,10.34937,537.868896484375,1787966245],[123.824048,10.349322000000001,538.197265625,1787966274],[123.824044,10.349318,538.0260009765625,1787966275],[123.824015,10.349302,538.7200927734375,1787966290],[123.824015,10.349277000000001,538.881591796875,1787966294],[123.82403100000001,10.349173,543.6365966796875,1787966370],[123.824045,10.349145999999999,545.083984375,1787966384],[123.824049,10.349144000000001,545.4290771484375,1787966385],[123.82405900000001,10.349114,546.095947265625,1787966393],[123.824032,10.349116,545.9637451171875,1787966417],[123.82404200000001,10.349138999999999,543.867431640625,1787966432],[123.824056,10.349116,545.4766845703125,1787966444],[123.824129,10.349097,548.142333984375,1787966455],[123.824135,10.349093999999999,548.42822265625,1787966456],[123.824141,10.34909,548.487548828125,1787966457],[123.824051,10.349125000000001,546.842529296875,1787966477],[123.824128,10.349100999999999,547.85009765625,1787966497],[123.824134,10.349098,547.941650390625,1787966498],[123.824198,10.349061000000001,549.8505859375,1787966508],[123.824223,10.349057,551.3134765625,1787966514],[123.824231,10.349078,551.90673828125,1787966517],[123.824226,10.349100999999999,552.1810302734375,1787966520],[123.82423900000001,10.349074,551.322265625,1787966537],[123.824241,10.349068000000001,551.4345703125,1787966538],[123.82428299999999,10.349004000000001,551.238525390625,1787966548],[123.824337,10.348964,550.97314453125,1787966557],[123.824365,10.348955999999999,550.208984375,1787966561],[123.824371,10.348951,550.032470703125,1787966562],[123.824417,10.348935000000001,548.7518310546875,1787966569],[123.82447000000001,10.348929999999999,548.365234375,1787966575],[123.82454,10.3489,547.659912109375,1787966585],[123.824544,10.348902000000001,547.5947265625,1787966586],[123.824529,10.348924,548.71875,1787966606],[123.82463199999999,10.348858,547.3563232421875,1787966627],[123.824614,10.348881,546.93359375,1787966634],[123.824606,10.348884999999999,547.0667724609375,1787966635],[123.824557,10.348913,548.10302734375,1787966642],[123.824654,10.348829,546.1690673828125,1787966685],[123.82465999999999,10.348822999999999,545.9669189453125,1787966686],[123.82471200000001,10.348762000000001,544.269287109375,1787966695],[123.824786,10.348706,542.016845703125,1787966730],[123.82478999999999,10.348701,541.805419921875,1787966731],[123.824884,10.348561999999999,540.361328125,1787966750],[123.824889,10.348554,540.430419921875,1787966751],[123.82490799999999,10.348508000000001,539.240478515625,1787966756],[123.824945,10.348457,538.688232421875,1787966771],[123.82498699999999,10.348420000000001,538.064697265625,1787966777],[123.82499300000001,10.348413000000001,537.9146728515625,1787966778],[123.82507099999999,10.348342000000001,537.3642578125,1787966852],[123.82511,10.348288,537.085693359375,1787966859],[123.825115,10.348279,537.1044921875,1787966860],[123.825198,10.348146,535.273681640625,1787966915],[123.825205,10.348138000000001,535.277587890625,1787966916],[123.82532999999999,10.348027999999999,534.110107421875,1787966932],[123.825338,10.348022,534.1953125,1787966933],[123.825408,10.34802,532.81005859375,1787966961],[123.82549299999999,10.347989999999999,531.638916015625,1787966971],[123.825502,10.347985,531.400634765625,1787966972],[123.82560599999999,10.347911,531.5947265625,1787967029],[123.825616,10.347887,531.15380859375,1787967032],[123.825649,10.34787,531.2611083984375,1787967035],[123.825659,10.347866,531.244140625,1787967036],[123.825689,10.347858,531.695556640625,1787967039],[123.82564600000001,10.347868,531.9794921875,1787967053],[123.825664,10.347854999999999,532.218994140625,1787967084],[123.82568999999999,10.347854999999999,532.1185302734375,1787967097],[123.825705,10.347835999999999,533.767578125,1787967149],[123.825731,10.347828,533.1876220703125,1787967196],[123.825734,10.347829000000001,533.1357421875,1787967197],[123.825712,10.347835999999999,532.86865234375,1787967216],[123.82574,10.347834000000001,533.712646484375,1787967248],[123.825779,10.347854999999999,534.57861328125,1787967264],[123.825855,10.347868,535.091796875,1787967276],[123.825858,10.347867000000001,535.117919921875,1787967277],[123.82588800000001,10.347859,534.25830078125,1787967286],[123.8259,10.347841000000001,533.8040771484375,1787967289],[123.825941,10.34773,532.946533203125,1787967301],[123.82594400000001,10.347721,532.9053955078125,1787967302],[123.825979,10.347674,532.434326171875,1787967308],[123.82604499999999,10.347661,531.7235107421875,1787967315],[123.826026,10.347652,532.246337890625,1787967319],[123.825996,10.347663000000001,533.058837890625,1787967331],[123.82599,10.347671,532.9254150390625,1787967332],[123.82598400000001,10.347678,533.028076171875,1787967333],[123.826026,10.347662,532.232177734375,1787967339],[123.826072,10.347669,531.7073974609375,1787967344],[123.82612899999999,10.347723999999999,531.8492431640625,1787967352],[123.82613600000001,10.34773,531.74609375,1787967353],[123.826139,10.347735999999999,531.7943115234375,1787967354],[123.826072,10.347681,532.176513671875,1787967362],[123.826007,10.347655,532.2230224609375,1787967370],[123.826009,10.347648,531.98681640625,1787967371],[123.826072,10.347675000000001,531.520751953125,1787967380],[123.826137,10.34773,531.746826171875,1787967389],[123.82614599999999,10.347735999999999,531.710693359375,1787967390],[123.82625299999999,10.347784000000001,532.3934326171875,1787967401],[123.826305,10.347785,532.333251953125,1787967406],[123.82631600000001,10.347785,532.3779296875,1787967407],[123.826412,10.347797999999999,531.8204345703125,1787967416],[123.826487,10.347827000000001,531.7489013671875,1787967423],[123.826497,10.347832,531.90576171875,1787967424],[123.826542,10.347864,531.219970703125,1787967429],[123.826589,10.347875,531.2271728515625,1787967433],[123.826657,10.347910000000001,531.372314453125,1787967440],[123.826668,10.347913,531.3717041015625,1787967441],[123.826724,10.347927,531.340087890625,1787967446],[123.826774,10.347923,531.7261962890625,1787967450],[123.826837,10.347878,530.43359375,1787967457],[123.82684399999999,10.347871,530.423583984375,1787967458],[123.826933,10.347796000000001,529.755859375,1787967469],[123.826956,10.347751000000001,529.74951171875,1787967476],[123.82696,10.34774,529.883544921875,1787967477],[123.826981,10.347713000000001,529.483642578125,1787967480],[123.827018,10.347695,528.676025390625,1787967484],[123.82703100000001,10.347674,528.4520263671875,1787967487],[123.82703600000001,10.347697999999999,528.81298828125,1787967505],[123.827082,10.347716,528.8800048828125,1787967510],[123.82709199999999,10.347720000000001,528.914306640625,1787967511],[123.827179,10.347761,529.7257080078125,1787967520],[123.827247,10.347770000000001,530.5089111328125,1787967527],[123.827257,10.347766999999999,530.3941650390625,1787967528],[123.827307,10.347744,530.548583984375,1787967533],[123.827397,10.347662,529.2236328125,1787967553],[123.827404,10.347654,529.12353515625,1787967554],[123.82749200000001,10.347586,528.0162353515625,1787967565],[123.827539,10.347564,527.798095703125,1787967570],[123.827549,10.34756,527.746826171875,1787967571],[123.827675,10.347521,523.8177490234375,1787967584],[123.827699,10.347496,523.64892578125,1787967587],[123.827708,10.347490000000001,523.436767578125,1787967588],[123.827766,10.347441999999999,523.735107421875,1787967607],[123.827803,10.347426,523.506103515625,1787967611],[123.827856,10.347436,524.3819580078125,1787967620],[123.827865,10.347440000000001,524.370849609375,1787967621],[123.82791,10.347473000000001,523.715576171875,1787967628],[123.827952,10.347578,521.752685546875,1787967640],[123.82795299999999,10.347588,521.2781982421875,1787967641],[123.82796,10.347643,520.8233642578125,1787967646],[123.82799900000001,10.347747,521.02099609375,1787967657],[123.828003,10.347756,521.1722412109375,1787967658],[123.828045,10.347837,521.2109375,1787967667],[123.82810600000001,10.347879000000001,522.25390625,1787967674],[123.82811599999999,10.347882,522.182861328125,1787967675],[123.828232,10.347918999999999,522.046875,1787967686],[123.82828499999999,10.347925999999999,522.25048828125,1787967691],[123.828295,10.347925999999999,522.349365234375,1787967692],[123.828411,10.347920999999999,521.4984130859375,1787967703],[123.82846000000001,10.347943000000001,521.214111328125,1787967708],[123.828469,10.347947,521.40380859375,1787967709],[123.828543,10.347969000000001,520.2474365234375,1787967717],[123.828553,10.347991,519.7130126953125,1787967810],[123.828625,10.348020999999999,517.9669189453125,1787967834],[123.82863399999999,10.348027999999999,517.8798828125,1787967835],[123.828687,10.348084,517.9501953125,1787967842],[123.828765,10.348145000000001,517.4820556640625,1787967904],[123.828773,10.348148,517.410400390625,1787967905],[123.828839,10.348157,515.894775390625,1787967912],[123.828919,10.348114000000001,514.6951904296875,1787967921],[123.828928,10.348108,514.3310546875,1787967922],[123.82906699999999,10.348027999999999,511.47998046875,1787967939],[123.829075,10.348026000000001,511.4222412109375,1787967940],[123.82919200000001,10.348023,510.989990234375,1787967957],[123.82923599999999,10.347993000000001,510.750244140625,1787967963],[123.82924300000001,10.347989999999999,510.69677734375,1787967964],[123.829328,10.347949,509.380615234375,1787967973],[123.82937699999999,10.347894999999999,508.6544189453125,1787967981],[123.82938,10.347886000000001,508.5594482421875,1787967982],[123.82940499999999,10.347842999999999,506.423828125,1787967987],[123.829498,10.347763,504.656005859375,1787968014],[123.82950599999999,10.347756,504.629638671875,1787968015],[123.82965,10.347699,504.128662109375,1787968031],[123.82965799999999,10.347694000000001,504.0867919921875,1787968032],[123.829724,10.347662,502.9345703125,1787968039],[123.829813,10.347644000000001,502.0185546875,1787968049],[123.829819,10.347638,502.303466796875,1787968050],[123.829902,10.347671999999999,500.717529296875,1787968081],[123.829831,10.347656000000001,502.047607421875,1787968095],[123.829829,10.347652,502.403076171875,1787968096],[123.82985499999999,10.347647,501.8736572265625,1787968102],[123.82990599999999,10.347655,501.2393798828125,1787968112],[123.83000199999999,10.347702,499.272705078125,1787968125],[123.83001,10.347706000000001,499.228759765625,1787968126],[123.83004200000001,10.347719,498.888671875,1787968131],[123.830191,10.34773,494.8076171875,1787968150],[123.830197,10.347732000000001,494.613525390625,1787968151],[123.830226,10.347728,494.27587890625,1787968163],[123.830247,10.347735999999999,493.297119140625,1787968192],[123.83028899999999,10.347715000000001,493.587646484375,1787968196],[123.83031699999999,10.347638999999999,494.27294921875,1787968203],[123.830319,10.347629,494.20263671875,1787968204],[123.83034000000001,10.347493,493.69921875,1787968218],[123.830333,10.347465,492.2691650390625,1787968222],[123.830331,10.347460999999999,492.1348876953125,1787968223],[123.830393,10.347314000000001,491.17724609375,1787968250],[123.83039599999999,10.347306,491.255615234375,1787968251],[123.830395,10.347254,491.0643310546875,1787968257],[123.830423,10.347220999999999,491.57958984375,1787968272],[123.830428,10.347197,491.7188720703125,1787968274],[123.83042500000001,10.347143000000001,492.0380859375,1787968279],[123.83042500000001,10.347134,492.30419921875,1787968280],[123.830427,10.346962,491.386962890625,1787968296],[123.830428,10.346951000000001,491.3428955078125,1787968297],[123.830451,10.346831999999999,492.786865234375,1787968308],[123.830451,10.346780000000001,492.5242919921875,1787968313],[123.830449,10.346771,492.59716796875,1787968314],[123.830423,10.346601,491.277587890625,1787968330],[123.830422,10.346590000000001,491.158935546875,1787968331],[123.830429,10.346424000000001,490.2779541015625,1787968347],[123.83043000000001,10.346413,490.2542724609375,1787968348],[123.83044599999999,10.346336000000001,489.7607421875,1787968359],[123.830488,10.346285,488.69287109375,1787968367],[123.830513,10.346272000000001,488.667724609375,1787968375],[123.83052000000001,10.346265000000001,488.77001953125,1787968376],[123.830579,10.346220000000001,486.36767578125,1787968384],[123.830669,10.346176,485.86767578125,1787968393],[123.830679,10.346169,485.81396484375,1787968394],[123.83075100000001,10.34614,486.2919921875,1787968401],[123.830856,10.346119,486.3524169921875,1787968410],[123.830868,10.346116,486.1959228515625,1787968411],[123.831051,10.346071999999999,486.24462890625,1787968427],[123.831062,10.346071,486.313232421875,1787968428],[123.831155,10.346090999999999,484.78173828125,1787968437],[123.83122,10.346118000000001,484.2359619140625,1787968444],[123.83123000000001,10.346120000000001,484.022216796875,1787968445],[123.831307,10.346143,482.748779296875,1787968454],[123.8314,10.346158000000001,481.259033203125,1787968464],[123.83140899999999,10.346159999999999,480.89208984375,1787968465],[123.831587,10.3462,477.7314453125,1787968485],[123.83159499999999,10.346204999999999,477.3973388671875,1787968486],[123.831687,10.346251000000001,474.64111328125,1787968499],[123.83171400000001,10.346254999999999,473.990478515625,1787968502],[123.83175300000001,10.346284000000001,472.800048828125,1787968507],[123.83175900000001,10.34629,472.60302734375,1787968508],[123.83188199999999,10.346437,469.938720703125,1787968531],[123.83188800000001,10.346443000000001,469.4716796875,1787968532],[123.831953,10.346512000000001,467.512939453125,1787968543],[123.832019,10.346557000000001,465.099609375,1787968554],[123.832024,10.346563,464.831298828125,1787968555],[123.832071,10.346584999999999,462.9586181640625,1787968562],[123.83218599999999,10.34656,461.2623291015625,1787968592],[123.832195,10.346558999999999,461.22076416015625,1787968593],[123.832302,10.346529,458.65380859375,1787968606],[123.83237699999999,10.346482,457.13580322265625,1787968616],[123.832385,10.346477,456.97955322265625,1787968617],[123.832481,10.346420999999999,454.7445068359375,1787968630],[123.83249600000001,10.346401999999999,454.6334228515625,1787968633],[123.832554,10.346386000000001,453.10302734375,1787968640],[123.832566,10.346386000000001,453.2054443359375,1787968641],[123.83273800000001,10.346387999999999,449.312255859375,1787968748],[123.832746,10.346391000000001,449.251220703125,1787968749],[123.832854,10.346424000000001,447.2515869140625,1787968762],[123.83293500000001,10.346429000000001,445.6405029296875,1787968772],[123.832942,10.346429000000001,445.4761962890625,1787968773],[123.83304200000001,10.346413999999999,443.20928955078125,1787968786],[123.833106,10.346373,441.052734375,1787968796],[123.833112,10.346368999999999,440.6531982421875,1787968797],[123.833257,10.346258000000001,435.91680908203125,1787968820],[123.833265,10.346254,435.7080078125,1787968821],[123.833415,10.346213000000001,433.245849609375,1787968837],[123.83342500000001,10.346212,433.1224365234375,1787968838],[123.83358800000001,10.346231,430.56396484375,1787968855],[123.83359799999999,10.346234000000001,430.43402099609375,1787968856],[123.833761,10.346318,426.50909423828125,1787968876],[123.83377,10.346321,426.35693359375,1787968877],[123.833828,10.346325,425.02130126953125,1787968884],[123.833932,10.346257,423.615966796875,1787968899],[123.83394,10.346252,423.5496826171875,1787968900],[123.834082,10.346164999999999,421.206298828125,1787968916],[123.834092,10.346159,421.0362548828125,1787968917],[123.834183,10.346123,419.8909912109375,1787968926],[123.834266,10.346116,419.6785888671875,1787968935],[123.834276,10.346117,419.6883544921875,1787968936],[123.83434699999999,10.346128999999999,418.6414794921875,1787968944],[123.834436,10.346164,416.833251953125,1787968957],[123.834445,10.346169,416.697265625,1787968958],[123.83451599999999,10.346234000000001,414.668212890625,1787968968],[123.834588,10.346270000000001,415.251220703125,1787968975],[123.834599,10.346273999999999,414.96844482421875,1787968976],[123.83467400000001,10.34628,415.20556640625,1787968983],[123.834774,10.346261999999999,416.46142578125,1787968992],[123.834785,10.346259,416.61236572265625,1787968993],[123.834935,10.346209999999999,420.19146728515625,1787969009],[123.834943,10.346206,420.37744140625,1787969010],[123.834971,10.346187,421.840087890625,1787969014],[123.834968,10.346164,422.0880126953125,1787969019],[123.83493,10.346151000000001,421.7744140625,1787969023],[123.834885,10.346092000000001,421.112548828125,1787969030],[123.834879,10.346085,421.0089111328125,1787969031],[123.83483699999999,10.346028,420.7760009765625,1787969038],[123.834819,10.345986,419.9447021484375,1787969047],[123.834782,10.345948,420.17254638671875,1787969052],[123.834774,10.345939,420.06378173828125,1787969053],[123.834726,10.345872,418.80242919921875,1787969060],[123.834647,10.345808999999999,419.6282958984375,1787969069],[123.834637,10.345802000000001,419.72607421875,1787969070],[123.834479,10.345715999999999,421.9168701171875,1787969086],[123.834468,10.345713,421.9415283203125,1787969087],[123.83438700000001,10.345694999999999,422.69866943359375,1787969094],[123.834284,10.345692,423.6368408203125,1787969103],[123.834271,10.345691,423.86907958984375,1787969104],[123.834188,10.345672,423.67291259765625,1787969111],[123.83409399999999,10.345624000000001,422.91259765625,1787969126],[123.834087,10.345599999999999,423.32830810546875,1787969183],[123.83404899999999,10.345568,423.111328125,1787969187],[123.833958,10.345523999999999,423.539306640625,1787969196],[123.83394800000001,10.345516999999999,423.5821533203125,1787969197],[123.833809,10.345428999999999,423.123291015625,1787969210],[123.833772,10.345418,423.3919677734375,1787969213],[123.83376,10.345416,423.3995361328125,1787969214],[123.833674,10.345393,423.218017578125,1787969221],[123.833581,10.345348,423.77587890625,1787969230],[123.83356999999999,10.345344000000001,424.02850341796875,1787969231],[123.83339700000001,10.345253,424.610107421875,1787969247],[123.833387,10.345247000000001,425.03729248046875,1787969248],[123.833201,10.345176,424.1787109375,1787969264],[123.833189,10.345172,424.1207275390625,1787969265],[123.833017,10.345108,423.774658203125,1787969281],[123.833006,10.345103999999999,423.32708740234375,1787969282],[123.83293399999999,10.345074,422.1876220703125,1787969289],[123.832832,10.345055,421.6826171875,1787969298],[123.832821,10.345053,421.4656982421875,1787969299],[123.832633,10.345031000000001,419.41510009765625,1787969315],[123.832622,10.345029,419.4669189453125,1787969316],[123.83242799999999,10.344991,420.4625244140625,1787969332],[123.83241599999999,10.344987,420.37396240234375,1787969333],[123.83230500000001,10.34496,421.50787353515625,1787969342],[123.832227,10.344917000000001,421.92822265625,1787969349],[123.832217,10.34491,422.0635986328125,1787969350],[123.832078,10.344778,423.04638671875,1787969366],[123.832069,10.34477,423.182861328125,1787969367],[123.831993,10.344697,423.7208251953125,1787969376],[123.831946,10.34463,423.12646484375,1787969383],[123.83193900000001,10.344621,423.34088134765625,1787969384],[123.83189299999999,10.344580000000001,423.3863525390625,1787969389],[123.83183200000001,10.3445,423.7230224609375,1787969397],[123.831801,10.344479,423.5264892578125,1787969400],[123.831791,10.344473000000001,423.67974853515625,1787969401],[123.831678,10.344423000000001,423.48486328125,1787969412],[123.83162900000001,10.344390000000001,422.1590576171875,1787969417],[123.83162,10.344382,422.02880859375,1787969418],[123.831551,10.344310999999999,420.54852294921875,1787969427],[123.831518,10.344241999999999,418.85614013671875,1787969434],[123.831514,10.344232,418.7479248046875,1787969435],[123.83148199999999,10.344146,416.953857421875,1787969444],[123.831436,10.344091000000001,416.2420654296875,1787969470],[123.831429,10.344082999999999,416.0947265625,1787969471],[123.83140899999999,10.344055000000001,416.325439453125,1787969474],[123.83145399999999,10.344106999999999,416.389892578125,1787969485],[123.831407,10.344046000000001,414.87506103515625,1787969495],[123.831402,10.344037999999999,414.83343505859375,1787969496],[123.831318,10.343885,414.97320556640625,1787969512],[123.83131400000001,10.343874,414.847900390625,1787969513],[123.831248,10.343767,413.6065673828125,1787969524],[123.8312,10.343726,414.40753173828125,1787969529],[123.831192,10.343717,414.34027099609375,1787969530],[123.831146,10.343641999999999,414.2158203125,1787969537],[123.831109,10.343541999999999,414.1024169921875,1787969546],[123.831104,10.343529999999999,414.0555419921875,1787969547],[123.831079,10.343425,413.77435302734375,1787969556],[123.831047,10.343387999999999,413.5516357421875,1787969560],[123.83101499999999,10.343372,413.58050537109375,1787969563],[123.83100399999999,10.343367000000001,413.1976318359375,1787969564],[123.830944,10.343365,413.7593994140625,1787969569],[123.830877,10.343377,414.9217529296875,1787969575],[123.83081900000001,10.343363999999999,415.7435302734375,1787969580],[123.830806,10.343360000000001,415.57598876953125,1787969581],[123.830668,10.343332,415.4610595703125,1787969592],[123.830614,10.343309,415.4002685546875,1787969597],[123.83060399999999,10.343305000000001,415.4434814453125,1787969598],[123.83051399999999,10.343264,415.46844482421875,1787969607],[123.830455,10.343221,415.23443603515625,1787969614],[123.83044700000001,10.343214,415.23358154296875,1787969615],[123.830411,10.343175,414.38134765625,1787969620],[123.83036300000001,10.343075000000001,412.537109375,1787969631],[123.83035599999999,10.343067,412.24993896484375,1787969632],[123.830337,10.343042000000001,411.4984130859375,1787969635],[123.830321,10.342961000000001,410.073974609375,1787969643],[123.830299,10.342912,409.7818603515625,1787969648],[123.83029399999999,10.342902,409.9093017578125,1787969649],[123.83024399999999,10.342841999999999,409.2916259765625,1787969656],[123.830169,10.342783000000001,409.2818603515625,1787969665],[123.83016000000001,10.342776000000001,409.34124755859375,1787969666],[123.830091,10.342707000000001,407.6768798828125,1787969675],[123.830054,10.342642,406.71380615234375,1787969682],[123.83005,10.342632,406.2984619140625,1787969683],[123.830011,10.342530999999999,404.83740234375,1787969694],[123.830005,10.342478,404.423828125,1787969700],[123.830005,10.342468999999999,404.32061767578125,1787969701],[123.83002999999999,10.342337000000001,402.1993408203125,1787969716],[123.830021,10.342283999999999,401.39990234375,1787969722],[123.83001899999999,10.342275000000001,401.1806640625,1787969723],[123.829987,10.342209,400.28790283203125,1787969730],[123.829953,10.342181999999999,399.83489990234375,1787969734],[123.829899,10.342167999999999,399.27178955078125,1787969739],[123.829888,10.342167,399.12091064453125,1787969740],[123.82979400000001,10.342202,400.5537109375,1787969749],[123.82970899999999,10.342219,401.883544921875,1787969756],[123.82969799999999,10.342219,402.1483154296875,1787969757],[123.82962000000001,10.342231999999999,403.440673828125,1787969764],[123.829516,10.34221,404.35791015625,1787969773],[123.82950700000001,10.342205,404.32470703125,1787969774],[123.82941599999999,10.342161000000001,405.2308349609375,1787969783],[123.829356,10.342110999999999,405.88714599609375,1787969790],[123.829348,10.342103,406.0802001953125,1787969791],[123.82928699999999,10.342055999999999,407.04644775390625,1787969798],[123.829247,10.342007000000001,406.871337890625,1787969806],[123.829217,10.341996,406.85614013671875,1787969809],[123.829205,10.341994,407.137939453125,1787969810],[123.82911199999999,10.341917,407.11083984375,1787969821],[123.82906199999999,10.341896999999999,407.24188232421875,1787969826],[123.829052,10.341894,407.437255859375,1787969827],[123.82902199999999,10.341881000000001,407.79296875,1787969830],[123.828864,10.341856,408.6351318359375,1787969843],[123.828852,10.341851999999999,408.46240234375,1787969844],[123.82866199999999,10.341811,408.0731201171875,1787969860],[123.82865099999999,10.341806999999999,408.10833740234375,1787969861],[123.828558,10.341773,407.491943359375,1787969870],[123.82850000000001,10.341728,406.42578125,1787969877],[123.828491,10.34172,406.378662109375,1787969878],[123.828372,10.341589000000001,403.30712890625,1787969896],[123.82836399999999,10.341581,403.25531005859375,1787969897],[123.82826799999999,10.341511000000001,402.955810546875,1787969908],[123.828214,10.341497,403.5426025390625,1787969913],[123.828202,10.341499000000001,403.530517578125,1787969914],[123.828135,10.341543,403.91064453125,1787969921],[123.82808199999999,10.341621999999999,404.1788330078125,1787969930],[123.82807699999999,10.341631,404.322998046875,1787969931],[123.828014,10.341728,405.99237060546875,1787969942],[123.827975,10.341767000000001,406.5953369140625,1787969947],[123.827967,10.341773999999999,406.6654052734375,1787969948],[123.827848,10.341891,409.02838134765625,1787969964],[123.82784100000001,10.341896999999999,409.0474853515625,1787969965],[123.82771099999999,10.341989,409.05706787109375,1787969981],[123.82769999999999,10.341996,408.9027099609375,1787969982],[123.827563,10.342096,407.86871337890625,1787969998],[123.82755400000001,10.342102000000001,407.658203125,1787969999],[123.827409,10.342202,405.78515625,1787970015],[123.827399,10.342207,405.3157958984375,1787970016],[123.827309,10.342244000000001,404.56622314453125,1787970025],[123.827268,10.342243,404.009521484375,1787970029],[123.827235,10.342230000000001,403.34716796875,1787970033],[123.82722699999999,10.342226999999999,403.0311279296875,1787970034],[123.827157,10.342158,400.426513671875,1787970045],[123.827111,10.342081,399.19683837890625,1787970055],[123.827107,10.342072,398.93572998046875,1787970056],[123.827029,10.341927999999999,394.8397216796875,1787970073],[123.82702500000001,10.341918,394.619384765625,1787970074],[123.82694100000001,10.341754,390.458984375,1787970094],[123.826938,10.341746000000001,390.2529296875,1787970095],[123.826903,10.341592,387.2056884765625,1787970112],[123.82690100000001,10.341583,386.9560546875,1787970113],[123.826883,10.341511000000001,385.3011474609375,1787970121],[123.82682699999999,10.341419999999999,381.4368896484375,1787970134],[123.826823,10.341414,381.20098876953125,1787970135],[123.82673200000001,10.341314000000001,377.87286376953125,1787970151],[123.826688,10.341282,377.0303955078125,1787970157],[123.82668200000001,10.341277,376.903076171875,1787970158],[123.82658499999999,10.341222,373.8948974609375,1787970171],[123.82653999999999,10.34122,372.8310546875,1787970177],[123.826511,10.341234999999999,372.84100341796875,1787970181],[123.826504,10.341240000000001,372.81195068359375,1787970182],[123.82635500000001,10.341332,368.99658203125,1787970201],[123.826347,10.341336999999999,368.8084716796875,1787970202],[123.82629799999999,10.341369,368.1837158203125,1787970209],[123.826177,10.341412999999999,367.0001220703125,1787970223],[123.826167,10.341414,366.875,1787970224],[123.82601,10.341438,364.89678955078125,1787970241],[123.825999,10.341438999999999,364.90679931640625,1787970242],[123.82584300000001,10.341464,364.564453125,1787970258],[123.825834,10.341462999999999,364.297119140625,1787970259],[123.825667,10.341442000000001,362.4766845703125,1787970275],[123.82565700000001,10.341442000000001,362.28460693359375,1787970276],[123.825558,10.341456000000001,360.983642578125,1787970287],[123.825486,10.341485,358.743896484375,1787970296],[123.82547700000001,10.341488,358.6890869140625,1787970297],[123.825407,10.341512,357.66241455078125,1787970304],[123.825309,10.341519999999999,354.794677734375,1787970315],[123.8253,10.341521,354.8472900390625,1787970316],[123.825112,10.341538999999999,351.758544921875,1787970337],[123.825103,10.34154,351.7225341796875,1787970338],[123.82491,10.34155,349.4237060546875,1787970360],[123.824901,10.341549000000001,349.14691162109375,1787970361],[123.824849,10.341540999999999,347.5048828125,1787970367],[123.82479600000001,10.341514,346.666259765625,1787970373],[123.82475700000001,10.341471,345.84783935546875,1787970380],[123.82475100000001,10.341464999999999,345.67730712890625,1787970381],[123.82467800000001,10.341392000000001,342.8533935546875,1787970395],[123.824613,10.341354000000001,341.1107177734375,1787970405],[123.82460500000001,10.341352000000001,341.04437255859375,1787970406],[123.824483,10.341343,337.2193603515625,1787970485],[123.82445800000001,10.341351,336.5504150390625,1787970488],[123.824432,10.341374,336.0369873046875,1787970492],[123.824427,10.341381999999999,335.87762451171875,1787970493],[123.824422,10.341414,335.05975341796875,1787970497],[123.824431,10.341436,334.1259765625,1787970500],[123.82449099999999,10.341552,329.94970703125,1787970515],[123.824494,10.341562,329.6510009765625,1787970516],[123.824499,10.341597,329.54541015625,1787970540],[123.824489,10.341637,328.81463623046875,1787970546],[123.82444700000001,10.341711,327.9383544921875,1787970555],[123.824442,10.341721,327.7459716796875,1787970556],[123.824399,10.341801999999999,326.6090087890625,1787970566],[123.82440099999999,10.34187,326.1068115234375,1787970573],[123.824405,10.34188,325.95892333984375,1787970574],[123.824414,10.341908,325.208984375,1787970577],[123.82441,10.341984999999999,323.9632568359375,1787970585],[123.82442,10.342038000000001,323.31866455078125,1787970590],[123.82442399999999,10.342048,323.290771484375,1787970591],[123.82443499999999,10.342076,322.594970703125,1787970594],[123.824465,10.34211,321.1373291015625,1787970599],[123.82450799999999,10.342139,319.3587646484375,1787970605],[123.824561,10.342158,318.41796875,1787970611],[123.82456999999999,10.342162,318.06365966796875,1787970612],[123.824647,10.342212,316.277587890625,1787970622],[123.82468900000001,10.342267,315.5750732421875,1787970629],[123.824693,10.342276,315.49932861328125,1787970630],[123.824713,10.342364999999999,314.4991455078125,1787970639],[123.824707,10.342435,315.735595703125,1787970646],[123.824703,10.342447,315.7608642578125,1787970647],[123.824651,10.342506999999999,317.580322265625,1787970654],[123.824574,10.342549,319.7916259765625,1787970663],[123.82456500000001,10.342555000000001,319.85992431640625,1787970664],[123.824455,10.342585,322.3223876953125,1787970675],[123.82440699999999,10.342575,323.406982421875,1787970680],[123.824397,10.342574000000001,323.49554443359375,1787970681],[123.82423799999999,10.342556,325.905517578125,1787970698],[123.82422699999999,10.342554,325.7811279296875,1787970699],[123.82405900000001,10.342491000000001,328.0472412109375,1787970715],[123.824049,10.342485,327.6942138671875,1787970716],[123.82394499999999,10.342434000000001,328.026611328125,1787970727],[123.823893,10.342427000000001,329.27435302734375,1787970733],[123.823883,10.342426,329.4119873046875,1787970734],[123.823819,10.34243,331.60784912109375,1787970741],[123.823733,10.342460000000001,333.51287841796875,1787970750],[123.823725,10.342465000000001,333.958251953125,1787970751],[123.82358000000001,10.342535,335.6385498046875,1787970768],[123.82357,10.342537,335.71820068359375,1787970769],[123.823483,10.342556,336.715576171875,1787970778],[123.82341099999999,10.342549999999999,337.2767333984375,1787970785],[123.823401,10.342549,337.26019287109375,1787970786],[123.82322000000001,10.342539,339.49139404296875,1787970802],[123.82320900000001,10.342541000000001,339.5482177734375,1787970803],[123.823114,10.342536000000001,340.327392578125,1787970812],[123.823044,10.342554,341.605712890625,1787970819],[123.823032,10.342555000000001,341.7696533203125,1787970820],[123.822861,10.342523999999999,342.5616455078125,1787970836],[123.822851,10.342518999999999,342.68719482421875,1787970837],[123.82277999999999,10.342484000000001,343.322998046875,1787970844],[123.822701,10.342418,342.414306640625,1787970853],[123.822694,10.342411,342.40875244140625,1787970854],[123.822542,10.342297,343.680419921875,1787970870],[123.82253300000001,10.342288999999999,343.8392333984375,1787970871],[123.822501,10.342271999999999,343.5511474609375,1787970874],[123.822372,10.342233999999999,345.3336181640625,1787970887],[123.822363,10.342229,345.6265869140625,1787970888],[123.82231400000001,10.342205,346.45135498046875,1787970893],[123.82221199999999,10.342128000000001,346.70751953125,1787970904],[123.822202,10.342122,346.6942138671875,1787970905],[123.822035,10.342038000000001,345.058837890625,1787970921],[123.822025,10.342032,344.784423828125,1787970922],[123.82185800000001,10.341929,342.75,1787970938],[123.82184700000001,10.341922,342.7940673828125,1787970939],[123.821774,10.341844999999999,344.188232421875,1787970948],[123.821725,10.341775999999999,344.7882080078125,1787970955],[123.821719,10.341765000000001,344.76678466796875,1787970956],[123.821641,10.341597999999999,346.2271728515625,1787970972],[123.821635,10.341588,346.4239501953125,1787970973],[123.821602,10.341540999999999,346.99169921875,1787970978],[123.82157100000001,10.341431999999999,348.5704345703125,1787970989],[123.821567,10.341423000000001,348.6982421875,1787970990],[123.821544,10.341357,349.75286865234375,1787970997],[123.82147500000001,10.341301,351.09222412109375,1787971006],[123.821466,10.341295000000001,351.0494384765625,1787971007],[123.82133,10.341215,354.0953369140625,1787971023],[123.821321,10.34121,354.4190673828125,1787971024],[123.821207,10.341187,356.0382080078125,1787971036],[123.82115400000001,10.341195000000001,356.89031982421875,1787971041],[123.821144,10.341198,356.817138671875,1787971042],[123.820978,10.341241,358.06591796875,1787971058],[123.82096900000001,10.341243,358.09124755859375,1787971059],[123.82083799999999,10.341248,357.49072265625,1787971072],[123.820812,10.341238000000001,357.1014404296875,1787971075],[123.82080499999999,10.341233000000001,357.216552734375,1787971076],[123.82077700000001,10.341218,356.01361083984375,1787971079],[123.82069,10.341125999999999,353.6009521484375,1787971092],[123.820685,10.341119000000001,353.528076171875,1787971093],[123.820654,10.341070999999999,352.8677978515625,1787971098],[123.82065799999999,10.340946000000001,352.54443359375,1787971109],[123.82065900000001,10.340935,352.57415771484375,1787971110],[123.82069199999999,10.340754,353.243408203125,1787971126],[123.82069300000001,10.340743,353.24053955078125,1787971127],[123.820697,10.340608,353.46380615234375,1787971138],[123.820684,10.340553999999999,354.3431396484375,1787971143],[123.82068200000001,10.340543,354.60693359375,1787971144],[123.82061,10.340377999999999,354.021240234375,1787971160],[123.820606,10.340368,354.0897216796875,1787971161],[123.820555,10.340206,353.747314453125,1787971177],[123.820553,10.340196000000001,353.7635498046875,1787971178],[123.820514,10.340023,351.2750244140625,1787971194],[123.820515,10.340014,351.5035400390625,1787971195],[123.820521,10.339979,352.370849609375,1787971199],[123.820504,10.339845,350.2794189453125,1787971213],[123.82050700000001,10.339834,349.8358154296875,1787971214],[123.820509,10.339805999999999,349.0750732421875,1787971217],[123.82048500000001,10.339739,348.129150390625,1787971225],[123.82044500000001,10.339669000000001,347.01312255859375,1787971234],[123.820441,10.339661,346.84625244140625,1787971235],[123.82039899999999,10.339563,346.4476318359375,1787971246],[123.82038,10.339482,345.96417236328125,1787971253],[123.82038,10.33947,345.94158935546875,1787971254],[123.82038900000001,10.339357,344.93756103515625,1787971263],[123.82037200000001,10.339273,344.0399169921875,1787971270],[123.820368,10.339264,344.11029052734375,1787971271],[123.820307,10.339207999999999,343.67626953125,1787971278],[123.820216,10.339171,344.02691650390625,1787971287],[123.820205,10.339168000000001,344.01513671875,1787971288],[123.820041,10.339111000000001,344.5213623046875,1787971304],[123.82003,10.339108,344.5362548828125,1787971305],[123.819958,10.339119999999999,345.408935546875,1787971312],[123.81988200000001,10.339171,345.357421875,1787971321],[123.819874,10.339178,345.19781494140625,1787971322],[123.81983,10.339235,344.5150146484375,1787971329],[123.819791,10.339318,345.13720703125,1787971338],[123.81978700000001,10.339327000000001,345.2354736328125,1787971339],[123.81972399999999,10.339494999999999,344.99835205078125,1787971355],[123.81972,10.339506,344.8406982421875,1787971356],[123.819632,10.339664000000001,344.31103515625,1787971372],[123.819625,10.339672999999999,344.4014892578125,1787971373],[123.81957800000001,10.339739,343.6822509765625,1787971380],[123.81950399999999,10.339814000000001,343.90234375,1787971389],[123.819495,10.33982,343.8607177734375,1787971390],[123.81934800000001,10.339942000000001,343.83935546875,1787971406],[123.81934099999999,10.339949000000001,343.9515380859375,1787971407],[123.81929,10.340002,344.43359375,1787971414],[123.81923999999999,10.340083999999999,343.281494140625,1787971423],[123.819232,10.340093,343.4176025390625,1787971424],[123.819163,10.340166,344.7879638671875,1787971433],[123.819119,10.34024,344.468017578125,1787971440],[123.819113,10.340249,344.5325927734375,1787971441],[123.819052,10.340327,345.7559814453125,1787971450],[123.818986,10.340382,346.5311279296875,1787971457],[123.818978,10.340391,346.51519775390625,1787971458],[123.818814,10.340496999999999,345.1795654296875,1787971474],[123.818804,10.340501,345.4276123046875,1787971475],[123.81873400000001,10.340544,346.8359375,1787971482],[123.81869,10.340548,348.37811279296875,1787971486],[123.818645,10.340577,346.33770751953125,1787971490],[123.818636,10.340585000000001,345.405517578125,1787971491],[123.818634,10.340591999999999,345.3778076171875,1787971492],[123.818558,10.340605999999999,344.9041748046875,1787971504],[123.818484,10.340598,343.93975830078125,1787971510],[123.81844599999999,10.340584,343.887451171875,1787971513],[123.818434,10.340581,344.19378662109375,1787971514],[123.818252,10.340533000000001,345.63653564453125,1787971530],[123.818241,10.340533000000001,345.63165283203125,1787971531],[123.81818199999999,10.340529999999999,344.4591064453125,1787971536],[123.818168,10.340515999999999,343.52642822265625,1787971551],[123.818072,10.340532,343.762451171875,1787971560],[123.81806,10.340532,344.156005859375,1787971561],[123.817983,10.34052,344.6700439453125,1787971568],[123.817881,10.340534,346.06707763671875,1787971577],[123.81787,10.340536,346.18389892578125,1787971578],[123.81777099999999,10.340528000000001,346.9617919921875,1787971587],[123.81769,10.340508,346.3056640625,1787971594],[123.817679,10.340506,346.3155517578125,1787971595],[123.817609,10.340472999999999,345.7318115234375,1787971602],[123.81752299999999,10.340411,345.71875,1787971611],[123.817514,10.340405000000001,345.8095703125,1787971612],[123.817364,10.340296,346.1844482421875,1787971628],[123.817353,10.340289,346.29638671875,1787971629],[123.817178,10.340206999999999,346.567626953125,1787971645],[123.817168,10.340201,346.1231689453125,1787971646],[123.81700600000001,10.340106,345.3623046875,1787971662],[123.81699500000001,10.3401,345.1572265625,1787971663],[123.816885,10.340045999999999,346.80029296875,1787971675],[123.81683,10.340051000000001,346.67681884765625,1787971781],[123.81682499999999,10.34005,347.02685546875,1787971782],[123.816793,10.340045,348.957763671875,1787971787],[123.816709,10.340006000000001,351.9031982421875,1787971802],[123.81666199999999,10.340005,352.79736328125,1787971809],[123.816654,10.340005,352.66552734375,1787971810],[123.816621,10.339998,353.2392578125,1787971816],[123.816603,10.339983,354.1302490234375,1787971821],[123.81660599999999,10.339912,357.31414794921875,1787971852],[123.816626,10.339864,359.48480224609375,1787971897],[123.816631,10.339855999999999,359.3721923828125,1787971898],[123.81666800000001,10.339815,361.10760498046875,1787971920],[123.816671,10.339789,362.16436767578125,1787971924],[123.81664600000001,10.339691999999999,361.7054443359375,1787971935],[123.816644,10.339682,361.0958251953125,1787971936],[123.816615,10.339582999999999,361.9520263671875,1787971951],[123.816627,10.339510000000001,363.491943359375,1787971960],[123.816626,10.339499999999999,363.2703857421875,1787971961],[123.81660599999999,10.339446000000001,363.5384521484375,1787971984],[123.816605,10.339373999999999,360.8509521484375,1787971994],[123.816587,10.339326,361.7646484375,1787971999],[123.816582,10.339320000000001,361.8876953125,1787972000],[123.81656099999999,10.339292,362.0201416015625,1787972004],[123.816518,10.339157999999999,367.778076171875,1787972024],[123.816514,10.339150999999999,367.830810546875,1787972025],[123.816496,10.33907,370.6341552734375,1787972041],[123.81650999999999,10.338967999999999,371.8397216796875,1787972058],[123.816512,10.338965,371.9881591796875,1787972059],[123.816576,10.338899,366.223388671875,1787972083],[123.816616,10.338873,367.4847412109375,1787972090],[123.816647,10.338865999999999,368.18145751953125,1787972094],[123.816654,10.338868,368.08160400390625,1787972095],[123.81673499999999,10.338896,370.19635009765625,1787972125],[123.816778,10.338894,369.954833984375,1787972130],[123.81672399999999,10.338900000000001,368.77056884765625,1787972141],[123.81671799999999,10.338898,368.8597412109375,1787972142],[123.816711,10.338896999999999,368.7396240234375,1787972143],[123.816757,10.338887,367.751708984375,1787972152],[123.81688,10.338893000000001,372.75732421875,1787972170],[123.816884,10.338893000000001,372.9022216796875,1787972171],[123.816937,10.338891,375.20782470703125,1787972181],[123.817059,10.338917,380.7691650390625,1787972204],[123.81707,10.338919000000001,380.5921630859375,1787972205],[123.81710200000001,10.338922,379.69659423828125,1787972215],[123.81718600000001,10.338964000000001,383.32147216796875,1787972227],[123.817239,10.338960999999999,382.852783203125,1787972236],[123.81724800000001,10.33896,382.578369140625,1787972237],[123.81735500000001,10.338965999999999,383.963623046875,1787972252],[123.817435,10.338994,386.3133544921875,1787972265],[123.81743899999999,10.338994,386.39013671875,1787972266],[123.81748899999999,10.338981,388.4547119140625,1787972276],[123.81751,10.338965999999999,388.78759765625,1787972281],[123.817521,10.338941999999999,389.35650634765625,1787972286],[123.817522,10.33892,390.39312744140625,1787972405],[123.817488,10.338876000000001,392.18267822265625,1787972418],[123.817485,10.338874000000001,392.31787109375,1787972419],[123.817438,10.338787999999999,395.25677490234375,1787972438],[123.817358,10.338766,399.70263671875,1787972459],[123.817353,10.338766,399.9044189453125,1787972460],[123.817251,10.338739,400.5975341796875,1787972481],[123.81723700000001,10.338723,400.6827392578125,1787972484],[123.817243,10.338697,401.9140625,1787972494],[123.817266,10.33868,403.162353515625,1787972501],[123.817273,10.338678,402.9759521484375,1787972502],[123.817319,10.338649999999999,404.38427734375,1787972514],[123.817334,10.338604999999999,406.6466064453125,1787972646],[123.81732700000001,10.338558000000001,408.1124267578125,1787972655],[123.817307,10.338539000000001,409.0211181640625,1787972662],[123.817303,10.338538,409.04107666015625,1787972663],[123.817233,10.338507999999999,413.345703125,1787972683],[123.817211,10.338516,414.61553955078125,1787972688],[123.817132,10.338501000000001,416.7791748046875,1787972706],[123.817128,10.3385,416.84832763671875,1787972707],[123.817078,10.338495999999999,417.79742431640625,1787972717],[123.816958,10.338445,418.9425048828125,1787972736],[123.816952,10.338441,418.9954833984375,1787972737],[123.81678100000001,10.338366000000001,422.00775146484375,1787972768],[123.816774,10.338365,422.0601806640625,1787972769],[123.816721,10.338362999999999,423.3709716796875,1787972778],[123.816661,10.338334,424.66595458984375,1787972789],[123.816604,10.33832,426.018310546875,1787972798],[123.81659999999999,10.338319,426.31719970703125,1787972799],[123.81650399999999,10.338263,428.63385009765625,1787972819],[123.816442,10.338214000000001,430.07275390625,1787972832],[123.81643699999999,10.338210999999999,429.7982177734375,1787972833],[123.81639,10.338191,430.4027099609375,1787972842],[123.816345,10.338186,431.78106689453125,1787972851],[123.816275,10.338153999999999,432.9267578125,1787972865],[123.816271,10.338153999999999,432.9415283203125,1787972866],[123.816142,10.338112000000001,436.7451171875,1787972929],[123.816087,10.338113,438.6658935546875,1787972940],[123.816079,10.338113999999999,438.570068359375,1787972941],[123.81595900000001,10.338176000000001,442.62518310546875,1787972987],[123.815951,10.338198999999999,444.10064697265625,1787972992],[123.815924,10.33821,444.0679931640625,1787972997],[123.815918,10.338212,444.3160400390625,1787972998],[123.815838,10.338217999999999,444.364990234375,1787973011],[123.815738,10.338198999999999,449.638916015625,1787973036],[123.815735,10.338198999999999,449.8375244140625,1787973037],[123.815682,10.338191999999999,452.06695556640625,1787973146],[123.815635,10.338201,454.6373291015625,1787973156],[123.815612,10.338196,453.9801025390625,1787973159],[123.815569,10.338163,454.210693359375,1787973168],[123.815563,10.338160999999999,454.3402099609375,1787973169],[123.81554,10.338141999999999,455.5062255859375,1787973177],[123.815451,10.338101,458.63104248046875,1787973213],[123.815397,10.338092,460.23443603515625,1787973225],[123.815393,10.338089,460.41888427734375,1787973226],[123.81532199999999,10.338049,462.47882080078125,1787973245],[123.815264,10.338004,466.38427734375,1787973265],[123.81524899999999,10.33798,467.17767333984375,1787973271],[123.815245,10.337975999999999,466.8795166015625,1787973272],[123.81520399999999,10.337939,467.854736328125,1787973317],[123.81514799999999,10.337854999999999,469.5283203125,1787973350],[123.81514199999999,10.337823999999999,469.85986328125,1787973355],[123.815138,10.337819,470.0078125,1787973356],[123.815072,10.337652,473.193115234375,1787973385],[123.815072,10.337643999999999,473.27685546875,1787973386],[123.815046,10.337590000000001,472.647216796875,1787973395],[123.815027,10.337577,473.2537841796875,1787973400],[123.81492,10.337586,478.18505859375,1787973423],[123.814915,10.337586999999999,478.3021240234375,1787973424],[123.814886,10.337598,478.2806396484375,1787973430],[123.814809,10.337657,478.875732421875,1787973450],[123.814757,10.337672,479.91943359375,1787973462],[123.814751,10.337674,479.954833984375,1787973463],[123.814584,10.337747,484.12060546875,1787973502],[123.814584,10.337747999999999,484.203369140625,1787973503],[123.814465,10.337790999999999,487.4090576171875,1787973531],[123.81444500000001,10.337837,488.60888671875,1787973540],[123.81444,10.337839000000001,488.437255859375,1787973541],[123.81439,10.337899,490.91015625,1787973574],[123.81438199999999,10.337923999999999,493.5888671875,1787973581],[123.81438300000001,10.338003,497.47216796875,1787973598],[123.814381,10.338010000000001,497.744384765625,1787973599],[123.814369,10.338093000000001,498.1190185546875,1787973612],[123.814403,10.338190000000001,499.3143310546875,1787973630],[123.81440600000001,10.338193,499.361328125,1787973631],[123.81443899999999,10.338369,503.630126953125,1787973665],[123.81443899999999,10.338374999999999,503.7100830078125,1787973666],[123.814457,10.338501000000001,501.9776611328125,1787973684],[123.814454,10.338554,499.26171875,1787973693],[123.814452,10.338561,498.50634765625,1787973694],[123.814393,10.338736000000001,496.1607666015625,1787973720],[123.81439399999999,10.338744999999999,496.2987060546875,1787973721],[123.814387,10.338839999999999,497.742919921875,1787973732],[123.814368,10.338881000000001,498.5390625,1787973737],[123.814373,10.338913,498.389892578125,1787973741],[123.814376,10.338920999999999,498.204833984375,1787973742],[123.814401,10.338974,497.277099609375,1787973749],[123.814391,10.339095,497.3968505859375,1787973762],[123.81438900000001,10.339105,497.340087890625,1787973763],[123.814331,10.339188,497.433837890625,1787973775],[123.8143,10.339255,496.5570068359375,1787973784],[123.814297,10.339261,496.83251953125,1787973785],[123.81428699999999,10.339333,495.1868896484375,1787973793],[123.81424699999999,10.339413,491.505126953125,1787973803],[123.814243,10.339421,491.355712890625,1787973804],[123.814173,10.339504,491.997314453125,1787973815],[123.81414700000001,10.339554,493.0142822265625,1787973821],[123.814142,10.339561,493.2314453125,1787973822],[123.81412400000001,10.339606,495.2310791015625,1787973828],[123.814091,10.339637,496.839599609375,1787973834],[123.814053,10.339707000000001,499.93896484375,1787973854],[123.81404999999999,10.33971,500.2353515625,1787973855],[123.813937,10.33985,506.994140625,1787973901],[123.81393199999999,10.339854000000001,507.3056640625,1787973902],[123.81389900000001,10.339896,510.3587646484375,1787973916],[123.813873,10.339905,510.712890625,1787973923],[123.81386000000001,10.339924999999999,510.694091796875,1787973989],[123.813838,10.339937000000001,510.57568359375,1787973993],[123.813783,10.339943,515.08203125,1787974006],[123.813776,10.339943999999999,515.01708984375,1787974007],[123.81367400000001,10.339976,522.26611328125,1787974037],[123.813654,10.339992000000001,522.078369140625,1787974042],[123.813631,10.340036,522.224609375,1787974051],[123.81362900000001,10.34004,522.3525390625,1787974052],[123.81358,10.340052999999999,521.8135986328125,1787974059],[123.81349,10.340133,522.0577392578125,1787974076],[123.813485,10.340135999999999,522.6087646484375,1787974077],[123.813372,10.340228,521.8125,1787974096],[123.813357,10.340252,523.1739501953125,1787974101],[123.813357,10.340254,524.453857421875,1787974102],[123.813244,10.340381000000001,525.3651123046875,1787974125],[123.813242,10.340388000000001,525.5,1787974126],[123.81323,10.340414000000001,526.02587890625,1787974130],[123.81312,10.340517999999999,527.381591796875,1787974148],[123.813118,10.340525,527.7412109375,1787974149],[123.81308799999999,10.340566000000001,524.980712890625,1787974154],[123.81299300000001,10.340652,526.4827880859375,1787974170],[123.812986,10.34066,526.26904296875,1787974171],[123.81294699999999,10.340704000000001,525.942626953125,1787974180],[123.812845,10.340776,528.298095703125,1787974201],[123.812839,10.340781,528.423583984375,1787974202],[123.81267800000001,10.340844000000001,529.5706787109375,1787974221],[123.812673,10.340847,530.21923828125,1787974222],[123.812506,10.340875,534.130126953125,1787974245],[123.81249699999999,10.340876,534.667724609375,1787974246],[123.81231699999999,10.340895,533.24560546875,1787974272],[123.81231,10.340896000000001,533.32421875,1787974273],[123.81226100000001,10.340915000000001,536.01904296875,1787974281],[123.812174,10.341009,538.791259765625,1787974300],[123.812164,10.341015000000001,538.63623046875,1787974301],[123.81206899999999,10.341066,537.269775390625,1787974314],[123.812021,10.341115,535.743408203125,1787974321],[123.812014,10.341120999999999,535.9296875,1787974322],[123.811972,10.341137,537.1259765625,1787974327],[123.81187799999999,10.341131000000001,537.904541015625,1787974338],[123.811847,10.341143000000001,537.4237060546875,1787974341],[123.811837,10.341146,537.6478271484375,1787974342],[123.811812,10.341163,538.073974609375,1787974345],[123.811747,10.341177999999999,538.858642578125,1787974354],[123.81167600000001,10.341208,537.7691650390625,1787974363],[123.811668,10.341208999999999,537.731689453125,1787974364],[123.811573,10.341208999999999,538.015625,1787974375],[123.81150100000001,10.341240000000001,533.49853515625,1787974382],[123.811492,10.341241999999999,532.712158203125,1787974383],[123.811322,10.341276000000001,526.1416015625,1787974437],[123.81131600000001,10.341277,526.2557373046875,1787974438],[123.811211,10.341298999999999,521.255859375,1787974456],[123.81113999999999,10.341336999999999,520.16064453125,1787974473],[123.811134,10.341338,519.82275390625,1787974474],[123.8111,10.341346,518.828857421875,1787974509],[123.81112299999999,10.341334,520.57666015625,1787974525],[123.810992,10.341374,515.986572265625,1787974549],[123.810984,10.341374,515.75732421875,1787974550],[123.810807,10.341419999999999,514.53076171875,1787974614],[123.810801,10.341422,514.250732421875,1787974615],[123.81062300000001,10.341445,511.663818359375,1787974677],[123.810614,10.341447000000001,511.587158203125,1787974678],[123.810453,10.341473000000001,510.240478515625,1787974695],[123.81044199999999,10.341473000000001,510.1162109375,1787974696],[123.81027,10.341464999999999,508.81494140625,1787974746],[123.81026,10.341466,508.8056640625,1787974747],[123.81022400000001,10.341472,509.087158203125,1787974751],[123.810098,10.341538999999999,506.83984375,1787974767],[123.81009,10.341542,506.834228515625,1787974768],[123.80999300000001,10.341587000000001,503.7305908203125,1787974787],[123.80991400000001,10.341608000000001,502.3636474609375,1787974802],[123.809912,10.341614,502.786376953125,1787974803],[123.809894,10.341639000000001,503.361328125,1787974818],[123.809832,10.341664,499.5406494140625,1787974836],[123.809828,10.341687,500.091796875,1787974839],[123.80988000000001,10.341704,498.311279296875,1787974847],[123.80988600000001,10.341704999999999,498.150634765625,1787974848],[123.80998599999999,10.341725,495.1278076171875,1787974874],[123.81000899999999,10.34174,494.64404296875,1787974890],[123.810062,10.341735999999999,492.81689453125,1787974909],[123.810068,10.341739,492.738525390625,1787974910],[123.810143,10.341766,489.7908935546875,1787974923],[123.810233,10.341811999999999,486.8521728515625,1787974938],[123.810241,10.341816,486.366455078125,1787974939],[123.810355,10.341872,485.6885986328125,1787975056],[123.81037499999999,10.341885,485.029541015625,1787975061],[123.810391,10.341912000000001,483.927001953125,1787975067],[123.81039699999999,10.341915999999999,483.925048828125,1787975068],[123.81048800000001,10.341995000000001,480.6324462890625,1787975085],[123.810542,10.342017,479.5001220703125,1787975093],[123.81054899999999,10.342022,479.1749267578125,1787975094],[123.810563,10.342047000000001,477.681640625,1787975099],[123.810665,10.342155,472.387939453125,1787975182],[123.810665,10.342162999999999,472.243896484375,1787975183],[123.81071799999999,10.342264,471.0963134765625,1787975197],[123.810714,10.342287000000001,470.563720703125,1787975200],[123.81068500000001,10.342302,470.446044921875,1787975204],[123.810676,10.342305,470.2109375,1787975205],[123.81058400000001,10.342382000000001,468.04364013671875,1787975221],[123.810534,10.342404999999999,465.98828125,1787975236],[123.810529,10.342407,465.71380615234375,1787975237],[123.810456,10.342430999999999,464.65234375,1787975246],[123.810419,10.342454,464.10565185546875,1787975251],[123.81040299999999,10.342506,463.05694580078125,1787975258],[123.810402,10.342513,462.976806640625,1787975259],[123.810377,10.342582,461.50390625,1787975269],[123.81032399999999,10.342662000000001,458.749755859375,1787975281],[123.81032,10.342670999999999,458.55767822265625,1787975282],[123.81028000000001,10.342737,457.1927490234375,1787975292],[123.810277,10.342758999999999,457.5244140625,1787975309],[123.810242,10.342784999999999,456.4786376953125,1787975315],[123.81022400000001,10.342812,455.92803955078125,1787975319],[123.81022,10.342817999999999,455.70086669921875,1787975320],[123.81012,10.342980000000001,450.919677734375,1787975345],[123.810115,10.342988,450.712158203125,1787975346],[123.810017,10.343101000000001,447.80517578125,1787975366],[123.809991,10.343112,446.668212890625,1787975371],[123.809985,10.343113000000001,446.4801025390625,1787975372],[123.809922,10.343156,445.2281494140625,1787975385],[123.80986900000001,10.343239000000001,442.9339599609375,1787975402],[123.80986799999999,10.343246000000001,442.42694091796875,1787975403],[123.809912,10.343311999999999,439.88690185546875,1787975414],[123.809956,10.34333,438.9659423828125,1787975420],[123.809983,10.343330999999999,438.409423828125,1787975424],[123.81001000000001,10.343317000000001,437.634033203125,1787975428],[123.810016,10.343313999999999,437.7847900390625,1787975429],[123.810095,10.343287,436.31207275390625,1787975441],[123.810188,10.343223999999999,434.6297607421875,1787975459],[123.810194,10.343220000000001,434.31396484375,1787975460],[123.810236,10.343192,433.650146484375,1787975468],[123.81028499999999,10.343184000000001,434.2176513671875,1787975476],[123.81035900000001,10.343154999999999,434.5579833984375,1787975490],[123.810363,10.343154999999999,434.990234375,1787975491],[123.810458,10.34315,434.2769775390625,1787975507],[123.81052699999999,10.343109999999999,431.115478515625,1787975519],[123.81053300000001,10.343105,430.60552978515625,1787975520],[123.81056,10.34309,429.190185546875,1787975526],[123.81060600000001,10.343083999999999,426.41448974609375,1787975535],[123.810608,10.343109,423.84295654296875,1787975549],[123.810598,10.343131,423.68292236328125,1787975554],[123.810559,10.343175,423.16864013671875,1787975563],[123.81055499999999,10.34318,422.89691162109375,1787975564],[123.810433,10.343310000000001,416.36639404296875,1787975596],[123.81043,10.343315,416.69244384765625,1787975597],[123.810417,10.343343000000001,416.7392578125,1787975603],[123.810316,10.343465,414.42535400390625,1787975630],[123.81031400000001,10.343469000000001,415.17889404296875,1787975631],[123.810205,10.343617999999999,411.108642578125,1787975662],[123.810202,10.343622999999999,410.6982421875,1787975663],[123.810081,10.343762999999999,406.28082275390625,1787975695],[123.81007700000001,10.343771,405.37060546875,1787975696],[123.81002100000001,10.343845999999999,402.659912109375,1787975712],[123.809952,10.34389,398.5595703125,1787975730],[123.809946,10.343890999999999,398.12841796875,1787975731],[123.809867,10.343899,395.5247802734375,1787975746],[123.809826,10.343927000000001,394.289306640625,1787975754],[123.809771,10.343928,391.6973876953125,1787975763],[123.809765,10.34393,391.3250732421875,1787975764],[123.809669,10.343969,390.112060546875,1787975781],[123.809645,10.343966,389.6727294921875,1787975785],[123.80959799999999,10.343992999999999,388.346435546875,1787975792],[123.80959,10.343995,388.189453125,1787975793],[123.809467,10.343975,384.38092041015625,1787975811],[123.80942400000001,10.343944,383.236083984375,1787975820],[123.80941799999999,10.343942,382.85693359375,1787975821],[123.809389,10.343928999999999,382.2392578125,1787975826],[123.80931,10.343864999999999,380.352294921875,1787975844],[123.80927699999999,10.343818000000001,378.71929931640625,1787975854],[123.809271,10.343814,378.31591796875,1787975855],[123.809168,10.343703,377.429443359375,1787975890],[123.809133,10.343702,375.821533203125,1787975894],[123.809128,10.343705,375.3753662109375,1787975895],[123.80909699999999,10.343798,374.93511962890625,1787975912],[123.809118,10.343876,371.123779296875,1787975922],[123.809117,10.343885,371.362060546875,1787975923],[123.80911999999999,10.343935999999999,369.78021240234375,1787975931],[123.80914,10.343977000000001,367.5047607421875,1787975937],[123.809155,10.344052,365.36083984375,1787975954],[123.809155,10.344058,365.20135498046875,1787975955],[123.8092,10.344091000000001,363.04736328125,1787975962],[123.809257,10.344163,361.84588623046875,1787975976],[123.809269,10.344191,360.6158447265625,1787975980],[123.809273,10.344196,360.5040283203125,1787975981],[123.80931699999999,10.34423,360.2418212890625,1787975989],[123.80938,10.344263,357.7962646484375,1787976003],[123.809411,10.344312,359.01519775390625,1787976013],[123.80941199999999,10.344313,359.4385986328125,1787976014],[123.809461,10.344343,358.24560546875,1787976027],[123.80956,10.344429,353.41046142578125,1787976057],[123.80956399999999,10.344431999999999,353.16778564453125,1787976058],[123.809601,10.344471,352.36224365234375,1787976069],[123.809608,10.344492000000001,352.20916748046875,1787976074],[123.809566,10.344557,348.84814453125,1787976089],[123.80954,10.344573,346.6273193359375,1787976094],[123.809534,10.344573,346.764892578125,1787976095],[123.809417,10.344587000000001,342.377685546875,1787976128],[123.80936699999999,10.344607,339.46728515625,1787976135],[123.809361,10.344611,338.61944580078125,1787976136],[123.80919299999999,10.344639000000001,333.59967041015625,1787976159],[123.809184,10.344640999999999,333.604736328125,1787976160],[123.809077,10.344643,330.84027099609375,1787976175],[123.808999,10.344625000000001,328.82977294921875,1787976186],[123.808992,10.344624,328.745361328125,1787976187],[123.808837,10.344530000000001,325.627197265625,1787976216],[123.808834,10.344528,325.939697265625,1787976217],[123.808798,10.344491,324.468017578125,1787976228],[123.80868599999999,10.344433,321.8492431640625,1787976249],[123.808678,10.344431999999999,321.5377197265625,1787976250],[123.808622,10.344431999999999,319.3143310546875,1787976257],[123.80850599999999,10.344377,317.44384765625,1787976395],[123.8085,10.344372999999999,317.309814453125,1787976396],[123.808476,10.344355,316.880615234375,1787976417],[123.808452,10.344313,316.4830322265625,1787976426],[123.808419,10.344217,313.0291748046875,1787976445],[123.80841599999999,10.344211,312.7965087890625,1787976446],[123.808401,10.344186000000001,312.17254638671875,1787976450],[123.80839,10.344117000000001,312.1124267578125,1787976462],[123.808357,10.344044,310.051513671875,1787976476],[123.80835399999999,10.344039,309.8114013671875,1787976477],[123.808271,10.343909999999999,304.185302734375,1787976503],[123.80824200000001,10.343895,303.7879638671875,1787976507],[123.80823599999999,10.343893,303.9635009765625,1787976508],[123.808109,10.343893,303.5338134765625,1787976526],[123.80806,10.343916,303.3575439453125,1787976533],[123.808055,10.343920000000001,303.6129150390625,1787976534],[123.807902,10.344010000000001,300.5146484375,1787976553],[123.807895,10.344016,300.634765625,1787976554],[123.80777399999999,10.344117000000001,301.4910888671875,1787976570],[123.807766,10.344123,301.45574951171875,1787976571],[123.807715,10.344174000000001,301.526611328125,1787976579],[123.807678,10.344232,300.7152099609375,1787976588],[123.807653,10.344251,299.465087890625,1787976592],[123.807648,10.344257000000001,299.162841796875,1787976593],[123.807564,10.344326000000001,295.76629638671875,1787976608],[123.80754,10.344360999999999,294.8115234375,1787976614],[123.80753300000001,10.344389,293.31884765625,1787976618],[123.807531,10.344393999999999,293.3238525390625,1787976619],[123.807475,10.344474,290.3475341796875,1787976634],[123.80740400000001,10.344507,288.20550537109375,1787976644],[123.807396,10.34451,288.27447509765625,1787976645],[123.807237,10.344579,286.156005859375,1787976668],[123.807226,10.344581,285.954833984375,1787976669],[123.807073,10.344626999999999,283.7061767578125,1787976687],[123.80706600000001,10.344628,283.560791015625,1787976688],[123.806974,10.344647999999999,281.4342041015625,1787976701],[123.806898,10.344649,280.30206298828125,1787976711],[123.806893,10.34465,280.2125244140625,1787976712],[123.80684599999999,10.344673999999999,279.660400390625,1787976727],[123.80675599999999,10.344764,277.72894287109375,1787976754],[123.80674999999999,10.344768,277.457275390625,1787976755],[123.806726,10.344791000000001,276.7083740234375,1787976759],[123.80672199999999,10.34484,275.0533447265625,1787976766],[123.806741,10.344882,273.88800048828125,1787976772],[123.806765,10.344894,271.33306884765625,1787976777],[123.806792,10.344886000000001,269.8189697265625,1787976783],[123.806798,10.344887999999999,269.61212158203125,1787976784],[123.806899,10.344899,265.87603759765625,1787976798],[123.80696500000001,10.344934,265.462890625,1787976808],[123.806972,10.344938000000001,265.16558837890625,1787976809],[123.807024,10.345000000000001,266.4468994140625,1787976822],[123.807096,10.345065999999999,266.27703857421875,1787976837],[123.807102,10.345071000000001,265.49676513671875,1787976838],[123.807124,10.345091999999999,264.682373046875,1787976842],[123.80716099999999,10.345101,264.595947265625,1787976847],[123.807266,10.345081,262.7281494140625,1787976861],[123.80727400000001,10.345079999999999,262.4840087890625,1787976862],[123.807388,10.345058999999999,264.0032958984375,1787976874],[123.807433,10.345069000000001,263.2589111328125,1787976879],[123.80744,10.345072,262.936767578125,1787976880],[123.807492,10.3451,261.494873046875,1787976887],[123.807581,10.345195,258.961669921875,1787976903],[123.807588,10.345202,258.7896728515625,1787976904],[123.807648,10.345247000000001,256.9849853515625,1787976914],[123.80770200000001,10.345330000000001,254.6368408203125,1787976928],[123.807706,10.345335,254.621337890625,1787976929],[123.807726,10.345357999999999,253.86724853515625,1787976934],[123.807767,10.345381,252.42529296875,1787976940],[123.807787,10.34543,254.7144775390625,1787976948],[123.807789,10.34548,252.44921875,1787976955],[123.80778599999999,10.345485999999999,252.16326904296875,1787976956],[123.80776400000001,10.345506,250.52850341796875,1787976961],[123.807624,10.345549,247.806640625,1787976982],[123.807616,10.345549999999999,247.70672607421875,1787976983],[123.80752,10.345583,245.4625244140625,1787976997],[123.807447,10.345585,244.232421875,1787977008],[123.80744199999999,10.345587,244.48828125,1787977009],[123.807366,10.345621,243.07147216796875,1787977022],[123.807349,10.345639,242.79888916015625,1787977027],[123.807326,10.34571,240.3267822265625,1787977040],[123.80732500000001,10.345717,240.11785888671875,1787977041],[123.80731900000001,10.345791,237.53607177734375,1787977052],[123.807333,10.345834,236.184814453125,1787977058],[123.807356,10.345846,236.420166015625,1787977062],[123.80739,10.345843,235.497314453125,1787977066],[123.807396,10.345844,235.588134765625,1787977067],[123.807506,10.345897000000001,233.38006591796875,1787977087],[123.807552,10.345933,232.1953125,1787977096],[123.80755499999999,10.345939,231.98968505859375,1787977097],[123.80757,10.345969,230.835205078125,1787977102],[123.807564,10.345995,229.840087890625,1787977106],[123.807472,10.346075000000001,228.12030029296875,1787977125],[123.80746600000001,10.346079,227.91595458984375,1787977126],[123.807373,10.34615,225.35357666015625,1787977143],[123.807348,10.346154,224.69873046875,1787977147],[123.80731900000001,10.346143,224.08197021484375,1787977152],[123.807317,10.34614,224.037841796875,1787977153],[123.80729599999999,10.346145999999999,224.35009765625,1787977176],[123.80720599999999,10.346137000000001,223.388916015625,1787977188],[123.80715600000001,10.346154,223.0638427734375,1787977195],[123.807149,10.346158000000001,223.1474609375,1787977196],[123.80711100000001,10.346189000000001,222.383544921875,1787977203],[123.80708199999999,10.346228999999999,220.8602294921875,1787977210],[123.807012,10.346266999999999,218.42596435546875,1787977222],[123.807006,10.346268,218.26416015625,1787977223],[123.806904,10.346303000000001,215.23699951171875,1787977243],[123.806867,10.346337,213.9990234375,1787977252],[123.806859,10.346363999999999,212.7955322265625,1787977256],[123.80685800000001,10.346373,212.5557861328125,1787977257],[123.806884,10.346467000000001,210.44873046875,1787977272],[123.806943,10.34653,208.686767578125,1787977285],[123.806949,10.346534999999999,208.5382080078125,1787977286],[123.807008,10.346576000000001,208.0103759765625,1787977295],[123.807104,10.346571000000001,205.7520751953125,1787977308],[123.80710999999999,10.34657,205.42108154296875,1787977309],[123.80714,10.346565,204.077880859375,1787977314],[123.807287,10.346595000000001,200.3785400390625,1787977343],[123.80729100000001,10.346598999999999,200.0230712890625,1787977344],[123.807452,10.346681,194.6463623046875,1787977376],[123.80745899999999,10.346685000000001,194.38043212890625,1787977377],[123.80755600000001,10.346728000000001,191.88226318359375,1787977393],[123.807619,10.346776999999999,188.7877197265625,1787977405],[123.807625,10.346781,188.4830322265625,1787977406],[123.80769600000001,10.346823000000001,185.731689453125,1787977426],[123.80774599999999,10.346822,184.44354248046875,1787977432],[123.807799,10.34684,182.5570068359375,1787977441],[123.807804,10.346841,182.340087890625,1787977442],[123.807909,10.346947,181.83990478515625,1787977466],[123.807936,10.346959,181.1011962890625,1787977470],[123.807942,10.346963000000001,181.03802490234375,1787977471],[123.80803299999999,10.347004,178.92474365234375,1787977483],[123.808114,10.347020000000001,177.04437255859375,1787977494],[123.80812,10.347020000000001,176.90655517578125,1787977495],[123.808224,10.347047999999999,173.720703125,1787977508],[123.808284,10.347099999999999,173.1505126953125,1787977519],[123.80828700000001,10.347106999999999,173.283935546875,1787977520],[123.80829799999999,10.347129000000001,173.72283935546875,1787977524],[123.808305,10.347270999999999,171.59765625,1787977542],[123.80830400000001,10.347279,171.5819091796875,1787977543],[123.808266,10.347348,172.19915771484375,1787977578],[123.80819700000001,10.347424999999999,171.2918701171875,1787977596],[123.808194,10.347429999999999,171.009033203125,1787977597],[123.808087,10.347575000000001,171.7125244140625,1787977639],[123.808083,10.347579,171.618408203125,1787977640],[123.807965,10.347719,172.34130859375,1787977677],[123.80796100000001,10.347721999999999,172.3680419921875,1787977678],[123.80786000000001,10.347839,170.8734130859375,1787977711],[123.80787100000001,10.347873,170.25982666015625,1787977716]]]}}]}
