{"type":"FeatureCollection","features":[{"type":"Feature","id":"4eda4180-f970-4b08-b55f-54cb51b768eb","properties":{"id":"4eda4180-f970-4b08-b55f-54cb51b768eb","updated_date":"2026-08-29T08:07:16Z","time_created":"2026-08-28T22:54:03Z","last_updated_on_server":"2026-08-29T08:07:16.246275","db_insert_date":"2026-08-29T08:06:50Z","deleted":false,"title":"buot-guila-cabatbatan-samboryo","public":false,"color":"#FF6200","hexcolor":"#FF6200","is_active":true,"revision":1787990836,"notes":"","track_type":"track","routing_mode":null,"uploaded_gpx_to_osm":null,"flag":null,"source":null,"cover_photo_id":null,"distance":12265.679719249334,"total_ascent":572.0530666775174,"total_descent":548.4449615478517,"stopped_time":2754.5,"total_time":20073.0,"average_speed":0.611053640175825,"moving_time":17318.5,"moving_speed":0.7082414596673693,"activities":[],"imported":true,"folder":"4736bc08-db4c-4713-a6b7-2036331b71a1","privacy_level":null,"sync_to_mobile":null,"preferred_link":"/public/8Fib5oEmloZVlqhvUX1pg6DN","favorite_count":0,"comment_count":0,"comments":[],"user_photo_count":0,"latitude":10.34773352566925,"longitude":123.82036524246995,"writable":false},"style":{"stroke":"#FF6200"},"geometry":{"type":"MultiLineString","coordinates":[[[123.807912,10.347875,173.99359130859375,1787957643.0],[123.807937,10.347876,173.99359130859375,1787957656.0],[123.807907,10.347883,175.56365966796875,1787957664.0],[123.807896,10.347892,175.93682861328125,1787957665.0],[123.807887,10.347898,176.951904296875,1787957666.0],[123.807908,10.347913,175.3607177734375,1787957674.0],[123.808054,10.347923,176.66632080078125,1787957694.0],[123.808059,10.347925,177.1546630859375,1787957695.0],[123.808242,10.347984,176.83148193359375,1787957722.0],[123.808251,10.347988,176.634521484375,1787957723.0],[123.808328,10.348046,178.6859130859375,1787957732.0],[123.808396,10.348082,177.8927001953125,1787957739.0],[123.808404,10.348088,177.57012939453125,1787957740.0],[123.808545,10.348195,178.52972412109375,1787957765.0],[123.808554,10.348203,178.4622802734375,1787957766.0],[123.80869,10.348312,177.93145751953125,1787957780.0],[123.8087,10.348318,178.08599853515625,1787957781.0],[123.808846,10.348425,173.4912109375,1787957822.0],[123.808855,10.348432,173.640625,1787957823.0],[123.809001,10.348561,173.621337890625,1787957839.0],[123.809011,10.348568,173.58489990234375,1787957840.0],[123.809103,10.348634,168.9857177734375,1787957853.0],[123.809135,10.348673,168.6375732421875,1787957857.0],[123.809147,10.348679,168.4063720703125,1787957858.0],[123.809178,10.348702,168.2325439453125,1787957861.0],[123.809199,10.348699,167.49981689453125,1787957862.0],[123.809204,10.348664,167.45416259765625,1787957863.0],[123.809121,10.348624,167.66693115234375,1787957871.0],[123.809112,10.348617,167.7392578125,1787957872.0],[123.809086,10.348598,167.4873046875,1787957875.0],[123.809088,10.348581,166.57891845703125,1787957876.0],[123.80911,10.348573,166.04736328125,1787957877.0],[123.809179,10.348649,165.54266357421875,1787957885.0],[123.809185,10.348658,165.2952880859375,1787957886.0],[123.8093,10.348791,169.52325439453125,1787957902.0],[123.809307,10.3488,170.143310546875,1787957903.0],[123.809356,10.348865,171.541015625,1787957910.0],[123.80941,10.348907,172.5654296875,1787957916.0],[123.809433,10.348939,173.48846435546875,1787957919.0],[123.809442,10.34895,173.66888427734375,1787957920.0],[123.809535,10.349044,175.364013671875,1787957931.0],[123.809511,10.349034,176.25726318359375,1787958018.0],[123.809495,10.349008,175.6815185546875,1787958022.0],[123.809491,10.349002,175.28369140625,1787958023.0],[123.809478,10.348971,174.94439697265625,1787958027.0],[123.809521,10.348975,173.93218994140625,1787958028.0],[123.809555,10.349031,174.4334716796875,1787958034.0],[123.80959,10.349068,174.8306884765625,1787958039.0],[123.809598,10.349074,175.00238037109375,1787958040.0],[123.809619,10.349056,174.98822021484375,1787958041.0],[123.809673,10.349126,176.33856201171875,1787958056.0],[123.809737,10.349172,177.60357666015625,1787958063.0],[123.809748,10.349176,177.81982421875,1787958064.0],[123.809774,10.349197,178.2274169921875,1787958068.0],[123.809799,10.349198,178.55029296875,1787958129.0],[123.809892,10.349282,179.6182861328125,1787958140.0],[123.809904,10.349287,179.7374267578125,1787958141.0],[123.810018,10.349334,180.0643310546875,1787958152.0],[123.810071,10.349343,179.4744873046875,1787958157.0],[123.810084,10.349345,179.0787353515625,1787958158.0],[123.810253,10.349349,176.63031005859375,1787958174.0],[123.810262,10.349351,176.73193359375,1787958175.0],[123.810429,10.349335,175.31268310546875,1787958191.0],[123.81044,10.349333,174.918701171875,1787958192.0],[123.8106,10.34929,170.92242431640625,1787958209.0],[123.810609,10.349287,170.921142578125,1787958210.0],[123.81076,10.349239,169.68994140625,1787958226.0],[123.81077,10.349235,169.55194091796875,1787958227.0],[123.810929,10.349189,167.7060546875,1787958243.0],[123.81094,10.349191,168.06219482421875,1787958244.0],[123.81099,10.349188,168.06640625,1787958249.0],[123.811096,10.349144,167.68450927734375,1787958260.0],[123.811103,10.349142,168.03045654296875,1787958261.0],[123.811171,10.34912,170.2373046875,1787958271.0],[123.811255,10.349072,170.69091796875,1787958279.0],[123.811268,10.349073,170.50927734375,1787958280.0],[123.811281,10.349072,170.1361083984375,1787958281.0],[123.811318,10.349061,169.7489013671875,1787958284.0],[123.811473,10.349069,171.07196044921875,1787958297.0],[123.811484,10.34907,170.8916015625,1787958298.0],[123.811621,10.349075,172.50445556640625,1787958309.0],[123.811677,10.349086,173.687255859375,1787958314.0],[123.811688,10.34909,174.4481201171875,1787958315.0],[123.811879,10.349108,175.1910400390625,1787958331.0],[123.811892,10.349109,175.26043701171875,1787958332.0],[123.812082,10.349162,175.85211181640625,1787958348.0],[123.812093,10.349166,175.891845703125,1787958349.0],[123.812192,10.349214,176.5726318359375,1787958358.0],[123.812264,10.349271,176.879638671875,1787958365.0],[123.812274,10.349279,176.858642578125,1787958366.0],[123.81242,10.349406,175.8184814453125,1787958382.0],[123.812429,10.349414,175.933349609375,1787958383.0],[123.812491,10.349471,175.60870361328125,1787958390.0],[123.812557,10.349553,174.81048583984375,1787958399.0],[123.812564,10.349564,174.58221435546875,1787958400.0],[123.812656,10.349741,172.682861328125,1787958416.0],[123.812662,10.349752,172.7513427734375,1787958417.0],[123.812698,10.349852,171.87213134765625,1787958426.0],[123.812714,10.349939,170.96759033203125,1787958433.0],[123.812712,10.349951,171.0023193359375,1787958434.0],[123.812714,10.350107,170.21624755859375,1787958447.0],[123.812727,10.350138,170.95458984375,1787958450.0],[123.812732,10.350148,170.953857421875,1787958451.0],[123.812769,10.350181,171.4493408203125,1787958456.0],[123.812845,10.350206,170.82196044921875,1787958465.0],[123.812864,10.350228,171.9437255859375,1787958471.0],[123.812864,10.350231,172.00390625,1787958472.0],[123.813012,10.350267,175.384521484375,1787958602.0],[123.813017,10.350271,174.8701171875,1787958603.0],[123.813171,10.350371,174.15106201171875,1787958619.0],[123.813181,10.350378,174.01129150390625,1787958620.0],[123.813221,10.350448,172.69464111328125,1787958627.0],[123.813242,10.350549,171.57635498046875,1787958636.0],[123.813244,10.350561,171.594970703125,1787958637.0],[123.813248,10.350644,171.423828125,1787958644.0],[123.813277,10.350754,171.75152587890625,1787958653.0],[123.813281,10.350767,171.7611083984375,1787958654.0],[123.813304,10.350937,171.96771240234375,1787958667.0],[123.813303,10.350948,172.05145263671875,1787958668.0],[123.813306,10.351032,172.80810546875,1787958675.0],[123.813318,10.351075,174.64752197265625,1787958679.0],[123.813308,10.351138,174.0316162109375,1787958684.0],[123.813306,10.35115,174.14947509765625,1787958685.0],[123.813313,10.351353,170.54541015625,1787958701.0],[123.813313,10.351468,170.20513916015625,1787958711.0],[123.813327,10.351546,170.37738037109375,1787958718.0],[123.81333,10.351558,170.3857421875,1787958719.0],[123.813335,10.35157,170.4222412109375,1787958720.0],[123.813344,10.351579,169.87921142578125,1787958791.0],[123.81337,10.35162,170.05712890625,1787958795.0],[123.813368,10.351684,170.19171142578125,1787958800.0],[123.813369,10.351696,170.3350830078125,1787958801.0],[123.813371,10.351734,169.95159912109375,1787958804.0],[123.813353,10.351779,171.17999267578125,1787958829.0],[123.813356,10.351891,171.42987060546875,1787958838.0],[123.813358,10.351903,171.25128173828125,1787958839.0],[123.8134,10.352094,171.7313232421875,1787958855.0],[123.813403,10.352105,171.86474609375,1787958856.0],[123.813483,10.352288,173.65399169921875,1787958872.0],[123.813488,10.352298,173.91973876953125,1787958873.0],[123.81355,10.352406,175.1973876953125,1787958884.0],[123.813587,10.352453,175.31817626953125,1787958889.0],[123.813593,10.352462,175.205078125,1787958890.0],[123.813672,10.352596,175.31488037109375,1787958902.0],[123.813676,10.352609,175.2489013671875,1787958903.0],[123.813753,10.352717,175.4549560546875,1787958913.0],[123.813761,10.352729,175.6690673828125,1787958914.0],[123.81381,10.352794,175.6280517578125,1787958920.0],[123.813877,10.352858,175.00390625,1787958927.0],[123.813885,10.352869,175.037353515625,1787958928.0],[123.813911,10.352896,175.5177001953125,1787958931.0],[123.814041,10.352974,176.55462646484375,1787958943.0],[123.814053,10.352979,176.46875,1787958944.0],[123.814109,10.353009,176.8956298828125,1787958949.0],[123.814245,10.353059,177.8255615234375,1787958960.0],[123.814257,10.353063,177.90283203125,1787958961.0],[123.814364,10.353097,177.9072265625,1787958970.0],[123.814431,10.353133,178.109619140625,1787958976.0],[123.814444,10.353137,178.0416259765625,1787958977.0],[123.81458,10.353206,179.31256103515625,1787958988.0],[123.814591,10.353212,179.4674072265625,1787958989.0],[123.814754,10.353314,182.9879150390625,1787959005.0],[123.814766,10.353319,182.9727783203125,1787959006.0],[123.814881,10.353386,183.07476806640625,1787959089.0],[123.814888,10.353401,183.17218017578125,1787959090.0],[123.814924,10.353409,183.7138671875,1787959093.0],[123.814936,10.353412,184.05438232421875,1787959094.0],[123.81513,10.35346,187.49261474609375,1787959110.0],[123.815142,10.353465,187.70611572265625,1787959111.0],[123.815327,10.353526,185.9774169921875,1787959127.0],[123.815338,10.353531,185.8134765625,1787959128.0],[123.815504,10.353609,182.23004150390625,1787959144.0],[123.815516,10.353614,182.0811767578125,1787959145.0],[123.815698,10.353688,181.91552734375,1787959161.0],[123.815709,10.353692,181.70062255859375,1787959162.0],[123.815832,10.35373,182.99249267578125,1787959173.0],[123.815884,10.353763,182.0391845703125,1787959178.0],[123.815895,10.35377,181.65399169921875,1787959179.0],[123.815989,10.35383,179.67822265625,1787959188.0],[123.816034,10.353847,179.24932861328125,1787959192.0],[123.816052,10.353871,178.738525390625,1787959195.0],[123.816062,10.353877,178.84979248046875,1787959196.0],[123.816247,10.353942,179.2581787109375,1787959212.0],[123.816259,10.353947,179.0843505859375,1787959213.0],[123.816345,10.353979,178.9840087890625,1787959220.0],[123.816426,10.354046,178.8228759765625,1787959229.0],[123.816433,10.354056,178.7882080078125,1787959230.0],[123.816543,10.354195,177.898681640625,1787959244.0],[123.816552,10.354204,177.93621826171875,1787959245.0],[123.816689,10.354348,178.56353759765625,1787959261.0],[123.816698,10.354356,178.5450439453125,1787959262.0],[123.816838,10.354502,179.498046875,1787959278.0],[123.816845,10.354513,179.32666015625,1787959279.0],[123.816965,10.354654,178.901611328125,1787959293.0],[123.816973,10.354663,178.8807373046875,1787959294.0],[123.817076,10.35478,179.0672607421875,1787959307.0],[123.817087,10.354797,178.55224609375,1787959309.0],[123.817083,10.354813,178.34649658203125,1787959310.0],[123.817081,10.354825,176.50006103515625,1787959311.0],[123.817141,10.354841,177.0819091796875,1787959368.0],[123.817201,10.354909,178.54827880859375,1787959376.0],[123.817246,10.354943,178.979736328125,1787959381.0],[123.817255,10.354949,178.62261962890625,1787959382.0],[123.817324,10.354997,179.3604736328125,1787959389.0],[123.817427,10.355038,180.019287109375,1787959398.0],[123.81744,10.355043,180.193359375,1787959399.0],[123.81757,10.35512,181.26611328125,1787959410.0],[123.81758,10.355127,181.41217041015625,1787959411.0],[123.817718,10.355222,182.848388671875,1787959424.0],[123.817729,10.355232,182.85986328125,1787959425.0],[123.817817,10.355304,183.76708984375,1787959434.0],[123.817894,10.355352,183.1602783203125,1787959441.0],[123.817904,10.355359,183.30560302734375,1787959442.0],[123.817953,10.355384,183.016357421875,1787959446.0],[123.818066,10.355419,183.64520263671875,1787959455.0],[123.818078,10.355423,183.81280517578125,1787959456.0],[123.81826,10.355434,183.941650390625,1787959470.0],[123.818272,10.355434,183.649658203125,1787959471.0],[123.81846,10.355438,184.39306640625,1787959485.0],[123.818474,10.355438,184.351806640625,1787959486.0],[123.81866,10.355437,186.22576904296875,1787959500.0],[123.818673,10.355436,186.3670654296875,1787959501.0],[123.818868,10.355435,189.7208251953125,1787959517.0],[123.818879,10.355437,190.02032470703125,1787959518.0],[123.819063,10.355508,191.195068359375,1787959534.0],[123.819074,10.355514,191.243408203125,1787959535.0],[123.81925,10.355602,193.57977294921875,1787959551.0],[123.819261,10.355607,193.31060791015625,1787959552.0],[123.819452,10.355667,193.99700927734375,1787959568.0],[123.819465,10.35567,194.1441650390625,1787959569.0],[123.819648,10.355714,197.5133056640625,1787959585.0],[123.81966,10.355715,197.7432861328125,1787959586.0],[123.819849,10.355762,199.96356201171875,1787959602.0],[123.819861,10.355765,200.07745361328125,1787959603.0],[123.820038,10.355846,199.45086669921875,1787959619.0],[123.820049,10.355851,199.31732177734375,1787959620.0],[123.820136,10.355902,197.2796630859375,1787959629.0],[123.820185,10.355959,195.41351318359375,1787959636.0],[123.820192,10.355968,195.340576171875,1787959637.0],[123.820324,10.356102,194.01947021484375,1787959653.0],[123.820332,10.356111,194.07574462890625,1787959654.0],[123.820396,10.356169,193.868408203125,1787959661.0],[123.820488,10.356229,193.7403564453125,1787959670.0],[123.8205,10.356235,193.53717041015625,1787959671.0],[123.820684,10.35632,192.2603759765625,1787959687.0],[123.820695,10.356327,192.3736572265625,1787959688.0],[123.820723,10.356355,192.67474365234375,1787959691.0],[123.82079,10.356506,191.3839111328125,1787959704.0],[123.820797,10.356516,191.27264404296875,1787959705.0],[123.820908,10.356653,190.677734375,1787959745.0],[123.820915,10.35666,190.6104736328125,1787959746.0],[123.821011,10.356765,190.981689453125,1787959759.0],[123.821023,10.356801,191.44573974609375,1787959763.0],[123.82103,10.356811,191.40869140625,1787959764.0],[123.821071,10.356913,193.41650390625,1787959775.0],[123.821081,10.356965,194.8160400390625,1787959780.0],[123.821086,10.356979,193.9154052734375,1787959781.0],[123.82109,10.357046,193.82366943359375,1787959786.0],[123.821117,10.357137,192.707763671875,1787959793.0],[123.82112,10.357149,193.00787353515625,1787959794.0],[123.821128,10.357344,193.55181884765625,1787959810.0],[123.821129,10.357356,193.32208251953125,1787959811.0],[123.82111,10.357441,191.77899169921875,1787959818.0],[123.821059,10.357533,190.06658935546875,1787959827.0],[123.821054,10.357543,190.03765869140625,1787959828.0],[123.820996,10.357619,188.53863525390625,1787959837.0],[123.820935,10.357672,188.656005859375,1787959844.0],[123.820927,10.35768,188.4605712890625,1787959845.0],[123.820764,10.357777,186.73687744140625,1787959861.0],[123.820753,10.357781,186.52142333984375,1787959862.0],[123.820646,10.3578,186.119384765625,1787959871.0],[123.820634,10.35782,185.8367919921875,1787959873.0],[123.820579,10.357838,186.08563232421875,1787959878.0],[123.820569,10.357842,186.01123046875,1787959879.0],[123.820515,10.357849,186.229736328125,1787959884.0],[123.820393,10.357896,187.1563720703125,1787959895.0],[123.820383,10.3579,187.2015380859375,1787959896.0],[123.820349,10.35791,187.22296142578125,1787959899.0],[123.820228,10.357994,187.78521728515625,1787959926.0],[123.820223,10.358003,188.0821533203125,1787959927.0],[123.820205,10.35805,188.39569091796875,1787959932.0],[123.820227,10.358158,190.42352294921875,1787959943.0],[123.820231,10.35817,190.61865234375,1787959944.0],[123.82027,10.358255,193.3614501953125,1787959954.0],[123.820322,10.358321,194.167724609375,1787959961.0],[123.820327,10.35833,194.2806396484375,1787959962.0],[123.820357,10.358372,195.25360107421875,1787959967.0],[123.820398,10.358398,195.039306640625,1787959971.0],[123.820421,10.358433,195.59368896484375,1787959975.0],[123.82045,10.358452,195.3917236328125,1787959978.0],[123.820461,10.358457,195.2950439453125,1787959979.0],[123.820585,10.358549,197.1195068359375,1787959992.0],[123.820608,10.358576,197.27838134765625,1787959995.0],[123.820617,10.358584,197.4149169921875,1787959996.0],[123.82075,10.3587,199.634033203125,1787960012.0],[123.82076,10.358706,200.0302734375,1787960013.0],[123.820924,10.358797,201.8017578125,1787960029.0],[123.820934,10.358801,201.8287353515625,1787960030.0],[123.820987,10.358819,202.5968017578125,1787960035.0],[123.821084,10.358876,203.0125732421875,1787960046.0],[123.821094,10.358881,202.8153076171875,1787960047.0],[123.821255,10.358965,201.74853515625,1787960063.0],[123.821264,10.358973,201.5115966796875,1787960064.0],[123.821442,10.359056,200.693359375,1787960080.0],[123.821453,10.359061,200.48974609375,1787960081.0],[123.821506,10.359093,200.685302734375,1787960086.0],[123.82158,10.359109,200.8656005859375,1787960092.0],[123.821634,10.359135,201.01708984375,1787960097.0],[123.821645,10.359142,200.95928955078125,1787960098.0],[123.821821,10.359225,200.597412109375,1787960114.0],[123.821832,10.359231,200.6256103515625,1787960115.0],[123.821901,10.359264,200.35101318359375,1787960122.0],[123.821964,10.359337,201.3333740234375,1787960131.0],[123.821971,10.359345,201.222900390625,1787960132.0],[123.821999,10.35937,200.58349609375,1787960135.0],[123.822046,10.359392,200.2628173828125,1787960142.0],[123.822128,10.359469,200.9442138671875,1787960151.0],[123.822136,10.359475,200.94677734375,1787960152.0],[123.822311,10.359566,200.88232421875,1787960168.0],[123.822321,10.359574,200.941162109375,1787960169.0],[123.822398,10.359623,200.58990478515625,1787960176.0],[123.8225,10.359657,200.10308837890625,1787960185.0],[123.822514,10.359657,199.7431640625,1787960186.0],[123.82262,10.359639,201.0906982421875,1787960195.0],[123.822701,10.359636,202.0322265625,1787960202.0],[123.822713,10.359635,202.3018798828125,1787960203.0],[123.822902,10.359624,204.18560791015625,1787960221.0],[123.822914,10.359622,203.9525146484375,1787960222.0],[123.823118,10.359594,204.7264404296875,1787960238.0],[123.82313,10.35959,204.8724365234375,1787960239.0],[123.823187,10.359572,205.746337890625,1787960244.0],[123.82331,10.359508,206.466796875,1787960255.0],[123.823321,10.359501,206.59368896484375,1787960256.0],[123.823448,10.359345,207.3128662109375,1787960272.0],[123.823456,10.359337,207.4442138671875,1787960273.0],[123.82351,10.359274,208.64801025390625,1787960280.0],[123.823589,10.359213,207.32952880859375,1787960289.0],[123.823597,10.359205,207.22979736328125,1787960290.0],[123.82368,10.359144,206.7276611328125,1787960299.0],[123.823748,10.35911,204.36871337890625,1787960305.0],[123.823758,10.359104,204.2200927734375,1787960306.0],[123.823933,10.359021,204.98309326171875,1787960322.0],[123.823945,10.359017,205.1522216796875,1787960323.0],[123.824006,10.359,205.01123046875,1787960328.0],[123.824139,10.35899,205.552734375,1787960339.0],[123.82415,10.358988,205.63348388671875,1787960340.0],[123.824275,10.358981,204.852783203125,1787960351.0],[123.82433,10.35899,203.68182373046875,1787960356.0],[123.824341,10.358993,203.0821533203125,1787960357.0],[123.824388,10.359016,203.44671630859375,1787960362.0],[123.824493,10.359092,203.0096435546875,1787960373.0],[123.824503,10.359099,203.2210693359375,1787960374.0],[123.824592,10.359156,202.205322265625,1787960383.0],[123.824654,10.359211,200.8121337890625,1787960390.0],[123.824664,10.359217,200.312744140625,1787960391.0],[123.824727,10.359251,202.0018310546875,1787960407.0],[123.824807,10.359337,200.54791259765625,1787960416.0],[123.824815,10.359346,200.6126708984375,1787960417.0],[123.824941,10.359479,199.61151123046875,1787960433.0],[123.824948,10.359488,199.7744140625,1787960434.0],[123.824993,10.359532,199.97088623046875,1787960439.0],[123.825067,10.359634,202.56732177734375,1787960450.0],[123.825074,10.359643,203.087890625,1787960451.0],[123.825164,10.359796,204.87811279296875,1787960467.0],[123.825167,10.359805,204.8475341796875,1787960468.0],[123.825205,10.359989,205.458740234375,1787960485.0],[123.825208,10.360005,204.6519775390625,1787960486.0],[123.825225,10.360124,203.2371826171875,1787960495.0],[123.825246,10.36018,203.41802978515625,1787960500.0],[123.825249,10.360192,203.38067626953125,1787960501.0],[123.825272,10.360268,205.2239990234375,1787960508.0],[123.82527,10.36038,204.93182373046875,1787960517.0],[123.825272,10.360395,204.6280517578125,1787960518.0],[123.825279,10.360479,204.0233154296875,1787960524.0],[123.825295,10.360536,203.7239990234375,1787960528.0],[123.825296,10.360549,203.63238525390625,1787960529.0],[123.825271,10.360732,203.650390625,1787960544.0],[123.825271,10.360742,203.91485595703125,1787960545.0],[123.825249,10.360907,203.68475341796875,1787960558.0],[123.825248,10.360922,203.5078125,1787960559.0],[123.825242,10.361086,202.0760498046875,1787960572.0],[123.825241,10.361099,202.0196533203125,1787960573.0],[123.825221,10.36129,202.9425048828125,1787960589.0],[123.82522,10.361302,202.8145751953125,1787960590.0],[123.825196,10.361489,203.040283203125,1787960606.0],[123.825195,10.361502,202.864501953125,1787960607.0],[123.82521,10.361569,202.4708251953125,1787960612.0],[123.825226,10.361593,201.9918212890625,1787960614.0],[123.825249,10.361601,201.79833984375,1787960616.0],[123.825273,10.361585,201.6812744140625,1787960619.0],[123.825279,10.361578,201.8148193359375,1787960620.0],[123.825311,10.361544,202.81439208984375,1787960641.0],[123.825353,10.361436,205.215087890625,1787960652.0],[123.825356,10.361425,205.27972412109375,1787960653.0],[123.825398,10.361324,205.9512939453125,1787960664.0],[123.825431,10.361277,205.27459716796875,1787960669.0],[123.825441,10.361269,205.39544677734375,1787960670.0],[123.825579,10.361159,208.41815185546875,1787960686.0],[123.825589,10.361154,208.64703369140625,1787960687.0],[123.825736,10.361088,212.36981201171875,1787960703.0],[123.825744,10.361084,212.33056640625,1787960704.0],[123.825849,10.361035,213.75689697265625,1787960716.0],[123.825878,10.360996,215.524169921875,1787960721.0],[123.825882,10.360986,215.6058349609375,1787960722.0],[123.825921,10.360815,219.1114501953125,1787960741.0],[123.825921,10.360805,219.09576416015625,1787960742.0],[123.825949,10.360627,221.50250244140625,1787960762.0],[123.825947,10.360618,221.658447265625,1787960763.0],[123.825968,10.360509,224.04937744140625,1787960776.0],[123.825999,10.360436,225.5240478515625,1787960785.0],[123.826002,10.360426,225.49859619140625,1787960786.0],[123.825994,10.360352,226.483154296875,1787960793.0],[123.825939,10.360266,227.584228515625,1787960802.0],[123.825933,10.360257,227.7523193359375,1787960803.0],[123.825888,10.360143,230.4881591796875,1787960815.0],[123.825889,10.360096,231.39019775390625,1787960820.0],[123.82589,10.360086,231.4283447265625,1787960821.0],[123.8259,10.359928,233.6097412109375,1787960837.0],[123.825901,10.359917,233.6944580078125,1787960838.0],[123.825951,10.359754,234.4892578125,1787960854.0],[123.825954,10.359744,234.5374755859375,1787960855.0],[123.826,10.359576,235.5924072265625,1787960871.0],[123.826002,10.359566,235.616455078125,1787960872.0],[123.82604,10.359407,236.4375,1787960888.0],[123.826042,10.359398,236.5091552734375,1787960889.0],[123.826042,10.359235,238.3092041015625,1787960905.0],[123.826043,10.359224,238.5882568359375,1787960906.0],[123.826045,10.359062,241.962646484375,1787960922.0],[123.826047,10.359052,242.08587646484375,1787960923.0],[123.826059,10.358886,243.90234375,1787960939.0],[123.82606,10.358876,243.83203125,1787960940.0],[123.826047,10.358701,243.89208984375,1787960962.0],[123.826047,10.358689,243.9974365234375,1787960963.0],[123.82604,10.358629,243.7357177734375,1787960968.0],[123.825995,10.358514,243.99114990234375,1787960979.0],[123.825992,10.358504,244.1849365234375,1787960980.0],[123.825986,10.358455,245.00146484375,1787960985.0],[123.826019,10.358353,246.416259765625,1787960996.0],[123.826024,10.358345,246.5511474609375,1787960997.0],[123.82608,10.358253,246.8961181640625,1787961008.0],[123.826113,10.358219,247.8795166015625,1787961013.0],[123.826121,10.358214,247.99285888671875,1787961014.0],[123.826194,10.35817,249.67987060546875,1787961024.0],[123.826292,10.358132,253.11383056640625,1787961037.0],[123.826301,10.358129,253.59002685546875,1787961038.0],[123.826339,10.358104,253.9520263671875,1787961043.0],[123.826348,10.358085,254.07330322265625,1787961045.0],[123.826351,10.358059,253.6781005859375,1787961049.0],[123.826336,10.358042,253.9708251953125,1787961052.0],[123.826333,10.357989,255.2794189453125,1787961059.0],[123.826334,10.357983,255.3992919921875,1787961060.0],[123.826337,10.357936,255.76123046875,1787961068.0],[123.826357,10.357871,255.97760009765625,1787961080.0],[123.826357,10.357849,255.4046630859375,1787961082.0],[123.826336,10.357828,255.209228515625,1787961085.0],[123.826334,10.35782,255.3077392578125,1787961086.0],[123.826351,10.357791,255.87841796875,1787961090.0],[123.826354,10.357766,256.62225341796875,1787961093.0],[123.826342,10.357742,257.3734130859375,1787961096.0],[123.826351,10.357668,261.782470703125,1787961108.0],[123.826369,10.357639,263.082763671875,1787961113.0],[123.826375,10.357634,263.14599609375,1787961114.0],[123.826377,10.357604,263.8331298828125,1787961118.0],[123.826357,10.357592,262.54150390625,1787961124.0],[123.826342,10.357494,262.78717041015625,1787961137.0],[123.826357,10.357467,264.937255859375,1787961149.0],[123.826361,10.357466,264.998779296875,1787961150.0],[123.826445,10.357421,267.4383544921875,1787961164.0],[123.826496,10.35742,268.31768798828125,1787961183.0],[123.826514,10.357394,270.0555419921875,1787961187.0],[123.826517,10.357392,270.208984375,1787961188.0],[123.826534,10.35737,271.9981689453125,1787961194.0],[123.826534,10.357297,274.6439208984375,1787961213.0],[123.826569,10.357265,274.34136962890625,1787961229.0],[123.826566,10.357231,275.28753662109375,1787961235.0],[123.826567,10.357225,275.50054931640625,1787961236.0],[123.826567,10.357194,277.093994140625,1787961241.0],[123.826553,10.357176,277.6158447265625,1787961245.0],[123.826552,10.357149,279.01611328125,1787961250.0],[123.826512,10.357115,284.0655517578125,1787961260.0],[123.826515,10.357089,284.9453125,1787961269.0],[123.826544,10.357077,284.56689453125,1787961274.0],[123.826549,10.357073,284.3643798828125,1787961275.0],[123.826562,10.357045,283.6754150390625,1787961346.0],[123.826532,10.356983,286.9395751953125,1787961362.0],[123.82647,10.356943,287.837646484375,1787961373.0],[123.82647,10.356938,288.157470703125,1787961374.0],[123.826439,10.356901,289.58978271484375,1787961382.0],[123.826431,10.356877,290.975830078125,1787961387.0],[123.826441,10.356827,292.52508544921875,1787961414.0],[123.826432,10.356776,293.14324951171875,1787961422.0],[123.826422,10.356773,293.247314453125,1787961423.0],[123.826399,10.356757,294.6583251953125,1787961435.0],[123.826391,10.356682,297.8165283203125,1787961474.0],[123.826401,10.356632,299.789794921875,1787961483.0],[123.826381,10.356609,299.3758544921875,1787961494.0],[123.826379,10.356607,299.36505126953125,1787961495.0],[123.82636,10.356585,299.77691650390625,1787961499.0],[123.826286,10.356566,303.59735107421875,1787961583.0],[123.826261,10.356571,303.4317626953125,1787961757.0],[123.826245,10.356549,304.8961181640625,1787961988.0],[123.826265,10.35653,305.8204345703125,1787962006.0],[123.826261,10.356406,311.8824462890625,1787962059.0],[123.826227,10.356364,313.8929443359375,1787962090.0],[123.826225,10.356365,313.7333984375,1787962091.0],[123.826201,10.35636,313.8331298828125,1787962344.0],[123.82616,10.356327,317.1395263671875,1787962362.0],[123.826134,10.35633,318.5494384765625,1787962369.0],[123.826108,10.356321,320.7471923828125,1787962380.0],[123.826074,10.356278,324.29443359375,1787962463.0],[123.82607,10.356276,324.4676513671875,1787962464.0],[123.826044,10.356262,326.507568359375,1787962475.0],[123.826023,10.356215,327.9525146484375,1787962620.0],[123.826,10.356204,328.6136474609375,1787962658.0],[123.825957,10.356139,331.7354736328125,1787962671.0],[123.825954,10.356138,331.6732177734375,1787962672.0],[123.825967,10.356161,329.434326171875,1787962683.0],[123.82599,10.356172,329.1114501953125,1787962688.0],[123.825911,10.356085,332.877197265625,1787962718.0],[123.825906,10.35608,333.1300048828125,1787962719.0],[123.82588,10.35606,333.2506103515625,1787962725.0],[123.825883,10.356033,334.644287109375,1787962755.0],[123.825855,10.355964,335.33642578125,1787962866.0],[123.825845,10.355905,336.433349609375,1787962875.0],[123.825843,10.355899,336.5687255859375,1787962876.0],[123.825837,10.355866,335.9747314453125,1787962880.0],[123.825899,10.355767,336.14501953125,1787962917.0],[123.825903,10.355797,335.985107421875,1787963004.0],[123.825901,10.355807,335.79644775390625,1787963005.0],[123.82587,10.35584,336.3583984375,1787963010.0],[123.825851,10.355847,335.6727294921875,1787963012.0],[123.825783,10.355777,336.72857666015625,1787963024.0],[123.825778,10.355773,336.77581787109375,1787963025.0],[123.82579,10.355751,336.671630859375,1787963038.0],[123.825785,10.355773,336.4857177734375,1787963045.0],[123.825722,10.35577,336.1993408203125,1787963060.0],[123.825672,10.355756,337.52587890625,1787963065.0],[123.825665,10.355751,337.5989990234375,1787963066.0],[123.825657,10.35575,337.7061767578125,1787963067.0],[123.825695,10.355769,337.13153076171875,1787963074.0],[123.825754,10.355774,336.8389892578125,1787963080.0],[123.8257,10.355769,338.05615234375,1787963094.0],[123.825692,10.355769,338.01025390625,1787963095.0],[123.825613,10.355749,338.447021484375,1787963105.0],[123.825508,10.355748,342.2830810546875,1787963141.0],[123.825501,10.355745,342.26153564453125,1787963142.0],[123.825377,10.355726,344.3377685546875,1787963175.0],[123.825326,10.355704,345.590576171875,1787963182.0],[123.825318,10.355702,345.63067626953125,1787963183.0],[123.82527,10.355669,347.0496826171875,1787963193.0],[123.825246,10.355622,347.295166015625,1787963303.0],[123.825192,10.35557,350.16851806640625,1787963319.0],[123.825191,10.355568,350.22900390625,1787963320.0],[123.825157,10.355535,350.9344482421875,1787963390.0],[123.825147,10.35551,351.3189697265625,1787963394.0],[123.825173,10.355407,353.926513671875,1787963414.0],[123.825175,10.3554,354.19610595703125,1787963415.0],[123.825177,10.355368,355.34637451171875,1787963420.0],[123.825239,10.355246,353.810791015625,1787963437.0],[123.825244,10.35524,353.71514892578125,1787963438.0],[123.825287,10.355201,352.0452880859375,1787963453.0],[123.825345,10.355092,349.7218017578125,1787963474.0],[123.825342,10.355085,349.70166015625,1787963475.0],[123.825351,10.355055,351.58099365234375,1787963482.0],[123.825324,10.355018,351.42950439453125,1787963491.0],[123.8253,10.355008,351.783447265625,1787963496.0],[123.825274,10.355012,352.16790771484375,1787963502.0],[123.825253,10.354997,354.0120849609375,1787963510.0],[123.825239,10.354969,357.65521240234375,1787963528.0],[123.825239,10.354964,357.6075439453125,1787963529.0],[123.82513,10.354818,362.99078369140625,1787963562.0],[123.825125,10.354814,363.11639404296875,1787963563.0],[123.825067,10.354707,363.6597900390625,1787963644.0],[123.825076,10.354651,363.750244140625,1787963652.0],[123.825076,10.354644,363.9072265625,1787963653.0],[123.825072,10.354465,367.73291015625,1787963688.0],[123.825073,10.354459,368.125244140625,1787963689.0],[123.825063,10.354408,369.1964111328125,1787963698.0],[123.825076,10.354391,369.544921875,1787963701.0],[123.825089,10.354296,372.0673828125,1787963747.0],[123.825088,10.354292,372.197265625,1787963748.0],[123.825066,10.35419,374.6485595703125,1787963771.0],[123.825062,10.354113,376.01507568359375,1787963784.0],[123.825064,10.354107,375.982666015625,1787963785.0],[123.825058,10.354002,378.9454345703125,1787963808.0],[123.825039,10.35392,381.5799560546875,1787963829.0],[123.825036,10.353916,381.67645263671875,1787963830.0],[123.825016,10.353862,383.85693359375,1787963843.0],[123.825013,10.353792,384.73974609375,1787963918.0],[123.824995,10.35374,386.635009765625,1787963928.0],[123.82499,10.353736,386.57696533203125,1787963929.0],[123.824901,10.35369,389.7718505859375,1787963946.0],[123.824885,10.353669,390.86651611328125,1787963951.0],[123.824871,10.353616,391.6627197265625,1787964045.0],[123.824872,10.353609,391.839599609375,1787964046.0],[123.824867,10.353581,392.972412109375,1787964051.0],[123.82484,10.353542,394.1968994140625,1787964060.0],[123.82483,10.353495,396.590087890625,1787964069.0],[123.824849,10.353443,398.5811767578125,1787964081.0],[123.824848,10.35344,398.7850341796875,1787964082.0],[123.824836,10.353366,402.17596435546875,1787964199.0],[123.824848,10.353292,405.85125732421875,1787964219.0],[123.824839,10.353266,407.2349853515625,1787964226.0],[123.824837,10.353261,407.43603515625,1787964227.0],[123.824851,10.353232,408.6207275390625,1787964365.0],[123.824837,10.353178,410.2044677734375,1787964524.0],[123.824835,10.353172,410.379638671875,1787964525.0],[123.82485,10.353121,411.5594482421875,1787964534.0],[123.824845,10.353076,412.7664794921875,1787964541.0],[123.824863,10.353004,414.65606689453125,1787964602.0],[123.824862,10.352997,414.59478759765625,1787964603.0],[123.824861,10.352944,415.1787109375,1787964611.0],[123.824884,10.352872,417.14404296875,1787964625.0],[123.824924,10.35284,418.1695556640625,1787964633.0],[123.824929,10.352836,418.2528076171875,1787964634.0],[123.82496,10.352742,421.378662109375,1787964651.0],[123.824921,10.352672,424.7086181640625,1787964667.0],[123.824919,10.352669,424.8636474609375,1787964668.0],[123.824866,10.352491,430.384521484375,1787964795.0],[123.824866,10.352485,430.644775390625,1787964796.0],[123.824942,10.352351,436.5775146484375,1787964839.0],[123.824933,10.352323,438.01318359375,1787964846.0],[123.824932,10.352318,438.09075927734375,1787964847.0],[123.82492,10.352265,439.83984375,1787964858.0],[123.824847,10.352205,439.76702880859375,1787964879.0],[123.824851,10.352174,440.9329833984375,1787964884.0],[123.824852,10.352172,440.9727783203125,1787964885.0],[123.824838,10.352129,440.23681640625,1787964918.0],[123.824776,10.352088,440.5921630859375,1787964931.0],[123.824756,10.352034,439.43048095703125,1787964942.0],[123.824754,10.352028,439.29864501953125,1787964943.0],[123.824703,10.351943,437.03082275390625,1787964960.0],[123.824687,10.351895,435.99560546875,1787964968.0],[123.824692,10.351863,436.343994140625,1787964973.0],[123.824694,10.351858,436.21954345703125,1787964974.0],[123.824701,10.351777,436.6884765625,1787964999.0],[123.824673,10.35174,437.97998046875,1787965012.0],[123.824627,10.351712,439.6396484375,1787965020.0],[123.824624,10.35171,439.9061279296875,1787965021.0],[123.824603,10.351689,440.3057861328125,1787965026.0],[123.824528,10.351669,440.299560546875,1787965040.0],[123.824462,10.351623,441.4632568359375,1787965065.0],[123.824459,10.351616,441.58111572265625,1787965066.0],[123.824472,10.351515,441.9681396484375,1787965080.0],[123.824498,10.351442,443.53375244140625,1787965093.0],[123.8245,10.351439,444.1729736328125,1787965094.0],[123.82452,10.351388,445.8917236328125,1787965102.0],[123.824549,10.351351,445.501708984375,1787965109.0],[123.824547,10.351327,445.3153076171875,1787965112.0],[123.824531,10.351312,445.0736083984375,1787965116.0],[123.824516,10.351337,448.64898681640625,1787965122.0],[123.824512,10.351347,449.2757568359375,1787965123.0],[123.824469,10.351381,452.75372314453125,1787965132.0],[123.824398,10.351393,453.183837890625,1787965144.0],[123.824377,10.351385,453.7862548828125,1787965147.0],[123.824348,10.351398,454.393310546875,1787965152.0],[123.824343,10.351399,454.48492431640625,1787965153.0],[123.824266,10.351412,456.73699951171875,1787965172.0],[123.824217,10.351396,457.88458251953125,1787965183.0],[123.824168,10.351414,457.3521728515625,1787965206.0],[123.824163,10.351412,457.1998291015625,1787965207.0],[123.824086,10.351395,459.64111328125,1787965222.0],[123.824033,10.351396,461.7926025390625,1787965233.0],[123.823982,10.35138,463.21435546875,1787965244.0],[123.823974,10.35138,463.10919189453125,1787965245.0],[123.82392,10.351392,464.99627685546875,1787965257.0],[123.82387,10.351383,466.77117919921875,1787965267.0],[123.823826,10.351352,468.4447021484375,1787965278.0],[123.823799,10.351358,469.287841796875,1787965284.0],[123.823794,10.351354,468.85693359375,1787965285.0],[123.823755,10.351301,467.9622802734375,1787965369.0],[123.823751,10.35125,469.0025634765625,1787965378.0],[123.823728,10.351235,470.29638671875,1787965385.0],[123.82373,10.351206,470.254150390625,1787965395.0],[123.82373,10.351203,470.26171875,1787965396.0],[123.823753,10.351183,471.57568359375,1787965404.0],[123.823769,10.351134,475.2763671875,1787965426.0],[123.823841,10.351063,479.3555908203125,1787965554.0],[123.823842,10.351058,479.524658203125,1787965555.0],[123.823856,10.351033,483.637451171875,1787965628.0],[123.823882,10.351026,484.4998779296875,1787965640.0],[123.823905,10.350984,486.09375,1787965654.0],[123.823925,10.350968,487.707275390625,1787965684.0],[123.823939,10.350913,492.361083984375,1787965701.0],[123.823937,10.35091,492.894775390625,1787965702.0],[123.823954,10.350862,497.9150390625,1787965720.0],[123.823946,10.350838,496.7890625,1787965742.0],[123.823951,10.350813,497.02099609375,1787965746.0],[123.823974,10.350803,498.9622802734375,1787965752.0],[123.823978,10.350744,500.4674072265625,1787965761.0],[123.823976,10.350742,501.39404296875,1787965762.0],[123.823971,10.350718,504.617431640625,1787965769.0],[123.823982,10.350696,505.146728515625,1787965774.0],[123.823999,10.350676,505.029541015625,1787965779.0],[123.82402,10.350669,504.81884765625,1787965783.0],[123.824046,10.350626,505.906982421875,1787965797.0],[123.824052,10.350596,506.857666015625,1787965802.0],[123.824053,10.350591,506.6114501953125,1787965803.0],[123.824075,10.350543,507.4287109375,1787965819.0],[123.824081,10.350467,512.57080078125,1787965877.0],[123.824073,10.350416,513.856201171875,1787965889.0],[123.82407,10.350411,513.8226318359375,1787965890.0],[123.824049,10.350336,515.311279296875,1787965907.0],[123.824053,10.350234,517.4296875,1787965929.0],[123.824052,10.350229,517.45703125,1787965930.0],[123.824041,10.350047,522.127197265625,1787965995.0],[123.824041,10.350041,522.38427734375,1787965996.0],[123.824048,10.349911,527.066162109375,1787966026.0],[123.824033,10.349857,528.21435546875,1787966037.0],[123.824033,10.349851,528.548583984375,1787966038.0],[123.824042,10.349819,528.884521484375,1787966044.0],[123.824029,10.349772,529.7879638671875,1787966053.0],[123.824003,10.349731,531.048828125,1787966063.0],[123.824001,10.349676,532.150390625,1787966079.0],[123.824004,10.34967,532.1585693359375,1787966080.0],[123.82402,10.349497,535.354736328125,1787966108.0],[123.824021,10.349491,535.256103515625,1787966109.0],[123.824038,10.349392,536.505126953125,1787966135.0],[123.82403,10.34937,537.868896484375,1787966245.0],[123.824048,10.349322,538.197265625,1787966274.0],[123.824044,10.349318,538.0260009765625,1787966275.0],[123.824015,10.349302,538.7200927734375,1787966290.0],[123.824015,10.349277,538.881591796875,1787966294.0],[123.824031,10.349173,543.6365966796875,1787966370.0],[123.824045,10.349146,545.083984375,1787966384.0],[123.824049,10.349144,545.4290771484375,1787966385.0],[123.824059,10.349114,546.095947265625,1787966393.0],[123.824032,10.349116,545.9637451171875,1787966417.0],[123.824042,10.349139,543.867431640625,1787966432.0],[123.824056,10.349116,545.4766845703125,1787966444.0],[123.824129,10.349097,548.142333984375,1787966455.0],[123.824135,10.349094,548.42822265625,1787966456.0],[123.824141,10.34909,548.487548828125,1787966457.0],[123.824051,10.349125,546.842529296875,1787966477.0],[123.824128,10.349101,547.85009765625,1787966497.0],[123.824134,10.349098,547.941650390625,1787966498.0],[123.824198,10.349061,549.8505859375,1787966508.0],[123.824223,10.349057,551.3134765625,1787966514.0],[123.824231,10.349078,551.90673828125,1787966517.0],[123.824226,10.349101,552.1810302734375,1787966520.0],[123.824239,10.349074,551.322265625,1787966537.0],[123.824241,10.349068,551.4345703125,1787966538.0],[123.824283,10.349004,551.238525390625,1787966548.0],[123.824337,10.348964,550.97314453125,1787966557.0],[123.824365,10.348956,550.208984375,1787966561.0],[123.824371,10.348951,550.032470703125,1787966562.0],[123.824417,10.348935,548.7518310546875,1787966569.0],[123.82447,10.34893,548.365234375,1787966575.0],[123.82454,10.3489,547.659912109375,1787966585.0],[123.824544,10.348902,547.5947265625,1787966586.0],[123.824529,10.348924,548.71875,1787966606.0],[123.824632,10.348858,547.3563232421875,1787966627.0],[123.824614,10.348881,546.93359375,1787966634.0],[123.824606,10.348885,547.0667724609375,1787966635.0],[123.824557,10.348913,548.10302734375,1787966642.0],[123.824654,10.348829,546.1690673828125,1787966685.0],[123.82466,10.348823,545.9669189453125,1787966686.0],[123.824712,10.348762,544.269287109375,1787966695.0],[123.824786,10.348706,542.016845703125,1787966730.0],[123.82479,10.348701,541.805419921875,1787966731.0],[123.824884,10.348562,540.361328125,1787966750.0],[123.824889,10.348554,540.430419921875,1787966751.0],[123.824908,10.348508,539.240478515625,1787966756.0],[123.824945,10.348457,538.688232421875,1787966771.0],[123.824987,10.34842,538.064697265625,1787966777.0],[123.824993,10.348413,537.9146728515625,1787966778.0],[123.825071,10.348342,537.3642578125,1787966852.0],[123.82511,10.348288,537.085693359375,1787966859.0],[123.825115,10.348279,537.1044921875,1787966860.0],[123.825198,10.348146,535.273681640625,1787966915.0],[123.825205,10.348138,535.277587890625,1787966916.0],[123.82533,10.348028,534.110107421875,1787966932.0],[123.825338,10.348022,534.1953125,1787966933.0],[123.825408,10.34802,532.81005859375,1787966961.0],[123.825493,10.34799,531.638916015625,1787966971.0],[123.825502,10.347985,531.400634765625,1787966972.0],[123.825606,10.347911,531.5947265625,1787967029.0],[123.825616,10.347887,531.15380859375,1787967032.0],[123.825649,10.34787,531.2611083984375,1787967035.0],[123.825659,10.347866,531.244140625,1787967036.0],[123.825689,10.347858,531.695556640625,1787967039.0],[123.825646,10.347868,531.9794921875,1787967053.0],[123.825664,10.347855,532.218994140625,1787967084.0],[123.82569,10.347855,532.1185302734375,1787967097.0],[123.825705,10.347836,533.767578125,1787967149.0],[123.825731,10.347828,533.1876220703125,1787967196.0],[123.825734,10.347829,533.1357421875,1787967197.0],[123.825712,10.347836,532.86865234375,1787967216.0],[123.82574,10.347834,533.712646484375,1787967248.0],[123.825779,10.347855,534.57861328125,1787967264.0],[123.825855,10.347868,535.091796875,1787967276.0],[123.825858,10.347867,535.117919921875,1787967277.0],[123.825888,10.347859,534.25830078125,1787967286.0],[123.8259,10.347841,533.8040771484375,1787967289.0],[123.825941,10.34773,532.946533203125,1787967301.0],[123.825944,10.347721,532.9053955078125,1787967302.0],[123.825979,10.347674,532.434326171875,1787967308.0],[123.826045,10.347661,531.7235107421875,1787967315.0],[123.826026,10.347652,532.246337890625,1787967319.0],[123.825996,10.347663,533.058837890625,1787967331.0],[123.82599,10.347671,532.9254150390625,1787967332.0],[123.825984,10.347678,533.028076171875,1787967333.0],[123.826026,10.347662,532.232177734375,1787967339.0],[123.826072,10.347669,531.7073974609375,1787967344.0],[123.826129,10.347724,531.8492431640625,1787967352.0],[123.826136,10.34773,531.74609375,1787967353.0],[123.826139,10.347736,531.7943115234375,1787967354.0],[123.826072,10.347681,532.176513671875,1787967362.0],[123.826007,10.347655,532.2230224609375,1787967370.0],[123.826009,10.347648,531.98681640625,1787967371.0],[123.826072,10.347675,531.520751953125,1787967380.0],[123.826137,10.34773,531.746826171875,1787967389.0],[123.826146,10.347736,531.710693359375,1787967390.0],[123.826253,10.347784,532.3934326171875,1787967401.0],[123.826305,10.347785,532.333251953125,1787967406.0],[123.826316,10.347785,532.3779296875,1787967407.0],[123.826412,10.347798,531.8204345703125,1787967416.0],[123.826487,10.347827,531.7489013671875,1787967423.0],[123.826497,10.347832,531.90576171875,1787967424.0],[123.826542,10.347864,531.219970703125,1787967429.0],[123.826589,10.347875,531.2271728515625,1787967433.0],[123.826657,10.34791,531.372314453125,1787967440.0],[123.826668,10.347913,531.3717041015625,1787967441.0],[123.826724,10.347927,531.340087890625,1787967446.0],[123.826774,10.347923,531.7261962890625,1787967450.0],[123.826837,10.347878,530.43359375,1787967457.0],[123.826844,10.347871,530.423583984375,1787967458.0],[123.826933,10.347796,529.755859375,1787967469.0],[123.826956,10.347751,529.74951171875,1787967476.0],[123.82696,10.34774,529.883544921875,1787967477.0],[123.826981,10.347713,529.483642578125,1787967480.0],[123.827018,10.347695,528.676025390625,1787967484.0],[123.827031,10.347674,528.4520263671875,1787967487.0],[123.827036,10.347698,528.81298828125,1787967505.0],[123.827082,10.347716,528.8800048828125,1787967510.0],[123.827092,10.34772,528.914306640625,1787967511.0],[123.827179,10.347761,529.7257080078125,1787967520.0],[123.827247,10.34777,530.5089111328125,1787967527.0],[123.827257,10.347767,530.3941650390625,1787967528.0],[123.827307,10.347744,530.548583984375,1787967533.0],[123.827397,10.347662,529.2236328125,1787967553.0],[123.827404,10.347654,529.12353515625,1787967554.0],[123.827492,10.347586,528.0162353515625,1787967565.0],[123.827539,10.347564,527.798095703125,1787967570.0],[123.827549,10.34756,527.746826171875,1787967571.0],[123.827675,10.347521,523.8177490234375,1787967584.0],[123.827699,10.347496,523.64892578125,1787967587.0],[123.827708,10.34749,523.436767578125,1787967588.0],[123.827766,10.347442,523.735107421875,1787967607.0],[123.827803,10.347426,523.506103515625,1787967611.0],[123.827856,10.347436,524.3819580078125,1787967620.0],[123.827865,10.34744,524.370849609375,1787967621.0],[123.82791,10.347473,523.715576171875,1787967628.0],[123.827952,10.347578,521.752685546875,1787967640.0],[123.827953,10.347588,521.2781982421875,1787967641.0],[123.82796,10.347643,520.8233642578125,1787967646.0],[123.827999,10.347747,521.02099609375,1787967657.0],[123.828003,10.347756,521.1722412109375,1787967658.0],[123.828045,10.347837,521.2109375,1787967667.0],[123.828106,10.347879,522.25390625,1787967674.0],[123.828116,10.347882,522.182861328125,1787967675.0],[123.828232,10.347919,522.046875,1787967686.0],[123.828285,10.347926,522.25048828125,1787967691.0],[123.828295,10.347926,522.349365234375,1787967692.0],[123.828411,10.347921,521.4984130859375,1787967703.0],[123.82846,10.347943,521.214111328125,1787967708.0],[123.828469,10.347947,521.40380859375,1787967709.0],[123.828543,10.347969,520.2474365234375,1787967717.0],[123.828553,10.347991,519.7130126953125,1787967810.0],[123.828625,10.348021,517.9669189453125,1787967834.0],[123.828634,10.348028,517.8798828125,1787967835.0],[123.828687,10.348084,517.9501953125,1787967842.0],[123.828765,10.348145,517.4820556640625,1787967904.0],[123.828773,10.348148,517.410400390625,1787967905.0],[123.828839,10.348157,515.894775390625,1787967912.0],[123.828919,10.348114,514.6951904296875,1787967921.0],[123.828928,10.348108,514.3310546875,1787967922.0],[123.829067,10.348028,511.47998046875,1787967939.0],[123.829075,10.348026,511.4222412109375,1787967940.0],[123.829192,10.348023,510.989990234375,1787967957.0],[123.829236,10.347993,510.750244140625,1787967963.0],[123.829243,10.34799,510.69677734375,1787967964.0],[123.829328,10.347949,509.380615234375,1787967973.0],[123.829377,10.347895,508.6544189453125,1787967981.0],[123.82938,10.347886,508.5594482421875,1787967982.0],[123.829405,10.347843,506.423828125,1787967987.0],[123.829498,10.347763,504.656005859375,1787968014.0],[123.829506,10.347756,504.629638671875,1787968015.0],[123.82965,10.347699,504.128662109375,1787968031.0],[123.829658,10.347694,504.0867919921875,1787968032.0],[123.829724,10.347662,502.9345703125,1787968039.0],[123.829813,10.347644,502.0185546875,1787968049.0],[123.829819,10.347638,502.303466796875,1787968050.0],[123.829902,10.347672,500.717529296875,1787968081.0],[123.829831,10.347656,502.047607421875,1787968095.0],[123.829829,10.347652,502.403076171875,1787968096.0],[123.829855,10.347647,501.8736572265625,1787968102.0],[123.829906,10.347655,501.2393798828125,1787968112.0],[123.830002,10.347702,499.272705078125,1787968125.0],[123.83001,10.347706,499.228759765625,1787968126.0],[123.830042,10.347719,498.888671875,1787968131.0],[123.830191,10.34773,494.8076171875,1787968150.0],[123.830197,10.347732,494.613525390625,1787968151.0],[123.830226,10.347728,494.27587890625,1787968163.0],[123.830247,10.347736,493.297119140625,1787968192.0],[123.830289,10.347715,493.587646484375,1787968196.0],[123.830317,10.347639,494.27294921875,1787968203.0],[123.830319,10.347629,494.20263671875,1787968204.0],[123.83034,10.347493,493.69921875,1787968218.0],[123.830333,10.347465,492.2691650390625,1787968222.0],[123.830331,10.347461,492.1348876953125,1787968223.0],[123.830393,10.347314,491.17724609375,1787968250.0],[123.830396,10.347306,491.255615234375,1787968251.0],[123.830395,10.347254,491.0643310546875,1787968257.0],[123.830423,10.347221,491.57958984375,1787968272.0],[123.830428,10.347197,491.7188720703125,1787968274.0],[123.830425,10.347143,492.0380859375,1787968279.0],[123.830425,10.347134,492.30419921875,1787968280.0],[123.830427,10.346962,491.386962890625,1787968296.0],[123.830428,10.346951,491.3428955078125,1787968297.0],[123.830451,10.346832,492.786865234375,1787968308.0],[123.830451,10.34678,492.5242919921875,1787968313.0],[123.830449,10.346771,492.59716796875,1787968314.0],[123.830423,10.346601,491.277587890625,1787968330.0],[123.830422,10.34659,491.158935546875,1787968331.0],[123.830429,10.346424,490.2779541015625,1787968347.0],[123.83043,10.346413,490.2542724609375,1787968348.0],[123.830446,10.346336,489.7607421875,1787968359.0],[123.830488,10.346285,488.69287109375,1787968367.0],[123.830513,10.346272,488.667724609375,1787968375.0],[123.83052,10.346265,488.77001953125,1787968376.0],[123.830579,10.34622,486.36767578125,1787968384.0],[123.830669,10.346176,485.86767578125,1787968393.0],[123.830679,10.346169,485.81396484375,1787968394.0],[123.830751,10.34614,486.2919921875,1787968401.0],[123.830856,10.346119,486.3524169921875,1787968410.0],[123.830868,10.346116,486.1959228515625,1787968411.0],[123.831051,10.346072,486.24462890625,1787968427.0],[123.831062,10.346071,486.313232421875,1787968428.0],[123.831155,10.346091,484.78173828125,1787968437.0],[123.83122,10.346118,484.2359619140625,1787968444.0],[123.83123,10.34612,484.022216796875,1787968445.0],[123.831307,10.346143,482.748779296875,1787968454.0],[123.8314,10.346158,481.259033203125,1787968464.0],[123.831409,10.34616,480.89208984375,1787968465.0],[123.831587,10.3462,477.7314453125,1787968485.0],[123.831595,10.346205,477.3973388671875,1787968486.0],[123.831687,10.346251,474.64111328125,1787968499.0],[123.831714,10.346255,473.990478515625,1787968502.0],[123.831753,10.346284,472.800048828125,1787968507.0],[123.831759,10.34629,472.60302734375,1787968508.0],[123.831882,10.346437,469.938720703125,1787968531.0],[123.831888,10.346443,469.4716796875,1787968532.0],[123.831953,10.346512,467.512939453125,1787968543.0],[123.832019,10.346557,465.099609375,1787968554.0],[123.832024,10.346563,464.831298828125,1787968555.0],[123.832071,10.346585,462.9586181640625,1787968562.0],[123.832186,10.34656,461.2623291015625,1787968592.0],[123.832195,10.346559,461.22076416015625,1787968593.0],[123.832302,10.346529,458.65380859375,1787968606.0],[123.832377,10.346482,457.13580322265625,1787968616.0],[123.832385,10.346477,456.97955322265625,1787968617.0],[123.832481,10.346421,454.7445068359375,1787968630.0],[123.832496,10.346402,454.6334228515625,1787968633.0],[123.832554,10.346386,453.10302734375,1787968640.0],[123.832566,10.346386,453.2054443359375,1787968641.0],[123.832738,10.346388,449.312255859375,1787968748.0],[123.832746,10.346391,449.251220703125,1787968749.0],[123.832854,10.346424,447.2515869140625,1787968762.0],[123.832935,10.346429,445.6405029296875,1787968772.0],[123.832942,10.346429,445.4761962890625,1787968773.0],[123.833042,10.346414,443.20928955078125,1787968786.0],[123.833106,10.346373,441.052734375,1787968796.0],[123.833112,10.346369,440.6531982421875,1787968797.0],[123.833257,10.346258,435.91680908203125,1787968820.0],[123.833265,10.346254,435.7080078125,1787968821.0],[123.833415,10.346213,433.245849609375,1787968837.0],[123.833425,10.346212,433.1224365234375,1787968838.0],[123.833588,10.346231,430.56396484375,1787968855.0],[123.833598,10.346234,430.43402099609375,1787968856.0],[123.833761,10.346318,426.50909423828125,1787968876.0],[123.83377,10.346321,426.35693359375,1787968877.0],[123.833828,10.346325,425.02130126953125,1787968884.0],[123.833932,10.346257,423.615966796875,1787968899.0],[123.83394,10.346252,423.5496826171875,1787968900.0],[123.834082,10.346165,421.206298828125,1787968916.0],[123.834092,10.346159,421.0362548828125,1787968917.0],[123.834183,10.346123,419.8909912109375,1787968926.0],[123.834266,10.346116,419.6785888671875,1787968935.0],[123.834276,10.346117,419.6883544921875,1787968936.0],[123.834347,10.346129,418.6414794921875,1787968944.0],[123.834436,10.346164,416.833251953125,1787968957.0],[123.834445,10.346169,416.697265625,1787968958.0],[123.834516,10.346234,414.668212890625,1787968968.0],[123.834588,10.34627,415.251220703125,1787968975.0],[123.834599,10.346274,414.96844482421875,1787968976.0],[123.834674,10.34628,415.20556640625,1787968983.0],[123.834774,10.346262,416.46142578125,1787968992.0],[123.834785,10.346259,416.61236572265625,1787968993.0],[123.834935,10.34621,420.19146728515625,1787969009.0],[123.834943,10.346206,420.37744140625,1787969010.0],[123.834971,10.346187,421.840087890625,1787969014.0],[123.834968,10.346164,422.0880126953125,1787969019.0],[123.83493,10.346151,421.7744140625,1787969023.0],[123.834885,10.346092,421.112548828125,1787969030.0],[123.834879,10.346085,421.0089111328125,1787969031.0],[123.834837,10.346028,420.7760009765625,1787969038.0],[123.834819,10.345986,419.9447021484375,1787969047.0],[123.834782,10.345948,420.17254638671875,1787969052.0],[123.834774,10.345939,420.06378173828125,1787969053.0],[123.834726,10.345872,418.80242919921875,1787969060.0],[123.834647,10.345809,419.6282958984375,1787969069.0],[123.834637,10.345802,419.72607421875,1787969070.0],[123.834479,10.345716,421.9168701171875,1787969086.0],[123.834468,10.345713,421.9415283203125,1787969087.0],[123.834387,10.345695,422.69866943359375,1787969094.0],[123.834284,10.345692,423.6368408203125,1787969103.0],[123.834271,10.345691,423.86907958984375,1787969104.0],[123.834188,10.345672,423.67291259765625,1787969111.0],[123.834094,10.345624,422.91259765625,1787969126.0],[123.834087,10.3456,423.32830810546875,1787969183.0],[123.834049,10.345568,423.111328125,1787969187.0],[123.833958,10.345524,423.539306640625,1787969196.0],[123.833948,10.345517,423.5821533203125,1787969197.0],[123.833809,10.345429,423.123291015625,1787969210.0],[123.833772,10.345418,423.3919677734375,1787969213.0],[123.83376,10.345416,423.3995361328125,1787969214.0],[123.833674,10.345393,423.218017578125,1787969221.0],[123.833581,10.345348,423.77587890625,1787969230.0],[123.83357,10.345344,424.02850341796875,1787969231.0],[123.833397,10.345253,424.610107421875,1787969247.0],[123.833387,10.345247,425.03729248046875,1787969248.0],[123.833201,10.345176,424.1787109375,1787969264.0],[123.833189,10.345172,424.1207275390625,1787969265.0],[123.833017,10.345108,423.774658203125,1787969281.0],[123.833006,10.345104,423.32708740234375,1787969282.0],[123.832934,10.345074,422.1876220703125,1787969289.0],[123.832832,10.345055,421.6826171875,1787969298.0],[123.832821,10.345053,421.4656982421875,1787969299.0],[123.832633,10.345031,419.41510009765625,1787969315.0],[123.832622,10.345029,419.4669189453125,1787969316.0],[123.832428,10.344991,420.4625244140625,1787969332.0],[123.832416,10.344987,420.37396240234375,1787969333.0],[123.832305,10.34496,421.50787353515625,1787969342.0],[123.832227,10.344917,421.92822265625,1787969349.0],[123.832217,10.34491,422.0635986328125,1787969350.0],[123.832078,10.344778,423.04638671875,1787969366.0],[123.832069,10.34477,423.182861328125,1787969367.0],[123.831993,10.344697,423.7208251953125,1787969376.0],[123.831946,10.34463,423.12646484375,1787969383.0],[123.831939,10.344621,423.34088134765625,1787969384.0],[123.831893,10.34458,423.3863525390625,1787969389.0],[123.831832,10.3445,423.7230224609375,1787969397.0],[123.831801,10.344479,423.5264892578125,1787969400.0],[123.831791,10.344473,423.67974853515625,1787969401.0],[123.831678,10.344423,423.48486328125,1787969412.0],[123.831629,10.34439,422.1590576171875,1787969417.0],[123.83162,10.344382,422.02880859375,1787969418.0],[123.831551,10.344311,420.54852294921875,1787969427.0],[123.831518,10.344242,418.85614013671875,1787969434.0],[123.831514,10.344232,418.7479248046875,1787969435.0],[123.831482,10.344146,416.953857421875,1787969444.0],[123.831436,10.344091,416.2420654296875,1787969470.0],[123.831429,10.344083,416.0947265625,1787969471.0],[123.831409,10.344055,416.325439453125,1787969474.0],[123.831454,10.344107,416.389892578125,1787969485.0],[123.831407,10.344046,414.87506103515625,1787969495.0],[123.831402,10.344038,414.83343505859375,1787969496.0],[123.831318,10.343885,414.97320556640625,1787969512.0],[123.831314,10.343874,414.847900390625,1787969513.0],[123.831248,10.343767,413.6065673828125,1787969524.0],[123.8312,10.343726,414.40753173828125,1787969529.0],[123.831192,10.343717,414.34027099609375,1787969530.0],[123.831146,10.343642,414.2158203125,1787969537.0],[123.831109,10.343542,414.1024169921875,1787969546.0],[123.831104,10.34353,414.0555419921875,1787969547.0],[123.831079,10.343425,413.77435302734375,1787969556.0],[123.831047,10.343388,413.5516357421875,1787969560.0],[123.831015,10.343372,413.58050537109375,1787969563.0],[123.831004,10.343367,413.1976318359375,1787969564.0],[123.830944,10.343365,413.7593994140625,1787969569.0],[123.830877,10.343377,414.9217529296875,1787969575.0],[123.830819,10.343364,415.7435302734375,1787969580.0],[123.830806,10.34336,415.57598876953125,1787969581.0],[123.830668,10.343332,415.4610595703125,1787969592.0],[123.830614,10.343309,415.4002685546875,1787969597.0],[123.830604,10.343305,415.4434814453125,1787969598.0],[123.830514,10.343264,415.46844482421875,1787969607.0],[123.830455,10.343221,415.23443603515625,1787969614.0],[123.830447,10.343214,415.23358154296875,1787969615.0],[123.830411,10.343175,414.38134765625,1787969620.0],[123.830363,10.343075,412.537109375,1787969631.0],[123.830356,10.343067,412.24993896484375,1787969632.0],[123.830337,10.343042,411.4984130859375,1787969635.0],[123.830321,10.342961,410.073974609375,1787969643.0],[123.830299,10.342912,409.7818603515625,1787969648.0],[123.830294,10.342902,409.9093017578125,1787969649.0],[123.830244,10.342842,409.2916259765625,1787969656.0],[123.830169,10.342783,409.2818603515625,1787969665.0],[123.83016,10.342776,409.34124755859375,1787969666.0],[123.830091,10.342707,407.6768798828125,1787969675.0],[123.830054,10.342642,406.71380615234375,1787969682.0],[123.83005,10.342632,406.2984619140625,1787969683.0],[123.830011,10.342531,404.83740234375,1787969694.0],[123.830005,10.342478,404.423828125,1787969700.0],[123.830005,10.342469,404.32061767578125,1787969701.0],[123.83003,10.342337,402.1993408203125,1787969716.0],[123.830021,10.342284,401.39990234375,1787969722.0],[123.830019,10.342275,401.1806640625,1787969723.0],[123.829987,10.342209,400.28790283203125,1787969730.0],[123.829953,10.342182,399.83489990234375,1787969734.0],[123.829899,10.342168,399.27178955078125,1787969739.0],[123.829888,10.342167,399.12091064453125,1787969740.0],[123.829794,10.342202,400.5537109375,1787969749.0],[123.829709,10.342219,401.883544921875,1787969756.0],[123.829698,10.342219,402.1483154296875,1787969757.0],[123.82962,10.342232,403.440673828125,1787969764.0],[123.829516,10.34221,404.35791015625,1787969773.0],[123.829507,10.342205,404.32470703125,1787969774.0],[123.829416,10.342161,405.2308349609375,1787969783.0],[123.829356,10.342111,405.88714599609375,1787969790.0],[123.829348,10.342103,406.0802001953125,1787969791.0],[123.829287,10.342056,407.04644775390625,1787969798.0],[123.829247,10.342007,406.871337890625,1787969806.0],[123.829217,10.341996,406.85614013671875,1787969809.0],[123.829205,10.341994,407.137939453125,1787969810.0],[123.829112,10.341917,407.11083984375,1787969821.0],[123.829062,10.341897,407.24188232421875,1787969826.0],[123.829052,10.341894,407.437255859375,1787969827.0],[123.829022,10.341881,407.79296875,1787969830.0],[123.828864,10.341856,408.6351318359375,1787969843.0],[123.828852,10.341852,408.46240234375,1787969844.0],[123.828662,10.341811,408.0731201171875,1787969860.0],[123.828651,10.341807,408.10833740234375,1787969861.0],[123.828558,10.341773,407.491943359375,1787969870.0],[123.8285,10.341728,406.42578125,1787969877.0],[123.828491,10.34172,406.378662109375,1787969878.0],[123.828372,10.341589,403.30712890625,1787969896.0],[123.828364,10.341581,403.25531005859375,1787969897.0],[123.828268,10.341511,402.955810546875,1787969908.0],[123.828214,10.341497,403.5426025390625,1787969913.0],[123.828202,10.341499,403.530517578125,1787969914.0],[123.828135,10.341543,403.91064453125,1787969921.0],[123.828082,10.341622,404.1788330078125,1787969930.0],[123.828077,10.341631,404.322998046875,1787969931.0],[123.828014,10.341728,405.99237060546875,1787969942.0],[123.827975,10.341767,406.5953369140625,1787969947.0],[123.827967,10.341774,406.6654052734375,1787969948.0],[123.827848,10.341891,409.02838134765625,1787969964.0],[123.827841,10.341897,409.0474853515625,1787969965.0],[123.827711,10.341989,409.05706787109375,1787969981.0],[123.8277,10.341996,408.9027099609375,1787969982.0],[123.827563,10.342096,407.86871337890625,1787969998.0],[123.827554,10.342102,407.658203125,1787969999.0],[123.827409,10.342202,405.78515625,1787970015.0],[123.827399,10.342207,405.3157958984375,1787970016.0],[123.827309,10.342244,404.56622314453125,1787970025.0],[123.827268,10.342243,404.009521484375,1787970029.0],[123.827235,10.34223,403.34716796875,1787970033.0],[123.827227,10.342227,403.0311279296875,1787970034.0],[123.827157,10.342158,400.426513671875,1787970045.0],[123.827111,10.342081,399.19683837890625,1787970055.0],[123.827107,10.342072,398.93572998046875,1787970056.0],[123.827029,10.341928,394.8397216796875,1787970073.0],[123.827025,10.341918,394.619384765625,1787970074.0],[123.826941,10.341754,390.458984375,1787970094.0],[123.826938,10.341746,390.2529296875,1787970095.0],[123.826903,10.341592,387.2056884765625,1787970112.0],[123.826901,10.341583,386.9560546875,1787970113.0],[123.826883,10.341511,385.3011474609375,1787970121.0],[123.826827,10.34142,381.4368896484375,1787970134.0],[123.826823,10.341414,381.20098876953125,1787970135.0],[123.826732,10.341314,377.87286376953125,1787970151.0],[123.826688,10.341282,377.0303955078125,1787970157.0],[123.826682,10.341277,376.903076171875,1787970158.0],[123.826585,10.341222,373.8948974609375,1787970171.0],[123.82654,10.34122,372.8310546875,1787970177.0],[123.826511,10.341235,372.84100341796875,1787970181.0],[123.826504,10.34124,372.81195068359375,1787970182.0],[123.826355,10.341332,368.99658203125,1787970201.0],[123.826347,10.341337,368.8084716796875,1787970202.0],[123.826298,10.341369,368.1837158203125,1787970209.0],[123.826177,10.341413,367.0001220703125,1787970223.0],[123.826167,10.341414,366.875,1787970224.0],[123.82601,10.341438,364.89678955078125,1787970241.0],[123.825999,10.341439,364.90679931640625,1787970242.0],[123.825843,10.341464,364.564453125,1787970258.0],[123.825834,10.341463,364.297119140625,1787970259.0],[123.825667,10.341442,362.4766845703125,1787970275.0],[123.825657,10.341442,362.28460693359375,1787970276.0],[123.825558,10.341456,360.983642578125,1787970287.0],[123.825486,10.341485,358.743896484375,1787970296.0],[123.825477,10.341488,358.6890869140625,1787970297.0],[123.825407,10.341512,357.66241455078125,1787970304.0],[123.825309,10.34152,354.794677734375,1787970315.0],[123.8253,10.341521,354.8472900390625,1787970316.0],[123.825112,10.341539,351.758544921875,1787970337.0],[123.825103,10.34154,351.7225341796875,1787970338.0],[123.82491,10.34155,349.4237060546875,1787970360.0],[123.824901,10.341549,349.14691162109375,1787970361.0],[123.824849,10.341541,347.5048828125,1787970367.0],[123.824796,10.341514,346.666259765625,1787970373.0],[123.824757,10.341471,345.84783935546875,1787970380.0],[123.824751,10.341465,345.67730712890625,1787970381.0],[123.824678,10.341392,342.8533935546875,1787970395.0],[123.824613,10.341354,341.1107177734375,1787970405.0],[123.824605,10.341352,341.04437255859375,1787970406.0],[123.824483,10.341343,337.2193603515625,1787970485.0],[123.824458,10.341351,336.5504150390625,1787970488.0],[123.824432,10.341374,336.0369873046875,1787970492.0],[123.824427,10.341382,335.87762451171875,1787970493.0],[123.824422,10.341414,335.05975341796875,1787970497.0],[123.824431,10.341436,334.1259765625,1787970500.0],[123.824491,10.341552,329.94970703125,1787970515.0],[123.824494,10.341562,329.6510009765625,1787970516.0],[123.824499,10.341597,329.54541015625,1787970540.0],[123.824489,10.341637,328.81463623046875,1787970546.0],[123.824447,10.341711,327.9383544921875,1787970555.0],[123.824442,10.341721,327.7459716796875,1787970556.0],[123.824399,10.341802,326.6090087890625,1787970566.0],[123.824401,10.34187,326.1068115234375,1787970573.0],[123.824405,10.34188,325.95892333984375,1787970574.0],[123.824414,10.341908,325.208984375,1787970577.0],[123.82441,10.341985,323.9632568359375,1787970585.0],[123.82442,10.342038,323.31866455078125,1787970590.0],[123.824424,10.342048,323.290771484375,1787970591.0],[123.824435,10.342076,322.594970703125,1787970594.0],[123.824465,10.34211,321.1373291015625,1787970599.0],[123.824508,10.342139,319.3587646484375,1787970605.0],[123.824561,10.342158,318.41796875,1787970611.0],[123.82457,10.342162,318.06365966796875,1787970612.0],[123.824647,10.342212,316.277587890625,1787970622.0],[123.824689,10.342267,315.5750732421875,1787970629.0],[123.824693,10.342276,315.49932861328125,1787970630.0],[123.824713,10.342365,314.4991455078125,1787970639.0],[123.824707,10.342435,315.735595703125,1787970646.0],[123.824703,10.342447,315.7608642578125,1787970647.0],[123.824651,10.342507,317.580322265625,1787970654.0],[123.824574,10.342549,319.7916259765625,1787970663.0],[123.824565,10.342555,319.85992431640625,1787970664.0],[123.824455,10.342585,322.3223876953125,1787970675.0],[123.824407,10.342575,323.406982421875,1787970680.0],[123.824397,10.342574,323.49554443359375,1787970681.0],[123.824238,10.342556,325.905517578125,1787970698.0],[123.824227,10.342554,325.7811279296875,1787970699.0],[123.824059,10.342491,328.0472412109375,1787970715.0],[123.824049,10.342485,327.6942138671875,1787970716.0],[123.823945,10.342434,328.026611328125,1787970727.0],[123.823893,10.342427,329.27435302734375,1787970733.0],[123.823883,10.342426,329.4119873046875,1787970734.0],[123.823819,10.34243,331.60784912109375,1787970741.0],[123.823733,10.34246,333.51287841796875,1787970750.0],[123.823725,10.342465,333.958251953125,1787970751.0],[123.82358,10.342535,335.6385498046875,1787970768.0],[123.82357,10.342537,335.71820068359375,1787970769.0],[123.823483,10.342556,336.715576171875,1787970778.0],[123.823411,10.34255,337.2767333984375,1787970785.0],[123.823401,10.342549,337.26019287109375,1787970786.0],[123.82322,10.342539,339.49139404296875,1787970802.0],[123.823209,10.342541,339.5482177734375,1787970803.0],[123.823114,10.342536,340.327392578125,1787970812.0],[123.823044,10.342554,341.605712890625,1787970819.0],[123.823032,10.342555,341.7696533203125,1787970820.0],[123.822861,10.342524,342.5616455078125,1787970836.0],[123.822851,10.342519,342.68719482421875,1787970837.0],[123.82278,10.342484,343.322998046875,1787970844.0],[123.822701,10.342418,342.414306640625,1787970853.0],[123.822694,10.342411,342.40875244140625,1787970854.0],[123.822542,10.342297,343.680419921875,1787970870.0],[123.822533,10.342289,343.8392333984375,1787970871.0],[123.822501,10.342272,343.5511474609375,1787970874.0],[123.822372,10.342234,345.3336181640625,1787970887.0],[123.822363,10.342229,345.6265869140625,1787970888.0],[123.822314,10.342205,346.45135498046875,1787970893.0],[123.822212,10.342128,346.70751953125,1787970904.0],[123.822202,10.342122,346.6942138671875,1787970905.0],[123.822035,10.342038,345.058837890625,1787970921.0],[123.822025,10.342032,344.784423828125,1787970922.0],[123.821858,10.341929,342.75,1787970938.0],[123.821847,10.341922,342.7940673828125,1787970939.0],[123.821774,10.341845,344.188232421875,1787970948.0],[123.821725,10.341776,344.7882080078125,1787970955.0],[123.821719,10.341765,344.76678466796875,1787970956.0],[123.821641,10.341598,346.2271728515625,1787970972.0],[123.821635,10.341588,346.4239501953125,1787970973.0],[123.821602,10.341541,346.99169921875,1787970978.0],[123.821571,10.341432,348.5704345703125,1787970989.0],[123.821567,10.341423,348.6982421875,1787970990.0],[123.821544,10.341357,349.75286865234375,1787970997.0],[123.821475,10.341301,351.09222412109375,1787971006.0],[123.821466,10.341295,351.0494384765625,1787971007.0],[123.82133,10.341215,354.0953369140625,1787971023.0],[123.821321,10.34121,354.4190673828125,1787971024.0],[123.821207,10.341187,356.0382080078125,1787971036.0],[123.821154,10.341195,356.89031982421875,1787971041.0],[123.821144,10.341198,356.817138671875,1787971042.0],[123.820978,10.341241,358.06591796875,1787971058.0],[123.820969,10.341243,358.09124755859375,1787971059.0],[123.820838,10.341248,357.49072265625,1787971072.0],[123.820812,10.341238,357.1014404296875,1787971075.0],[123.820805,10.341233,357.216552734375,1787971076.0],[123.820777,10.341218,356.01361083984375,1787971079.0],[123.82069,10.341126,353.6009521484375,1787971092.0],[123.820685,10.341119,353.528076171875,1787971093.0],[123.820654,10.341071,352.8677978515625,1787971098.0],[123.820658,10.340946,352.54443359375,1787971109.0],[123.820659,10.340935,352.57415771484375,1787971110.0],[123.820692,10.340754,353.243408203125,1787971126.0],[123.820693,10.340743,353.24053955078125,1787971127.0],[123.820697,10.340608,353.46380615234375,1787971138.0],[123.820684,10.340554,354.3431396484375,1787971143.0],[123.820682,10.340543,354.60693359375,1787971144.0],[123.82061,10.340378,354.021240234375,1787971160.0],[123.820606,10.340368,354.0897216796875,1787971161.0],[123.820555,10.340206,353.747314453125,1787971177.0],[123.820553,10.340196,353.7635498046875,1787971178.0],[123.820514,10.340023,351.2750244140625,1787971194.0],[123.820515,10.340014,351.5035400390625,1787971195.0],[123.820521,10.339979,352.370849609375,1787971199.0],[123.820504,10.339845,350.2794189453125,1787971213.0],[123.820507,10.339834,349.8358154296875,1787971214.0],[123.820509,10.339806,349.0750732421875,1787971217.0],[123.820485,10.339739,348.129150390625,1787971225.0],[123.820445,10.339669,347.01312255859375,1787971234.0],[123.820441,10.339661,346.84625244140625,1787971235.0],[123.820399,10.339563,346.4476318359375,1787971246.0],[123.82038,10.339482,345.96417236328125,1787971253.0],[123.82038,10.33947,345.94158935546875,1787971254.0],[123.820389,10.339357,344.93756103515625,1787971263.0],[123.820372,10.339273,344.0399169921875,1787971270.0],[123.820368,10.339264,344.11029052734375,1787971271.0],[123.820307,10.339208,343.67626953125,1787971278.0],[123.820216,10.339171,344.02691650390625,1787971287.0],[123.820205,10.339168,344.01513671875,1787971288.0],[123.820041,10.339111,344.5213623046875,1787971304.0],[123.82003,10.339108,344.5362548828125,1787971305.0],[123.819958,10.33912,345.408935546875,1787971312.0],[123.819882,10.339171,345.357421875,1787971321.0],[123.819874,10.339178,345.19781494140625,1787971322.0],[123.81983,10.339235,344.5150146484375,1787971329.0],[123.819791,10.339318,345.13720703125,1787971338.0],[123.819787,10.339327,345.2354736328125,1787971339.0],[123.819724,10.339495,344.99835205078125,1787971355.0],[123.81972,10.339506,344.8406982421875,1787971356.0],[123.819632,10.339664,344.31103515625,1787971372.0],[123.819625,10.339673,344.4014892578125,1787971373.0],[123.819578,10.339739,343.6822509765625,1787971380.0],[123.819504,10.339814,343.90234375,1787971389.0],[123.819495,10.33982,343.8607177734375,1787971390.0],[123.819348,10.339942,343.83935546875,1787971406.0],[123.819341,10.339949,343.9515380859375,1787971407.0],[123.81929,10.340002,344.43359375,1787971414.0],[123.81924,10.340084,343.281494140625,1787971423.0],[123.819232,10.340093,343.4176025390625,1787971424.0],[123.819163,10.340166,344.7879638671875,1787971433.0],[123.819119,10.34024,344.468017578125,1787971440.0],[123.819113,10.340249,344.5325927734375,1787971441.0],[123.819052,10.340327,345.7559814453125,1787971450.0],[123.818986,10.340382,346.5311279296875,1787971457.0],[123.818978,10.340391,346.51519775390625,1787971458.0],[123.818814,10.340497,345.1795654296875,1787971474.0],[123.818804,10.340501,345.4276123046875,1787971475.0],[123.818734,10.340544,346.8359375,1787971482.0],[123.81869,10.340548,348.37811279296875,1787971486.0],[123.818645,10.340577,346.33770751953125,1787971490.0],[123.818636,10.340585,345.405517578125,1787971491.0],[123.818634,10.340592,345.3778076171875,1787971492.0],[123.818558,10.340606,344.9041748046875,1787971504.0],[123.818484,10.340598,343.93975830078125,1787971510.0],[123.818446,10.340584,343.887451171875,1787971513.0],[123.818434,10.340581,344.19378662109375,1787971514.0],[123.818252,10.340533,345.63653564453125,1787971530.0],[123.818241,10.340533,345.63165283203125,1787971531.0],[123.818182,10.34053,344.4591064453125,1787971536.0],[123.818168,10.340516,343.52642822265625,1787971551.0],[123.818072,10.340532,343.762451171875,1787971560.0],[123.81806,10.340532,344.156005859375,1787971561.0],[123.817983,10.34052,344.6700439453125,1787971568.0],[123.817881,10.340534,346.06707763671875,1787971577.0],[123.81787,10.340536,346.18389892578125,1787971578.0],[123.817771,10.340528,346.9617919921875,1787971587.0],[123.81769,10.340508,346.3056640625,1787971594.0],[123.817679,10.340506,346.3155517578125,1787971595.0],[123.817609,10.340473,345.7318115234375,1787971602.0],[123.817523,10.340411,345.71875,1787971611.0],[123.817514,10.340405,345.8095703125,1787971612.0],[123.817364,10.340296,346.1844482421875,1787971628.0],[123.817353,10.340289,346.29638671875,1787971629.0],[123.817178,10.340207,346.567626953125,1787971645.0],[123.817168,10.340201,346.1231689453125,1787971646.0],[123.817006,10.340106,345.3623046875,1787971662.0],[123.816995,10.3401,345.1572265625,1787971663.0],[123.816885,10.340046,346.80029296875,1787971675.0],[123.81683,10.340051,346.67681884765625,1787971781.0],[123.816825,10.34005,347.02685546875,1787971782.0],[123.816793,10.340045,348.957763671875,1787971787.0],[123.816709,10.340006,351.9031982421875,1787971802.0],[123.816662,10.340005,352.79736328125,1787971809.0],[123.816654,10.340005,352.66552734375,1787971810.0],[123.816621,10.339998,353.2392578125,1787971816.0],[123.816603,10.339983,354.1302490234375,1787971821.0],[123.816606,10.339912,357.31414794921875,1787971852.0],[123.816626,10.339864,359.48480224609375,1787971897.0],[123.816631,10.339856,359.3721923828125,1787971898.0],[123.816668,10.339815,361.10760498046875,1787971920.0],[123.816671,10.339789,362.16436767578125,1787971924.0],[123.816646,10.339692,361.7054443359375,1787971935.0],[123.816644,10.339682,361.0958251953125,1787971936.0],[123.816615,10.339583,361.9520263671875,1787971951.0],[123.816627,10.33951,363.491943359375,1787971960.0],[123.816626,10.3395,363.2703857421875,1787971961.0],[123.816606,10.339446,363.5384521484375,1787971984.0],[123.816605,10.339374,360.8509521484375,1787971994.0],[123.816587,10.339326,361.7646484375,1787971999.0],[123.816582,10.33932,361.8876953125,1787972000.0],[123.816561,10.339292,362.0201416015625,1787972004.0],[123.816518,10.339158,367.778076171875,1787972024.0],[123.816514,10.339151,367.830810546875,1787972025.0],[123.816496,10.33907,370.6341552734375,1787972041.0],[123.81651,10.338968,371.8397216796875,1787972058.0],[123.816512,10.338965,371.9881591796875,1787972059.0],[123.816576,10.338899,366.223388671875,1787972083.0],[123.816616,10.338873,367.4847412109375,1787972090.0],[123.816647,10.338866,368.18145751953125,1787972094.0],[123.816654,10.338868,368.08160400390625,1787972095.0],[123.816735,10.338896,370.19635009765625,1787972125.0],[123.816778,10.338894,369.954833984375,1787972130.0],[123.816724,10.3389,368.77056884765625,1787972141.0],[123.816718,10.338898,368.8597412109375,1787972142.0],[123.816711,10.338897,368.7396240234375,1787972143.0],[123.816757,10.338887,367.751708984375,1787972152.0],[123.81688,10.338893,372.75732421875,1787972170.0],[123.816884,10.338893,372.9022216796875,1787972171.0],[123.816937,10.338891,375.20782470703125,1787972181.0],[123.817059,10.338917,380.7691650390625,1787972204.0],[123.81707,10.338919,380.5921630859375,1787972205.0],[123.817102,10.338922,379.69659423828125,1787972215.0],[123.817186,10.338964,383.32147216796875,1787972227.0],[123.817239,10.338961,382.852783203125,1787972236.0],[123.817248,10.33896,382.578369140625,1787972237.0],[123.817355,10.338966,383.963623046875,1787972252.0],[123.817435,10.338994,386.3133544921875,1787972265.0],[123.817439,10.338994,386.39013671875,1787972266.0],[123.817489,10.338981,388.4547119140625,1787972276.0],[123.81751,10.338966,388.78759765625,1787972281.0],[123.817521,10.338942,389.35650634765625,1787972286.0],[123.817522,10.33892,390.39312744140625,1787972405.0],[123.817488,10.338876,392.18267822265625,1787972418.0],[123.817485,10.338874,392.31787109375,1787972419.0],[123.817438,10.338788,395.25677490234375,1787972438.0],[123.817358,10.338766,399.70263671875,1787972459.0],[123.817353,10.338766,399.9044189453125,1787972460.0],[123.817251,10.338739,400.5975341796875,1787972481.0],[123.817237,10.338723,400.6827392578125,1787972484.0],[123.817243,10.338697,401.9140625,1787972494.0],[123.817266,10.33868,403.162353515625,1787972501.0],[123.817273,10.338678,402.9759521484375,1787972502.0],[123.817319,10.33865,404.38427734375,1787972514.0],[123.817334,10.338605,406.6466064453125,1787972646.0],[123.817327,10.338558,408.1124267578125,1787972655.0],[123.817307,10.338539,409.0211181640625,1787972662.0],[123.817303,10.338538,409.04107666015625,1787972663.0],[123.817233,10.338508,413.345703125,1787972683.0],[123.817211,10.338516,414.61553955078125,1787972688.0],[123.817132,10.338501,416.7791748046875,1787972706.0],[123.817128,10.3385,416.84832763671875,1787972707.0],[123.817078,10.338496,417.79742431640625,1787972717.0],[123.816958,10.338445,418.9425048828125,1787972736.0],[123.816952,10.338441,418.9954833984375,1787972737.0],[123.816781,10.338366,422.00775146484375,1787972768.0],[123.816774,10.338365,422.0601806640625,1787972769.0],[123.816721,10.338363,423.3709716796875,1787972778.0],[123.816661,10.338334,424.66595458984375,1787972789.0],[123.816604,10.33832,426.018310546875,1787972798.0],[123.8166,10.338319,426.31719970703125,1787972799.0],[123.816504,10.338263,428.63385009765625,1787972819.0],[123.816442,10.338214,430.07275390625,1787972832.0],[123.816437,10.338211,429.7982177734375,1787972833.0],[123.81639,10.338191,430.4027099609375,1787972842.0],[123.816345,10.338186,431.78106689453125,1787972851.0],[123.816275,10.338154,432.9267578125,1787972865.0],[123.816271,10.338154,432.9415283203125,1787972866.0],[123.816142,10.338112,436.7451171875,1787972929.0],[123.816087,10.338113,438.6658935546875,1787972940.0],[123.816079,10.338114,438.570068359375,1787972941.0],[123.815959,10.338176,442.62518310546875,1787972987.0],[123.815951,10.338199,444.10064697265625,1787972992.0],[123.815924,10.33821,444.0679931640625,1787972997.0],[123.815918,10.338212,444.3160400390625,1787972998.0],[123.815838,10.338218,444.364990234375,1787973011.0],[123.815738,10.338199,449.638916015625,1787973036.0],[123.815735,10.338199,449.8375244140625,1787973037.0],[123.815682,10.338192,452.06695556640625,1787973146.0],[123.815635,10.338201,454.6373291015625,1787973156.0],[123.815612,10.338196,453.9801025390625,1787973159.0],[123.815569,10.338163,454.210693359375,1787973168.0],[123.815563,10.338161,454.3402099609375,1787973169.0],[123.81554,10.338142,455.5062255859375,1787973177.0],[123.815451,10.338101,458.63104248046875,1787973213.0],[123.815397,10.338092,460.23443603515625,1787973225.0],[123.815393,10.338089,460.41888427734375,1787973226.0],[123.815322,10.338049,462.47882080078125,1787973245.0],[123.815264,10.338004,466.38427734375,1787973265.0],[123.815249,10.33798,467.17767333984375,1787973271.0],[123.815245,10.337976,466.8795166015625,1787973272.0],[123.815204,10.337939,467.854736328125,1787973317.0],[123.815148,10.337855,469.5283203125,1787973350.0],[123.815142,10.337824,469.85986328125,1787973355.0],[123.815138,10.337819,470.0078125,1787973356.0],[123.815072,10.337652,473.193115234375,1787973385.0],[123.815072,10.337644,473.27685546875,1787973386.0],[123.815046,10.33759,472.647216796875,1787973395.0],[123.815027,10.337577,473.2537841796875,1787973400.0],[123.81492,10.337586,478.18505859375,1787973423.0],[123.814915,10.337587,478.3021240234375,1787973424.0],[123.814886,10.337598,478.2806396484375,1787973430.0],[123.814809,10.337657,478.875732421875,1787973450.0],[123.814757,10.337672,479.91943359375,1787973462.0],[123.814751,10.337674,479.954833984375,1787973463.0],[123.814584,10.337747,484.12060546875,1787973502.0],[123.814584,10.337748,484.203369140625,1787973503.0],[123.814465,10.337791,487.4090576171875,1787973531.0],[123.814445,10.337837,488.60888671875,1787973540.0],[123.81444,10.337839,488.437255859375,1787973541.0],[123.81439,10.337899,490.91015625,1787973574.0],[123.814382,10.337924,493.5888671875,1787973581.0],[123.814383,10.338003,497.47216796875,1787973598.0],[123.814381,10.33801,497.744384765625,1787973599.0],[123.814369,10.338093,498.1190185546875,1787973612.0],[123.814403,10.33819,499.3143310546875,1787973630.0],[123.814406,10.338193,499.361328125,1787973631.0],[123.814439,10.338369,503.630126953125,1787973665.0],[123.814439,10.338375,503.7100830078125,1787973666.0],[123.814457,10.338501,501.9776611328125,1787973684.0],[123.814454,10.338554,499.26171875,1787973693.0],[123.814452,10.338561,498.50634765625,1787973694.0],[123.814393,10.338736,496.1607666015625,1787973720.0],[123.814394,10.338745,496.2987060546875,1787973721.0],[123.814387,10.33884,497.742919921875,1787973732.0],[123.814368,10.338881,498.5390625,1787973737.0],[123.814373,10.338913,498.389892578125,1787973741.0],[123.814376,10.338921,498.204833984375,1787973742.0],[123.814401,10.338974,497.277099609375,1787973749.0],[123.814391,10.339095,497.3968505859375,1787973762.0],[123.814389,10.339105,497.340087890625,1787973763.0],[123.814331,10.339188,497.433837890625,1787973775.0],[123.8143,10.339255,496.5570068359375,1787973784.0],[123.814297,10.339261,496.83251953125,1787973785.0],[123.814287,10.339333,495.1868896484375,1787973793.0],[123.814247,10.339413,491.505126953125,1787973803.0],[123.814243,10.339421,491.355712890625,1787973804.0],[123.814173,10.339504,491.997314453125,1787973815.0],[123.814147,10.339554,493.0142822265625,1787973821.0],[123.814142,10.339561,493.2314453125,1787973822.0],[123.814124,10.339606,495.2310791015625,1787973828.0],[123.814091,10.339637,496.839599609375,1787973834.0],[123.814053,10.339707,499.93896484375,1787973854.0],[123.81405,10.33971,500.2353515625,1787973855.0],[123.813937,10.33985,506.994140625,1787973901.0],[123.813932,10.339854,507.3056640625,1787973902.0],[123.813899,10.339896,510.3587646484375,1787973916.0],[123.813873,10.339905,510.712890625,1787973923.0],[123.81386,10.339925,510.694091796875,1787973989.0],[123.813838,10.339937,510.57568359375,1787973993.0],[123.813783,10.339943,515.08203125,1787974006.0],[123.813776,10.339944,515.01708984375,1787974007.0],[123.813674,10.339976,522.26611328125,1787974037.0],[123.813654,10.339992,522.078369140625,1787974042.0],[123.813631,10.340036,522.224609375,1787974051.0],[123.813629,10.34004,522.3525390625,1787974052.0],[123.81358,10.340053,521.8135986328125,1787974059.0],[123.81349,10.340133,522.0577392578125,1787974076.0],[123.813485,10.340136,522.6087646484375,1787974077.0],[123.813372,10.340228,521.8125,1787974096.0],[123.813357,10.340252,523.1739501953125,1787974101.0],[123.813357,10.340254,524.453857421875,1787974102.0],[123.813244,10.340381,525.3651123046875,1787974125.0],[123.813242,10.340388,525.5,1787974126.0],[123.81323,10.340414,526.02587890625,1787974130.0],[123.81312,10.340518,527.381591796875,1787974148.0],[123.813118,10.340525,527.7412109375,1787974149.0],[123.813088,10.340566,524.980712890625,1787974154.0],[123.812993,10.340652,526.4827880859375,1787974170.0],[123.812986,10.34066,526.26904296875,1787974171.0],[123.812947,10.340704,525.942626953125,1787974180.0],[123.812845,10.340776,528.298095703125,1787974201.0],[123.812839,10.340781,528.423583984375,1787974202.0],[123.812678,10.340844,529.5706787109375,1787974221.0],[123.812673,10.340847,530.21923828125,1787974222.0],[123.812506,10.340875,534.130126953125,1787974245.0],[123.812497,10.340876,534.667724609375,1787974246.0],[123.812317,10.340895,533.24560546875,1787974272.0],[123.81231,10.340896,533.32421875,1787974273.0],[123.812261,10.340915,536.01904296875,1787974281.0],[123.812174,10.341009,538.791259765625,1787974300.0],[123.812164,10.341015,538.63623046875,1787974301.0],[123.812069,10.341066,537.269775390625,1787974314.0],[123.812021,10.341115,535.743408203125,1787974321.0],[123.812014,10.341121,535.9296875,1787974322.0],[123.811972,10.341137,537.1259765625,1787974327.0],[123.811878,10.341131,537.904541015625,1787974338.0],[123.811847,10.341143,537.4237060546875,1787974341.0],[123.811837,10.341146,537.6478271484375,1787974342.0],[123.811812,10.341163,538.073974609375,1787974345.0],[123.811747,10.341178,538.858642578125,1787974354.0],[123.811676,10.341208,537.7691650390625,1787974363.0],[123.811668,10.341209,537.731689453125,1787974364.0],[123.811573,10.341209,538.015625,1787974375.0],[123.811501,10.34124,533.49853515625,1787974382.0],[123.811492,10.341242,532.712158203125,1787974383.0],[123.811322,10.341276,526.1416015625,1787974437.0],[123.811316,10.341277,526.2557373046875,1787974438.0],[123.811211,10.341299,521.255859375,1787974456.0],[123.81114,10.341337,520.16064453125,1787974473.0],[123.811134,10.341338,519.82275390625,1787974474.0],[123.8111,10.341346,518.828857421875,1787974509.0],[123.811123,10.341334,520.57666015625,1787974525.0],[123.810992,10.341374,515.986572265625,1787974549.0],[123.810984,10.341374,515.75732421875,1787974550.0],[123.810807,10.34142,514.53076171875,1787974614.0],[123.810801,10.341422,514.250732421875,1787974615.0],[123.810623,10.341445,511.663818359375,1787974677.0],[123.810614,10.341447,511.587158203125,1787974678.0],[123.810453,10.341473,510.240478515625,1787974695.0],[123.810442,10.341473,510.1162109375,1787974696.0],[123.81027,10.341465,508.81494140625,1787974746.0],[123.81026,10.341466,508.8056640625,1787974747.0],[123.810224,10.341472,509.087158203125,1787974751.0],[123.810098,10.341539,506.83984375,1787974767.0],[123.81009,10.341542,506.834228515625,1787974768.0],[123.809993,10.341587,503.7305908203125,1787974787.0],[123.809914,10.341608,502.3636474609375,1787974802.0],[123.809912,10.341614,502.786376953125,1787974803.0],[123.809894,10.341639,503.361328125,1787974818.0],[123.809832,10.341664,499.5406494140625,1787974836.0],[123.809828,10.341687,500.091796875,1787974839.0],[123.80988,10.341704,498.311279296875,1787974847.0],[123.809886,10.341705,498.150634765625,1787974848.0],[123.809986,10.341725,495.1278076171875,1787974874.0],[123.810009,10.34174,494.64404296875,1787974890.0],[123.810062,10.341736,492.81689453125,1787974909.0],[123.810068,10.341739,492.738525390625,1787974910.0],[123.810143,10.341766,489.7908935546875,1787974923.0],[123.810233,10.341812,486.8521728515625,1787974938.0],[123.810241,10.341816,486.366455078125,1787974939.0],[123.810355,10.341872,485.6885986328125,1787975056.0],[123.810375,10.341885,485.029541015625,1787975061.0],[123.810391,10.341912,483.927001953125,1787975067.0],[123.810397,10.341916,483.925048828125,1787975068.0],[123.810488,10.341995,480.6324462890625,1787975085.0],[123.810542,10.342017,479.5001220703125,1787975093.0],[123.810549,10.342022,479.1749267578125,1787975094.0],[123.810563,10.342047,477.681640625,1787975099.0],[123.810665,10.342155,472.387939453125,1787975182.0],[123.810665,10.342163,472.243896484375,1787975183.0],[123.810718,10.342264,471.0963134765625,1787975197.0],[123.810714,10.342287,470.563720703125,1787975200.0],[123.810685,10.342302,470.446044921875,1787975204.0],[123.810676,10.342305,470.2109375,1787975205.0],[123.810584,10.342382,468.04364013671875,1787975221.0],[123.810534,10.342405,465.98828125,1787975236.0],[123.810529,10.342407,465.71380615234375,1787975237.0],[123.810456,10.342431,464.65234375,1787975246.0],[123.810419,10.342454,464.10565185546875,1787975251.0],[123.810403,10.342506,463.05694580078125,1787975258.0],[123.810402,10.342513,462.976806640625,1787975259.0],[123.810377,10.342582,461.50390625,1787975269.0],[123.810324,10.342662,458.749755859375,1787975281.0],[123.81032,10.342671,458.55767822265625,1787975282.0],[123.81028,10.342737,457.1927490234375,1787975292.0],[123.810277,10.342759,457.5244140625,1787975309.0],[123.810242,10.342785,456.4786376953125,1787975315.0],[123.810224,10.342812,455.92803955078125,1787975319.0],[123.81022,10.342818,455.70086669921875,1787975320.0],[123.81012,10.34298,450.919677734375,1787975345.0],[123.810115,10.342988,450.712158203125,1787975346.0],[123.810017,10.343101,447.80517578125,1787975366.0],[123.809991,10.343112,446.668212890625,1787975371.0],[123.809985,10.343113,446.4801025390625,1787975372.0],[123.809922,10.343156,445.2281494140625,1787975385.0],[123.809869,10.343239,442.9339599609375,1787975402.0],[123.809868,10.343246,442.42694091796875,1787975403.0],[123.809912,10.343312,439.88690185546875,1787975414.0],[123.809956,10.34333,438.9659423828125,1787975420.0],[123.809983,10.343331,438.409423828125,1787975424.0],[123.81001,10.343317,437.634033203125,1787975428.0],[123.810016,10.343314,437.7847900390625,1787975429.0],[123.810095,10.343287,436.31207275390625,1787975441.0],[123.810188,10.343224,434.6297607421875,1787975459.0],[123.810194,10.34322,434.31396484375,1787975460.0],[123.810236,10.343192,433.650146484375,1787975468.0],[123.810285,10.343184,434.2176513671875,1787975476.0],[123.810359,10.343155,434.5579833984375,1787975490.0],[123.810363,10.343155,434.990234375,1787975491.0],[123.810458,10.34315,434.2769775390625,1787975507.0],[123.810527,10.34311,431.115478515625,1787975519.0],[123.810533,10.343105,430.60552978515625,1787975520.0],[123.81056,10.34309,429.190185546875,1787975526.0],[123.810606,10.343084,426.41448974609375,1787975535.0],[123.810608,10.343109,423.84295654296875,1787975549.0],[123.810598,10.343131,423.68292236328125,1787975554.0],[123.810559,10.343175,423.16864013671875,1787975563.0],[123.810555,10.34318,422.89691162109375,1787975564.0],[123.810433,10.34331,416.36639404296875,1787975596.0],[123.81043,10.343315,416.69244384765625,1787975597.0],[123.810417,10.343343,416.7392578125,1787975603.0],[123.810316,10.343465,414.42535400390625,1787975630.0],[123.810314,10.343469,415.17889404296875,1787975631.0],[123.810205,10.343618,411.108642578125,1787975662.0],[123.810202,10.343623,410.6982421875,1787975663.0],[123.810081,10.343763,406.28082275390625,1787975695.0],[123.810077,10.343771,405.37060546875,1787975696.0],[123.810021,10.343846,402.659912109375,1787975712.0],[123.809952,10.34389,398.5595703125,1787975730.0],[123.809946,10.343891,398.12841796875,1787975731.0],[123.809867,10.343899,395.5247802734375,1787975746.0],[123.809826,10.343927,394.289306640625,1787975754.0],[123.809771,10.343928,391.6973876953125,1787975763.0],[123.809765,10.34393,391.3250732421875,1787975764.0],[123.809669,10.343969,390.112060546875,1787975781.0],[123.809645,10.343966,389.6727294921875,1787975785.0],[123.809598,10.343993,388.346435546875,1787975792.0],[123.80959,10.343995,388.189453125,1787975793.0],[123.809467,10.343975,384.38092041015625,1787975811.0],[123.809424,10.343944,383.236083984375,1787975820.0],[123.809418,10.343942,382.85693359375,1787975821.0],[123.809389,10.343929,382.2392578125,1787975826.0],[123.80931,10.343865,380.352294921875,1787975844.0],[123.809277,10.343818,378.71929931640625,1787975854.0],[123.809271,10.343814,378.31591796875,1787975855.0],[123.809168,10.343703,377.429443359375,1787975890.0],[123.809133,10.343702,375.821533203125,1787975894.0],[123.809128,10.343705,375.3753662109375,1787975895.0],[123.809097,10.343798,374.93511962890625,1787975912.0],[123.809118,10.343876,371.123779296875,1787975922.0],[123.809117,10.343885,371.362060546875,1787975923.0],[123.80912,10.343936,369.78021240234375,1787975931.0],[123.80914,10.343977,367.5047607421875,1787975937.0],[123.809155,10.344052,365.36083984375,1787975954.0],[123.809155,10.344058,365.20135498046875,1787975955.0],[123.8092,10.344091,363.04736328125,1787975962.0],[123.809257,10.344163,361.84588623046875,1787975976.0],[123.809269,10.344191,360.6158447265625,1787975980.0],[123.809273,10.344196,360.5040283203125,1787975981.0],[123.809317,10.34423,360.2418212890625,1787975989.0],[123.80938,10.344263,357.7962646484375,1787976003.0],[123.809411,10.344312,359.01519775390625,1787976013.0],[123.809412,10.344313,359.4385986328125,1787976014.0],[123.809461,10.344343,358.24560546875,1787976027.0],[123.80956,10.344429,353.41046142578125,1787976057.0],[123.809564,10.344432,353.16778564453125,1787976058.0],[123.809601,10.344471,352.36224365234375,1787976069.0],[123.809608,10.344492,352.20916748046875,1787976074.0],[123.809566,10.344557,348.84814453125,1787976089.0],[123.80954,10.344573,346.6273193359375,1787976094.0],[123.809534,10.344573,346.764892578125,1787976095.0],[123.809417,10.344587,342.377685546875,1787976128.0],[123.809367,10.344607,339.46728515625,1787976135.0],[123.809361,10.344611,338.61944580078125,1787976136.0],[123.809193,10.344639,333.59967041015625,1787976159.0],[123.809184,10.344641,333.604736328125,1787976160.0],[123.809077,10.344643,330.84027099609375,1787976175.0],[123.808999,10.344625,328.82977294921875,1787976186.0],[123.808992,10.344624,328.745361328125,1787976187.0],[123.808837,10.34453,325.627197265625,1787976216.0],[123.808834,10.344528,325.939697265625,1787976217.0],[123.808798,10.344491,324.468017578125,1787976228.0],[123.808686,10.344433,321.8492431640625,1787976249.0],[123.808678,10.344432,321.5377197265625,1787976250.0],[123.808622,10.344432,319.3143310546875,1787976257.0],[123.808506,10.344377,317.44384765625,1787976395.0],[123.8085,10.344373,317.309814453125,1787976396.0],[123.808476,10.344355,316.880615234375,1787976417.0],[123.808452,10.344313,316.4830322265625,1787976426.0],[123.808419,10.344217,313.0291748046875,1787976445.0],[123.808416,10.344211,312.7965087890625,1787976446.0],[123.808401,10.344186,312.17254638671875,1787976450.0],[123.80839,10.344117,312.1124267578125,1787976462.0],[123.808357,10.344044,310.051513671875,1787976476.0],[123.808354,10.344039,309.8114013671875,1787976477.0],[123.808271,10.34391,304.185302734375,1787976503.0],[123.808242,10.343895,303.7879638671875,1787976507.0],[123.808236,10.343893,303.9635009765625,1787976508.0],[123.808109,10.343893,303.5338134765625,1787976526.0],[123.80806,10.343916,303.3575439453125,1787976533.0],[123.808055,10.34392,303.6129150390625,1787976534.0],[123.807902,10.34401,300.5146484375,1787976553.0],[123.807895,10.344016,300.634765625,1787976554.0],[123.807774,10.344117,301.4910888671875,1787976570.0],[123.807766,10.344123,301.45574951171875,1787976571.0],[123.807715,10.344174,301.526611328125,1787976579.0],[123.807678,10.344232,300.7152099609375,1787976588.0],[123.807653,10.344251,299.465087890625,1787976592.0],[123.807648,10.344257,299.162841796875,1787976593.0],[123.807564,10.344326,295.76629638671875,1787976608.0],[123.80754,10.344361,294.8115234375,1787976614.0],[123.807533,10.344389,293.31884765625,1787976618.0],[123.807531,10.344394,293.3238525390625,1787976619.0],[123.807475,10.344474,290.3475341796875,1787976634.0],[123.807404,10.344507,288.20550537109375,1787976644.0],[123.807396,10.34451,288.27447509765625,1787976645.0],[123.807237,10.344579,286.156005859375,1787976668.0],[123.807226,10.344581,285.954833984375,1787976669.0],[123.807073,10.344627,283.7061767578125,1787976687.0],[123.807066,10.344628,283.560791015625,1787976688.0],[123.806974,10.344648,281.4342041015625,1787976701.0],[123.806898,10.344649,280.30206298828125,1787976711.0],[123.806893,10.34465,280.2125244140625,1787976712.0],[123.806846,10.344674,279.660400390625,1787976727.0],[123.806756,10.344764,277.72894287109375,1787976754.0],[123.80675,10.344768,277.457275390625,1787976755.0],[123.806726,10.344791,276.7083740234375,1787976759.0],[123.806722,10.34484,275.0533447265625,1787976766.0],[123.806741,10.344882,273.88800048828125,1787976772.0],[123.806765,10.344894,271.33306884765625,1787976777.0],[123.806792,10.344886,269.8189697265625,1787976783.0],[123.806798,10.344888,269.61212158203125,1787976784.0],[123.806899,10.344899,265.87603759765625,1787976798.0],[123.806965,10.344934,265.462890625,1787976808.0],[123.806972,10.344938,265.16558837890625,1787976809.0],[123.807024,10.345,266.4468994140625,1787976822.0],[123.807096,10.345066,266.27703857421875,1787976837.0],[123.807102,10.345071,265.49676513671875,1787976838.0],[123.807124,10.345092,264.682373046875,1787976842.0],[123.807161,10.345101,264.595947265625,1787976847.0],[123.807266,10.345081,262.7281494140625,1787976861.0],[123.807274,10.34508,262.4840087890625,1787976862.0],[123.807388,10.345059,264.0032958984375,1787976874.0],[123.807433,10.345069,263.2589111328125,1787976879.0],[123.80744,10.345072,262.936767578125,1787976880.0],[123.807492,10.3451,261.494873046875,1787976887.0],[123.807581,10.345195,258.961669921875,1787976903.0],[123.807588,10.345202,258.7896728515625,1787976904.0],[123.807648,10.345247,256.9849853515625,1787976914.0],[123.807702,10.34533,254.6368408203125,1787976928.0],[123.807706,10.345335,254.621337890625,1787976929.0],[123.807726,10.345358,253.86724853515625,1787976934.0],[123.807767,10.345381,252.42529296875,1787976940.0],[123.807787,10.34543,254.7144775390625,1787976948.0],[123.807789,10.34548,252.44921875,1787976955.0],[123.807786,10.345486,252.16326904296875,1787976956.0],[123.807764,10.345506,250.52850341796875,1787976961.0],[123.807624,10.345549,247.806640625,1787976982.0],[123.807616,10.34555,247.70672607421875,1787976983.0],[123.80752,10.345583,245.4625244140625,1787976997.0],[123.807447,10.345585,244.232421875,1787977008.0],[123.807442,10.345587,244.48828125,1787977009.0],[123.807366,10.345621,243.07147216796875,1787977022.0],[123.807349,10.345639,242.79888916015625,1787977027.0],[123.807326,10.34571,240.3267822265625,1787977040.0],[123.807325,10.345717,240.11785888671875,1787977041.0],[123.807319,10.345791,237.53607177734375,1787977052.0],[123.807333,10.345834,236.184814453125,1787977058.0],[123.807356,10.345846,236.420166015625,1787977062.0],[123.80739,10.345843,235.497314453125,1787977066.0],[123.807396,10.345844,235.588134765625,1787977067.0],[123.807506,10.345897,233.38006591796875,1787977087.0],[123.807552,10.345933,232.1953125,1787977096.0],[123.807555,10.345939,231.98968505859375,1787977097.0],[123.80757,10.345969,230.835205078125,1787977102.0],[123.807564,10.345995,229.840087890625,1787977106.0],[123.807472,10.346075,228.12030029296875,1787977125.0],[123.807466,10.346079,227.91595458984375,1787977126.0],[123.807373,10.34615,225.35357666015625,1787977143.0],[123.807348,10.346154,224.69873046875,1787977147.0],[123.807319,10.346143,224.08197021484375,1787977152.0],[123.807317,10.34614,224.037841796875,1787977153.0],[123.807296,10.346146,224.35009765625,1787977176.0],[123.807206,10.346137,223.388916015625,1787977188.0],[123.807156,10.346154,223.0638427734375,1787977195.0],[123.807149,10.346158,223.1474609375,1787977196.0],[123.807111,10.346189,222.383544921875,1787977203.0],[123.807082,10.346229,220.8602294921875,1787977210.0],[123.807012,10.346267,218.42596435546875,1787977222.0],[123.807006,10.346268,218.26416015625,1787977223.0],[123.806904,10.346303,215.23699951171875,1787977243.0],[123.806867,10.346337,213.9990234375,1787977252.0],[123.806859,10.346364,212.7955322265625,1787977256.0],[123.806858,10.346373,212.5557861328125,1787977257.0],[123.806884,10.346467,210.44873046875,1787977272.0],[123.806943,10.34653,208.686767578125,1787977285.0],[123.806949,10.346535,208.5382080078125,1787977286.0],[123.807008,10.346576,208.0103759765625,1787977295.0],[123.807104,10.346571,205.7520751953125,1787977308.0],[123.80711,10.34657,205.42108154296875,1787977309.0],[123.80714,10.346565,204.077880859375,1787977314.0],[123.807287,10.346595,200.3785400390625,1787977343.0],[123.807291,10.346599,200.0230712890625,1787977344.0],[123.807452,10.346681,194.6463623046875,1787977376.0],[123.807459,10.346685,194.38043212890625,1787977377.0],[123.807556,10.346728,191.88226318359375,1787977393.0],[123.807619,10.346777,188.7877197265625,1787977405.0],[123.807625,10.346781,188.4830322265625,1787977406.0],[123.807696,10.346823,185.731689453125,1787977426.0],[123.807746,10.346822,184.44354248046875,1787977432.0],[123.807799,10.34684,182.5570068359375,1787977441.0],[123.807804,10.346841,182.340087890625,1787977442.0],[123.807909,10.346947,181.83990478515625,1787977466.0],[123.807936,10.346959,181.1011962890625,1787977470.0],[123.807942,10.346963,181.03802490234375,1787977471.0],[123.808033,10.347004,178.92474365234375,1787977483.0],[123.808114,10.34702,177.04437255859375,1787977494.0],[123.80812,10.34702,176.90655517578125,1787977495.0],[123.808224,10.347048,173.720703125,1787977508.0],[123.808284,10.3471,173.1505126953125,1787977519.0],[123.808287,10.347107,173.283935546875,1787977520.0],[123.808298,10.347129,173.72283935546875,1787977524.0],[123.808305,10.347271,171.59765625,1787977542.0],[123.808304,10.347279,171.5819091796875,1787977543.0],[123.808266,10.347348,172.19915771484375,1787977578.0],[123.808197,10.347425,171.2918701171875,1787977596.0],[123.808194,10.34743,171.009033203125,1787977597.0],[123.808087,10.347575,171.7125244140625,1787977639.0],[123.808083,10.347579,171.618408203125,1787977640.0],[123.807965,10.347719,172.34130859375,1787977677.0],[123.807961,10.347722,172.3680419921875,1787977678.0],[123.80786,10.347839,170.8734130859375,1787977711.0],[123.807871,10.347873,170.25982666015625,1787977716.0]]]}}]}