{"type":"FeatureCollection","features":[{"type":"Feature","geometry":{"type":"Point","coordinates":[123.7544125,10.289639599999999]},"properties":{"category":"no_service","signal_dbm":null,"preserve":true,"sequence":24,"survey_group":"11e8f19f50b68a79"}},{"type":"Feature","geometry":{"type":"Point","coordinates":[123.75403350000001,10.290286699999999]},"properties":{"category":"no_service","signal_dbm":null,"preserve":false,"sequence":23,"survey_group":"11e8f19f50b68a79"}},{"type":"Feature","geometry":{"type":"Point","coordinates":[123.7536377,10.291072]},"properties":{"category":"no_service","signal_dbm":null,"preserve":false,"sequence":22,"survey_group":"11e8f19f50b68a79"}},{"type":"Feature","geometry":{"type":"Point","coordinates":[123.75291439999999,10.291391600000001]},"properties":{"category":"no_service","signal_dbm":null,"preserve":false,"sequence":21,"survey_group":"11e8f19f50b68a79"}},{"type":"Feature","geometry":{"type":"Point","coordinates":[123.7526974,10.2920716]},"properties":{"category":"no_service","signal_dbm":null,"preserve":false,"sequence":20,"survey_group":"11e8f19f50b68a79"}},{"type":"Feature","geometry":{"type":"Point","coordinates":[123.7526005,10.2931601]},"properties":{"category":"no_service","signal_dbm":null,"preserve":true,"sequence":19,"survey_group":"11e8f19f50b68a79"}},{"type":"Feature","geometry":{"type":"Point","coordinates":[123.7519142,10.2937198]},"properties":{"category":"service","signal_dbm":-114,"preserve":true,"sequence":18,"survey_group":"11e8f19f50b68a79"}},{"type":"Feature","geometry":{"type":"Point","coordinates":[123.7508708,10.2939434]},"properties":{"category":"no_service","signal_dbm":null,"preserve":true,"sequence":17,"survey_group":"11e8f19f50b68a79"}},{"type":"Feature","geometry":{"type":"Point","coordinates":[123.7511234,10.295159]},"properties":{"category":"service","signal_dbm":-131,"preserve":true,"sequence":16,"survey_group":"11e8f19f50b68a79"}},{"type":"Feature","geometry":{"type":"Point","coordinates":[123.7510017,10.295977600000001]},"properties":{"category":"service","signal_dbm":null,"preserve":false,"sequence":15,"survey_group":"11e8f19f50b68a79"}},{"type":"Feature","geometry":{"type":"Point","coordinates":[123.752168,10.2972226]},"properties":{"category":"service","signal_dbm":-116,"preserve":false,"sequence":14,"survey_group":"11e8f19f50b68a79"}},{"type":"Feature","geometry":{"type":"Point","coordinates":[123.7499361,10.298017700000001]},"properties":{"category":"service","signal_dbm":-101,"preserve":false,"sequence":12,"survey_group":"11e8f19f50b68a79"}},{"type":"Feature","geometry":{"type":"Point","coordinates":[123.7512756,10.2980334]},"properties":{"category":"service","signal_dbm":-114,"preserve":false,"sequence":13,"survey_group":"11e8f19f50b68a79"}},{"type":"Feature","geometry":{"type":"Point","coordinates":[123.7485039,10.298118799999999]},"properties":{"category":"service","signal_dbm":-101,"preserve":false,"sequence":11,"survey_group":"11e8f19f50b68a79"}},{"type":"Feature","geometry":{"type":"Point","coordinates":[123.74666240000001,10.2988097]},"properties":{"category":"service","signal_dbm":-115,"preserve":false,"sequence":10,"survey_group":"11e8f19f50b68a79"}},{"type":"Feature","geometry":{"type":"Point","coordinates":[123.7457263,10.2996689]},"properties":{"category":"service","signal_dbm":-95,"preserve":false,"sequence":9,"survey_group":"11e8f19f50b68a79"}},{"type":"Feature","geometry":{"type":"Point","coordinates":[123.7451871,10.301157999999999]},"properties":{"category":"service","signal_dbm":-115,"preserve":false,"sequence":8,"survey_group":"11e8f19f50b68a79"}},{"type":"Feature","geometry":{"type":"Point","coordinates":[123.7460198,10.3014501]},"properties":{"category":"service","signal_dbm":-93,"preserve":false,"sequence":7,"survey_group":"11e8f19f50b68a79"}},{"type":"Feature","geometry":{"type":"Point","coordinates":[123.7463156,10.3025433]},"properties":{"category":"service","signal_dbm":-93,"preserve":false,"sequence":6,"survey_group":"11e8f19f50b68a79"}},{"type":"Feature","geometry":{"type":"Point","coordinates":[123.7468068,10.3039796]},"properties":{"category":"service","signal_dbm":-98,"preserve":false,"sequence":5,"survey_group":"11e8f19f50b68a79"}},{"type":"Feature","geometry":{"type":"Point","coordinates":[123.74626019999999,10.3043183]},"properties":{"category":"service","signal_dbm":-102,"preserve":false,"sequence":4,"survey_group":"11e8f19f50b68a79"}},{"type":"Feature","geometry":{"type":"Point","coordinates":[123.7460244,10.304845500000001]},"properties":{"category":"service","signal_dbm":-85,"preserve":false,"sequence":3,"survey_group":"11e8f19f50b68a79"}},{"type":"Feature","geometry":{"type":"Point","coordinates":[123.7459611,10.3054396]},"properties":{"category":"service","signal_dbm":-110,"preserve":false,"sequence":2,"survey_group":"11e8f19f50b68a79"}},{"type":"Feature","geometry":{"type":"Point","coordinates":[123.74541809999999,10.3056655]},"properties":{"category":"service","signal_dbm":-94,"preserve":false,"sequence":1,"survey_group":"11e8f19f50b68a79"}},{"type":"Feature","geometry":{"type":"Point","coordinates":[123.7449938,10.305843899999999]},"properties":{"category":"service","signal_dbm":-99,"preserve":true,"sequence":0,"survey_group":"11e8f19f50b68a79"}},{"type":"Feature","geometry":{"type":"Point","coordinates":[123.77984789999999,10.240278500000001]},"properties":{"category":"service","signal_dbm":-85,"preserve":true,"sequence":22,"survey_group":"54f305bb156e3779"}},{"type":"Feature","geometry":{"type":"Point","coordinates":[123.7677735,10.2541925]},"properties":{"category":"service","signal_dbm":-115,"preserve":false,"sequence":21,"survey_group":"54f305bb156e3779"}},{"type":"Feature","geometry":{"type":"Point","coordinates":[123.7580485,10.262430500000001]},"properties":{"category":"service","signal_dbm":-95,"preserve":false,"sequence":20,"survey_group":"54f305bb156e3779"}},{"type":"Feature","geometry":{"type":"Point","coordinates":[123.753798,10.275138]},"properties":{"category":"service","signal_dbm":null,"preserve":false,"sequence":19,"survey_group":"54f305bb156e3779"}},{"type":"Feature","geometry":{"type":"Point","coordinates":[123.7527764,10.2770355]},"properties":{"category":"service","signal_dbm":null,"preserve":false,"sequence":18,"survey_group":"54f305bb156e3779"}},{"type":"Feature","geometry":{"type":"Point","coordinates":[123.7511356,10.278858]},"properties":{"category":"service","signal_dbm":null,"preserve":true,"sequence":17,"survey_group":"54f305bb156e3779"}},{"type":"Feature","geometry":{"type":"Point","coordinates":[123.75098560000001,10.279615]},"properties":{"category":"no_service","signal_dbm":null,"preserve":true,"sequence":16,"survey_group":"54f305bb156e3779"}},{"type":"Feature","geometry":{"type":"Point","coordinates":[123.75067009999999,10.2809384]},"properties":{"category":"no_service","signal_dbm":null,"preserve":false,"sequence":15,"survey_group":"54f305bb156e3779"}},{"type":"Feature","geometry":{"type":"Point","coordinates":[123.75132739999999,10.282120300000001]},"properties":{"category":"no_service","signal_dbm":null,"preserve":false,"sequence":14,"survey_group":"54f305bb156e3779"}},{"type":"Feature","geometry":{"type":"Point","coordinates":[123.7521224,10.283372399999999]},"properties":{"category":"no_service","signal_dbm":null,"preserve":false,"sequence":13,"survey_group":"54f305bb156e3779"}},{"type":"Feature","geometry":{"type":"Point","coordinates":[123.75275739999999,10.284345200000001]},"properties":{"category":"no_service","signal_dbm":null,"preserve":false,"sequence":12,"survey_group":"54f305bb156e3779"}},{"type":"Feature","geometry":{"type":"Point","coordinates":[123.7534702,10.2852879]},"properties":{"category":"no_service","signal_dbm":null,"preserve":false,"sequence":11,"survey_group":"54f305bb156e3779"}},{"type":"Feature","geometry":{"type":"Point","coordinates":[123.75349110000001,10.286484]},"properties":{"category":"no_service","signal_dbm":null,"preserve":false,"sequence":10,"survey_group":"54f305bb156e3779"}},{"type":"Feature","geometry":{"type":"Point","coordinates":[123.7534569,10.286987699999999]},"properties":{"category":"no_service","signal_dbm":null,"preserve":false,"sequence":9,"survey_group":"54f305bb156e3779"}},{"type":"Feature","geometry":{"type":"Point","coordinates":[123.75464239999999,10.288242]},"properties":{"category":"no_service","signal_dbm":null,"preserve":false,"sequence":8,"survey_group":"54f305bb156e3779"}},{"type":"Feature","geometry":{"type":"Point","coordinates":[123.7553434,10.2888766]},"properties":{"category":"no_service","signal_dbm":null,"preserve":true,"sequence":0,"survey_group":"54f305bb156e3779"}},{"type":"Feature","geometry":{"type":"Point","coordinates":[123.7564957,10.289022299999999]},"properties":{"category":"no_service","signal_dbm":null,"preserve":false,"sequence":1,"survey_group":"54f305bb156e3779"}},{"type":"Feature","geometry":{"type":"Point","coordinates":[123.7560771,10.2890479]},"properties":{"category":"no_service","signal_dbm":null,"preserve":false,"sequence":7,"survey_group":"54f305bb156e3779"}},{"type":"Feature","geometry":{"type":"Point","coordinates":[123.7576906,10.2892815]},"properties":{"category":"no_service","signal_dbm":null,"preserve":false,"sequence":3,"survey_group":"54f305bb156e3779"}},{"type":"Feature","geometry":{"type":"Point","coordinates":[123.75652770000001,10.289517099999999]},"properties":{"category":"no_service","signal_dbm":null,"preserve":false,"sequence":6,"survey_group":"54f305bb156e3779"}},{"type":"Feature","geometry":{"type":"Point","coordinates":[123.7568048,10.289830200000001]},"properties":{"category":"no_service","signal_dbm":null,"preserve":false,"sequence":2,"survey_group":"54f305bb156e3779"}},{"type":"Feature","geometry":{"type":"Point","coordinates":[123.75806489999999,10.2898446]},"properties":{"category":"no_service","signal_dbm":null,"preserve":false,"sequence":4,"survey_group":"54f305bb156e3779"}},{"type":"Feature","geometry":{"type":"Point","coordinates":[123.7744532,10.236730100000001]},"properties":{"category":"service","signal_dbm":-84,"preserve":true,"sequence":0,"survey_group":"f1c4e0958e306e55"}},{"type":"Feature","geometry":{"type":"Point","coordinates":[123.7593916,10.238141499999999]},"properties":{"category":"no_service","signal_dbm":null,"preserve":true,"sequence":21,"survey_group":"f1c4e0958e306e55"}},{"type":"Feature","geometry":{"type":"Point","coordinates":[123.76056060000001,10.2386762]},"properties":{"category":"service","signal_dbm":-125,"preserve":true,"sequence":20,"survey_group":"f1c4e0958e306e55"}},{"type":"Feature","geometry":{"type":"Point","coordinates":[123.75782529999999,10.238708900000001]},"properties":{"category":"service","signal_dbm":-83,"preserve":true,"sequence":22,"survey_group":"f1c4e0958e306e55"}},{"type":"Feature","geometry":{"type":"Point","coordinates":[123.7666102,10.239326]},"properties":{"category":"service","signal_dbm":-97,"preserve":false,"sequence":16,"survey_group":"f1c4e0958e306e55"}},{"type":"Feature","geometry":{"type":"Point","coordinates":[123.7630121,10.2396054]},"properties":{"category":"service","signal_dbm":-125,"preserve":false,"sequence":19,"survey_group":"f1c4e0958e306e55"}},{"type":"Feature","geometry":{"type":"Point","coordinates":[123.7656418,10.2396169]},"properties":{"category":"service","signal_dbm":-121,"preserve":false,"sequence":17,"survey_group":"f1c4e0958e306e55"}},{"type":"Feature","geometry":{"type":"Point","coordinates":[123.7637718,10.239708500000001]},"properties":{"category":"service","signal_dbm":-121,"preserve":false,"sequence":18,"survey_group":"f1c4e0958e306e55"}},{"type":"Feature","geometry":{"type":"Point","coordinates":[123.7672457,10.2399173]},"properties":{"category":"service","signal_dbm":-97,"preserve":false,"sequence":15,"survey_group":"f1c4e0958e306e55"}},{"type":"Feature","geometry":{"type":"Point","coordinates":[123.7562799,10.240151300000001]},"properties":{"category":"service","signal_dbm":-83,"preserve":false,"sequence":23,"survey_group":"f1c4e0958e306e55"}},{"type":"Feature","geometry":{"type":"Point","coordinates":[123.7675066,10.240445599999999]},"properties":{"category":"service","signal_dbm":-97,"preserve":false,"sequence":14,"survey_group":"f1c4e0958e306e55"}},{"type":"Feature","geometry":{"type":"Point","coordinates":[123.7561386,10.241085699999999]},"properties":{"category":"service","signal_dbm":-116,"preserve":false,"sequence":24,"survey_group":"f1c4e0958e306e55"}},{"type":"Feature","geometry":{"type":"Point","coordinates":[123.76655529999999,10.2413629]},"properties":{"category":"service","signal_dbm":-97,"preserve":false,"sequence":13,"survey_group":"f1c4e0958e306e55"}},{"type":"Feature","geometry":{"type":"Point","coordinates":[123.7557413,10.2419093]},"properties":{"category":"service","signal_dbm":-113,"preserve":false,"sequence":25,"survey_group":"f1c4e0958e306e55"}},{"type":"Feature","geometry":{"type":"Point","coordinates":[123.7651733,10.242325599999999]},"properties":{"category":"service","signal_dbm":-97,"preserve":false,"sequence":12,"survey_group":"f1c4e0958e306e55"}},{"type":"Feature","geometry":{"type":"Point","coordinates":[123.7649229,10.243180799999999]},"properties":{"category":"service","signal_dbm":-97,"preserve":false,"sequence":11,"survey_group":"f1c4e0958e306e55"}},{"type":"Feature","geometry":{"type":"Point","coordinates":[123.75418070000001,10.243762]},"properties":{"category":"service","signal_dbm":-113,"preserve":false,"sequence":26,"survey_group":"f1c4e0958e306e55"}},{"type":"Feature","geometry":{"type":"Point","coordinates":[123.7646787,10.243917700000001]},"properties":{"category":"service","signal_dbm":-123,"preserve":false,"sequence":10,"survey_group":"f1c4e0958e306e55"}},{"type":"Feature","geometry":{"type":"Point","coordinates":[123.7538708,10.2447614]},"properties":{"category":"service","signal_dbm":-113,"preserve":false,"sequence":27,"survey_group":"f1c4e0958e306e55"}},{"type":"Feature","geometry":{"type":"Point","coordinates":[123.75515350000001,10.244897099999999]},"properties":{"category":"service","signal_dbm":-113,"preserve":false,"sequence":28,"survey_group":"f1c4e0958e306e55"}},{"type":"Feature","geometry":{"type":"Point","coordinates":[123.7646173,10.244909099999999]},"properties":{"category":"service","signal_dbm":-104,"preserve":false,"sequence":9,"survey_group":"f1c4e0958e306e55"}},{"type":"Feature","geometry":{"type":"Point","coordinates":[123.7569917,10.244929900000001]},"properties":{"category":"service","signal_dbm":-102,"preserve":false,"sequence":31,"survey_group":"f1c4e0958e306e55"}},{"type":"Feature","geometry":{"type":"Point","coordinates":[123.7561367,10.245002400000001]},"properties":{"category":"service","signal_dbm":-102,"preserve":false,"sequence":30,"survey_group":"f1c4e0958e306e55"}},{"type":"Feature","geometry":{"type":"Point","coordinates":[123.75577730000001,10.245337900000001]},"properties":{"category":"service","signal_dbm":-113,"preserve":false,"sequence":29,"survey_group":"f1c4e0958e306e55"}},{"type":"Feature","geometry":{"type":"Point","coordinates":[123.7642626,10.245422899999999]},"properties":{"category":"service","signal_dbm":-104,"preserve":false,"sequence":8,"survey_group":"f1c4e0958e306e55"}},{"type":"Feature","geometry":{"type":"Point","coordinates":[123.76392439999999,10.245836000000001]},"properties":{"category":"service","signal_dbm":-104,"preserve":false,"sequence":7,"survey_group":"f1c4e0958e306e55"}},{"type":"Feature","geometry":{"type":"Point","coordinates":[123.763424,10.246425800000001]},"properties":{"category":"service","signal_dbm":-104,"preserve":false,"sequence":6,"survey_group":"f1c4e0958e306e55"}},{"type":"Feature","geometry":{"type":"Point","coordinates":[123.7561106,10.2464809]},"properties":{"category":"service","signal_dbm":-102,"preserve":false,"sequence":32,"survey_group":"f1c4e0958e306e55"}},{"type":"Feature","geometry":{"type":"Point","coordinates":[123.769702,10.2465104]},"properties":{"category":"service","signal_dbm":-84,"preserve":false,"sequence":1,"survey_group":"f1c4e0958e306e55"}},{"type":"Feature","geometry":{"type":"Point","coordinates":[123.76335210000001,10.2473902]},"properties":{"category":"service","signal_dbm":-119,"preserve":false,"sequence":5,"survey_group":"f1c4e0958e306e55"}},{"type":"Feature","geometry":{"type":"Point","coordinates":[123.76229619999999,10.2476284]},"properties":{"category":"service","signal_dbm":-110,"preserve":false,"sequence":4,"survey_group":"f1c4e0958e306e55"}},{"type":"Feature","geometry":{"type":"Point","coordinates":[123.7564698,10.247779]},"properties":{"category":"service","signal_dbm":-125,"preserve":false,"sequence":33,"survey_group":"f1c4e0958e306e55"}},{"type":"Feature","geometry":{"type":"Point","coordinates":[123.7610883,10.248371499999999]},"properties":{"category":"service","signal_dbm":-110,"preserve":false,"sequence":3,"survey_group":"f1c4e0958e306e55"}},{"type":"Feature","geometry":{"type":"Point","coordinates":[123.76455900000001,10.2488514]},"properties":{"category":"service","signal_dbm":-109,"preserve":false,"sequence":2,"survey_group":"f1c4e0958e306e55"}},{"type":"Feature","geometry":{"type":"Point","coordinates":[123.7607675,10.2488736]},"properties":{"category":"service","signal_dbm":-123,"preserve":true,"sequence":39,"survey_group":"f1c4e0958e306e55"}},{"type":"Feature","geometry":{"type":"Point","coordinates":[123.7570382,10.249176800000001]},"properties":{"category":"service","signal_dbm":-118,"preserve":false,"sequence":34,"survey_group":"f1c4e0958e306e55"}},{"type":"Feature","geometry":{"type":"Point","coordinates":[123.76023530000001,10.249690599999999]},"properties":{"category":"service","signal_dbm":-123,"preserve":false,"sequence":38,"survey_group":"f1c4e0958e306e55"}},{"type":"Feature","geometry":{"type":"Point","coordinates":[123.7570991,10.249776199999999]},"properties":{"category":"service","signal_dbm":-118,"preserve":false,"sequence":35,"survey_group":"f1c4e0958e306e55"}},{"type":"Feature","geometry":{"type":"Point","coordinates":[123.7573019,10.2502412]},"properties":{"category":"service","signal_dbm":-118,"preserve":false,"sequence":36,"survey_group":"f1c4e0958e306e55"}},{"type":"Feature","geometry":{"type":"Point","coordinates":[123.7587429,10.2504629]},"properties":{"category":"service","signal_dbm":-118,"preserve":false,"sequence":37,"survey_group":"f1c4e0958e306e55"}},{"type":"Feature","geometry":{"type":"Point","coordinates":[123.8144848,10.3377839]},"properties":{"category":"service","signal_dbm":-126,"preserve":false,"sequence":45,"survey_group":"770e7e3c63867daf"}},{"type":"Feature","geometry":{"type":"Point","coordinates":[123.8153938,10.3380896]},"properties":{"category":"service","signal_dbm":-126,"preserve":false,"sequence":44,"survey_group":"770e7e3c63867daf"}},{"type":"Feature","geometry":{"type":"Point","coordinates":[123.8161425,10.3381127]},"properties":{"category":"service","signal_dbm":-127,"preserve":false,"sequence":43,"survey_group":"770e7e3c63867daf"}},{"type":"Feature","geometry":{"type":"Point","coordinates":[123.8175205,10.3389376]},"properties":{"category":"service","signal_dbm":null,"preserve":true,"sequence":42,"survey_group":"770e7e3c63867daf"}},{"type":"Feature","geometry":{"type":"Point","coordinates":[123.81652800000001,10.3391786]},"properties":{"category":"no_service","signal_dbm":null,"preserve":true,"sequence":41,"survey_group":"770e7e3c63867daf"}},{"type":"Feature","geometry":{"type":"Point","coordinates":[123.8141322,10.3395888]},"properties":{"category":"service","signal_dbm":-126,"preserve":false,"sequence":46,"survey_group":"770e7e3c63867daf"}},{"type":"Feature","geometry":{"type":"Point","coordinates":[123.8168436,10.340051000000001]},"properties":{"category":"no_service","signal_dbm":null,"preserve":true,"sequence":40,"survey_group":"770e7e3c63867daf"}},{"type":"Feature","geometry":{"type":"Point","coordinates":[123.81925219999999,10.340064999999999]},"properties":{"category":"service","signal_dbm":null,"preserve":true,"sequence":39,"survey_group":"770e7e3c63867daf"}},{"type":"Feature","geometry":{"type":"Point","coordinates":[123.81324239999999,10.340388900000001]},"properties":{"category":"service","signal_dbm":-126,"preserve":false,"sequence":47,"survey_group":"770e7e3c63867daf"}},{"type":"Feature","geometry":{"type":"Point","coordinates":[123.82068049999999,10.340809699999999]},"properties":{"category":"no_service","signal_dbm":null,"preserve":true,"sequence":38,"survey_group":"770e7e3c63867daf"}},{"type":"Feature","geometry":{"type":"Point","coordinates":[123.81136600000001,10.341271300000001]},"properties":{"category":"service","signal_dbm":-126,"preserve":false,"sequence":48,"survey_group":"770e7e3c63867daf"}},{"type":"Feature","geometry":{"type":"Point","coordinates":[123.8262395,10.3413925]},"properties":{"category":"no_service","signal_dbm":null,"preserve":false,"sequence":35,"survey_group":"770e7e3c63867daf"}},{"type":"Feature","geometry":{"type":"Point","coordinates":[123.8103954,10.3414743]},"properties":{"category":"service","signal_dbm":-126,"preserve":false,"sequence":49,"survey_group":"770e7e3c63867daf"}},{"type":"Feature","geometry":{"type":"Point","coordinates":[123.8281808,10.341507699999999]},"properties":{"category":"no_service","signal_dbm":null,"preserve":false,"sequence":34,"survey_group":"770e7e3c63867daf"}},{"type":"Feature","geometry":{"type":"Point","coordinates":[123.8244941,10.341562400000001]},"properties":{"category":"no_service","signal_dbm":null,"preserve":false,"sequence":36,"survey_group":"770e7e3c63867daf"}},{"type":"Feature","geometry":{"type":"Point","coordinates":[123.8230756,10.342550599999999]},"properties":{"category":"no_service","signal_dbm":null,"preserve":false,"sequence":37,"survey_group":"770e7e3c63867daf"}},{"type":"Feature","geometry":{"type":"Point","coordinates":[123.8101781,10.342882700000001]},"properties":{"category":"service","signal_dbm":-126,"preserve":true,"sequence":50,"survey_group":"770e7e3c63867daf"}},{"type":"Feature","geometry":{"type":"Point","coordinates":[123.83043979999999,10.343207100000001]},"properties":{"category":"no_service","signal_dbm":null,"preserve":false,"sequence":33,"survey_group":"770e7e3c63867daf"}},{"type":"Feature","geometry":{"type":"Point","coordinates":[123.8103146,10.3434697]},"properties":{"category":"no_service","signal_dbm":null,"preserve":true,"sequence":51,"survey_group":"770e7e3c63867daf"}},{"type":"Feature","geometry":{"type":"Point","coordinates":[123.8080416,10.3439286]},"properties":{"category":"service","signal_dbm":null,"preserve":false,"sequence":54,"survey_group":"770e7e3c63867daf"}},{"type":"Feature","geometry":{"type":"Point","coordinates":[123.8091204,10.343936100000001]},"properties":{"category":"service","signal_dbm":null,"preserve":true,"sequence":52,"survey_group":"770e7e3c63867daf"}},{"type":"Feature","geometry":{"type":"Point","coordinates":[123.8087805,10.3444805]},"properties":{"category":"service","signal_dbm":null,"preserve":false,"sequence":53,"survey_group":"770e7e3c63867daf"}},{"type":"Feature","geometry":{"type":"Point","coordinates":[123.83262209999999,10.34503]},"properties":{"category":"no_service","signal_dbm":null,"preserve":true,"sequence":32,"survey_group":"770e7e3c63867daf"}},{"type":"Feature","geometry":{"type":"Point","coordinates":[123.80708749999999,10.345059900000001]},"properties":{"category":"service","signal_dbm":null,"preserve":false,"sequence":55,"survey_group":"770e7e3c63867daf"}},{"type":"Feature","geometry":{"type":"Point","coordinates":[123.8308684,10.3461161]},"properties":{"category":"service","signal_dbm":null,"preserve":false,"sequence":29,"survey_group":"770e7e3c63867daf"}},{"type":"Feature","geometry":{"type":"Point","coordinates":[123.8074129,10.346126099999999]},"properties":{"category":"service","signal_dbm":null,"preserve":false,"sequence":56,"survey_group":"770e7e3c63867daf"}},{"type":"Feature","geometry":{"type":"Point","coordinates":[123.83495069999999,10.3462011]},"properties":{"category":"service","signal_dbm":-121,"preserve":true,"sequence":31,"survey_group":"770e7e3c63867daf"}},{"type":"Feature","geometry":{"type":"Point","coordinates":[123.8326318,10.3463888]},"properties":{"category":"service","signal_dbm":-121,"preserve":false,"sequence":30,"survey_group":"770e7e3c63867daf"}},{"type":"Feature","geometry":{"type":"Point","coordinates":[123.8077684,10.3468316]},"properties":{"category":"service","signal_dbm":-117,"preserve":true,"sequence":57,"survey_group":"770e7e3c63867daf"}},{"type":"Feature","geometry":{"type":"Point","coordinates":[123.8298987,10.3476531]},"properties":{"category":"service","signal_dbm":null,"preserve":true,"sequence":28,"survey_group":"770e7e3c63867daf"}},{"type":"Feature","geometry":{"type":"Point","coordinates":[123.8270929,10.347720900000001]},"properties":{"category":"service","signal_dbm":null,"preserve":true,"sequence":26,"survey_group":"770e7e3c63867daf"}},{"type":"Feature","geometry":{"type":"Point","coordinates":[123.8257395,10.347833899999999]},"properties":{"category":"service","signal_dbm":-113,"preserve":false,"sequence":25,"survey_group":"770e7e3c63867daf"}},{"type":"Feature","geometry":{"type":"Point","coordinates":[123.8285522,10.3479952]},"properties":{"category":"no_service","signal_dbm":null,"preserve":true,"sequence":27,"survey_group":"770e7e3c63867daf"}},{"type":"Feature","geometry":{"type":"Point","coordinates":[123.8251613,10.3482088]},"properties":{"category":"service","signal_dbm":-114,"preserve":false,"sequence":24,"survey_group":"770e7e3c63867daf"}},{"type":"Feature","geometry":{"type":"Point","coordinates":[123.8091498,10.3486142]},"properties":{"category":"service","signal_dbm":-127,"preserve":true,"sequence":0,"survey_group":"770e7e3c63867daf"}},{"type":"Feature","geometry":{"type":"Point","coordinates":[123.82452960000001,10.3489247]},"properties":{"category":"service","signal_dbm":-114,"preserve":false,"sequence":23,"survey_group":"770e7e3c63867daf"}},{"type":"Feature","geometry":{"type":"Point","coordinates":[123.824018,10.349255299999999]},"properties":{"category":"service","signal_dbm":-114,"preserve":false,"sequence":22,"survey_group":"770e7e3c63867daf"}},{"type":"Feature","geometry":{"type":"Point","coordinates":[123.8103213,10.349345700000001]},"properties":{"category":"no_service","signal_dbm":null,"preserve":true,"sequence":1,"survey_group":"770e7e3c63867daf"}},{"type":"Feature","geometry":{"type":"Point","coordinates":[123.8240392,10.349993]},"properties":{"category":"service","signal_dbm":-114,"preserve":false,"sequence":21,"survey_group":"770e7e3c63867daf"}},{"type":"Feature","geometry":{"type":"Point","coordinates":[123.8128636,10.3502326]},"properties":{"category":"service","signal_dbm":null,"preserve":true,"sequence":2,"survey_group":"770e7e3c63867daf"}},{"type":"Feature","geometry":{"type":"Point","coordinates":[123.82374280000001,10.351191500000001]},"properties":{"category":"service","signal_dbm":-114,"preserve":false,"sequence":20,"survey_group":"770e7e3c63867daf"}},{"type":"Feature","geometry":{"type":"Point","coordinates":[123.8245168,10.3513947]},"properties":{"category":"service","signal_dbm":-114,"preserve":false,"sequence":19,"survey_group":"770e7e3c63867daf"}},{"type":"Feature","geometry":{"type":"Point","coordinates":[123.8133401,10.3515842]},"properties":{"category":"no_service","signal_dbm":null,"preserve":true,"sequence":3,"survey_group":"770e7e3c63867daf"}},{"type":"Feature","geometry":{"type":"Point","coordinates":[123.8248756,10.352460799999999]},"properties":{"category":"service","signal_dbm":-119,"preserve":false,"sequence":18,"survey_group":"770e7e3c63867daf"}},{"type":"Feature","geometry":{"type":"Point","coordinates":[123.8248365,10.353359899999999]},"properties":{"category":"service","signal_dbm":-120,"preserve":false,"sequence":17,"survey_group":"770e7e3c63867daf"}},{"type":"Feature","geometry":{"type":"Point","coordinates":[123.81487509999999,10.3533828]},"properties":{"category":"service","signal_dbm":null,"preserve":true,"sequence":4,"survey_group":"770e7e3c63867daf"}},{"type":"Feature","geometry":{"type":"Point","coordinates":[123.8250177,10.353839300000001]},"properties":{"category":"service","signal_dbm":-120,"preserve":false,"sequence":16,"survey_group":"770e7e3c63867daf"}},{"type":"Feature","geometry":{"type":"Point","coordinates":[123.8250695,10.3547052]},"properties":{"category":"service","signal_dbm":-120,"preserve":false,"sequence":15,"survey_group":"770e7e3c63867daf"}},{"type":"Feature","geometry":{"type":"Point","coordinates":[123.8172948,10.3549785]},"properties":{"category":"service","signal_dbm":null,"preserve":false,"sequence":5,"survey_group":"770e7e3c63867daf"}},{"type":"Feature","geometry":{"type":"Point","coordinates":[123.8252569,10.355662000000001]},"properties":{"category":"service","signal_dbm":-121,"preserve":false,"sequence":14,"survey_group":"770e7e3c63867daf"}},{"type":"Feature","geometry":{"type":"Point","coordinates":[123.825987,10.356170499999999]},"properties":{"category":"service","signal_dbm":-120,"preserve":false,"sequence":13,"survey_group":"770e7e3c63867daf"}},{"type":"Feature","geometry":{"type":"Point","coordinates":[123.82067360000001,10.356313]},"properties":{"category":"service","signal_dbm":null,"preserve":true,"sequence":6,"survey_group":"770e7e3c63867daf"}},{"type":"Feature","geometry":{"type":"Point","coordinates":[123.8263929,10.356619999999999]},"properties":{"category":"service","signal_dbm":-120,"preserve":false,"sequence":12,"survey_group":"770e7e3c63867daf"}},{"type":"Feature","geometry":{"type":"Point","coordinates":[123.826528,10.357382299999999]},"properties":{"category":"service","signal_dbm":-120,"preserve":false,"sequence":11,"survey_group":"770e7e3c63867daf"}},{"type":"Feature","geometry":{"type":"Point","coordinates":[123.82052899999999,10.358503300000001]},"properties":{"category":"no_service","signal_dbm":null,"preserve":true,"sequence":7,"survey_group":"770e7e3c63867daf"}},{"type":"Feature","geometry":{"type":"Point","coordinates":[123.8235651,10.3592341]},"properties":{"category":"service","signal_dbm":null,"preserve":true,"sequence":8,"survey_group":"770e7e3c63867daf"}},{"type":"Feature","geometry":{"type":"Point","coordinates":[123.8260466,10.3593794]},"properties":{"category":"service","signal_dbm":-120,"preserve":false,"sequence":10,"survey_group":"770e7e3c63867daf"}},{"type":"Feature","geometry":{"type":"Point","coordinates":[123.82521819999999,10.3613131]},"properties":{"category":"service","signal_dbm":-120,"preserve":false,"sequence":9,"survey_group":"770e7e3c63867daf"}},{"type":"Feature","geometry":{"type":"Point","coordinates":[123.8120998,10.341358700000001]},"properties":{"category":"service","signal_dbm":-119,"preserve":true,"sequence":0,"survey_group":"4b777fb5594721bc"}},{"type":"Feature","geometry":{"type":"Point","coordinates":[123.81273179999999,10.341837699999999]},"properties":{"category":"service","signal_dbm":-110,"preserve":false,"sequence":1,"survey_group":"4b777fb5594721bc"}},{"type":"Feature","geometry":{"type":"Point","coordinates":[123.8134388,10.342404]},"properties":{"category":"service","signal_dbm":-116,"preserve":false,"sequence":2,"survey_group":"4b777fb5594721bc"}},{"type":"Feature","geometry":{"type":"Point","coordinates":[123.8134728,10.343278700000001]},"properties":{"category":"service","signal_dbm":-118,"preserve":false,"sequence":3,"survey_group":"4b777fb5594721bc"}},{"type":"Feature","geometry":{"type":"Point","coordinates":[123.81525600000001,10.343901600000001]},"properties":{"category":"service","signal_dbm":-112,"preserve":false,"sequence":4,"survey_group":"4b777fb5594721bc"}},{"type":"Feature","geometry":{"type":"Point","coordinates":[123.8169331,10.344758000000001]},"properties":{"category":"service","signal_dbm":-111,"preserve":false,"sequence":5,"survey_group":"4b777fb5594721bc"}},{"type":"Feature","geometry":{"type":"Point","coordinates":[123.818034,10.3458103]},"properties":{"category":"service","signal_dbm":-108,"preserve":false,"sequence":6,"survey_group":"4b777fb5594721bc"}},{"type":"Feature","geometry":{"type":"Point","coordinates":[123.8199599,10.3471361]},"properties":{"category":"service","signal_dbm":-98,"preserve":false,"sequence":7,"survey_group":"4b777fb5594721bc"}},{"type":"Feature","geometry":{"type":"Point","coordinates":[123.8222997,10.3484436]},"properties":{"category":"service","signal_dbm":-122,"preserve":true,"sequence":8,"survey_group":"4b777fb5594721bc"}},{"type":"Feature","geometry":{"type":"Point","coordinates":[123.8622311,10.330611899999999]},"properties":{"category":"service","signal_dbm":-124,"preserve":true,"sequence":2,"survey_group":"e7bc3c8555c9263d"}},{"type":"Feature","geometry":{"type":"Point","coordinates":[123.8536199,10.336165299999999]},"properties":{"category":"service","signal_dbm":-122,"preserve":false,"sequence":1,"survey_group":"e7bc3c8555c9263d"}},{"type":"Feature","geometry":{"type":"Point","coordinates":[123.84502639999999,10.3378131]},"properties":{"category":"service","signal_dbm":-120,"preserve":true,"sequence":0,"survey_group":"e7bc3c8555c9263d"}},{"type":"Feature","geometry":{"type":"Point","coordinates":[123.8255066,10.2757404]},"properties":{"category":"service","signal_dbm":-102,"preserve":true,"sequence":0,"survey_group":"557456a1fddd06ec"}},{"type":"Feature","geometry":{"type":"Point","coordinates":[123.82548920000001,10.275747900000001]},"properties":{"category":"service","signal_dbm":-102,"preserve":false,"sequence":1,"survey_group":"557456a1fddd06ec"}},{"type":"Feature","geometry":{"type":"Point","coordinates":[123.8260315,10.2764863]},"properties":{"category":"service","signal_dbm":-114,"preserve":false,"sequence":3,"survey_group":"557456a1fddd06ec"}},{"type":"Feature","geometry":{"type":"Point","coordinates":[123.8266326,10.277169499999999]},"properties":{"category":"service","signal_dbm":-114,"preserve":false,"sequence":4,"survey_group":"557456a1fddd06ec"}},{"type":"Feature","geometry":{"type":"Point","coordinates":[123.8270401,10.2780725]},"properties":{"category":"service","signal_dbm":-95,"preserve":false,"sequence":5,"survey_group":"557456a1fddd06ec"}},{"type":"Feature","geometry":{"type":"Point","coordinates":[123.82725000000001,10.2790344]},"properties":{"category":"service","signal_dbm":-93,"preserve":false,"sequence":6,"survey_group":"557456a1fddd06ec"}},{"type":"Feature","geometry":{"type":"Point","coordinates":[123.8270218,10.279964100000001]},"properties":{"category":"service","signal_dbm":-96,"preserve":false,"sequence":7,"survey_group":"557456a1fddd06ec"}},{"type":"Feature","geometry":{"type":"Point","coordinates":[123.8263275,10.2805725]},"properties":{"category":"service","signal_dbm":-96,"preserve":false,"sequence":8,"survey_group":"557456a1fddd06ec"}},{"type":"Feature","geometry":{"type":"Point","coordinates":[123.8246398,10.281135900000001]},"properties":{"category":"service","signal_dbm":-96,"preserve":false,"sequence":10,"survey_group":"557456a1fddd06ec"}},{"type":"Feature","geometry":{"type":"Point","coordinates":[123.8255798,10.2811889]},"properties":{"category":"service","signal_dbm":-96,"preserve":false,"sequence":9,"survey_group":"557456a1fddd06ec"}},{"type":"Feature","geometry":{"type":"Point","coordinates":[123.8240788,10.2817226]},"properties":{"category":"service","signal_dbm":-123,"preserve":false,"sequence":11,"survey_group":"557456a1fddd06ec"}},{"type":"Feature","geometry":{"type":"Point","coordinates":[123.8236089,10.282575100000001]},"properties":{"category":"service","signal_dbm":-123,"preserve":false,"sequence":12,"survey_group":"557456a1fddd06ec"}},{"type":"Feature","geometry":{"type":"Point","coordinates":[123.822689,10.282867700000001]},"properties":{"category":"no_service","signal_dbm":null,"preserve":true,"sequence":14,"survey_group":"557456a1fddd06ec"}},{"type":"Feature","geometry":{"type":"Point","coordinates":[123.822689,10.282867700000001]},"properties":{"category":"service","signal_dbm":-133,"preserve":true,"sequence":13,"survey_group":"557456a1fddd06ec"}},{"type":"Feature","geometry":{"type":"Point","coordinates":[123.8217083,10.2830534]},"properties":{"category":"no_service","signal_dbm":null,"preserve":false,"sequence":15,"survey_group":"557456a1fddd06ec"}},{"type":"Feature","geometry":{"type":"Point","coordinates":[123.82093620000001,10.283604]},"properties":{"category":"no_service","signal_dbm":null,"preserve":false,"sequence":16,"survey_group":"557456a1fddd06ec"}},{"type":"Feature","geometry":{"type":"Point","coordinates":[123.8202039,10.2842324]},"properties":{"category":"no_service","signal_dbm":null,"preserve":true,"sequence":17,"survey_group":"557456a1fddd06ec"}},{"type":"Feature","geometry":{"type":"Point","coordinates":[123.82002199999999,10.2845829]},"properties":{"category":"service","signal_dbm":null,"preserve":false,"sequence":19,"survey_group":"557456a1fddd06ec"}},{"type":"Feature","geometry":{"type":"Point","coordinates":[123.82002199999999,10.2845829]},"properties":{"category":"service","signal_dbm":null,"preserve":true,"sequence":18,"survey_group":"557456a1fddd06ec"}},{"type":"Feature","geometry":{"type":"Point","coordinates":[123.8199106,10.2855706]},"properties":{"category":"service","signal_dbm":-131,"preserve":false,"sequence":20,"survey_group":"557456a1fddd06ec"}},{"type":"Feature","geometry":{"type":"Point","coordinates":[123.819773,10.2864898]},"properties":{"category":"service","signal_dbm":-131,"preserve":true,"sequence":21,"survey_group":"557456a1fddd06ec"}},{"type":"Feature","geometry":{"type":"Point","coordinates":[123.81968209999999,10.286858000000001]},"properties":{"category":"no_service","signal_dbm":null,"preserve":true,"sequence":22,"survey_group":"557456a1fddd06ec"}},{"type":"Feature","geometry":{"type":"Point","coordinates":[123.8195602,10.287520000000001]},"properties":{"category":"service","signal_dbm":null,"preserve":false,"sequence":24,"survey_group":"557456a1fddd06ec"}},{"type":"Feature","geometry":{"type":"Point","coordinates":[123.8195602,10.287520000000001]},"properties":{"category":"service","signal_dbm":null,"preserve":true,"sequence":23,"survey_group":"557456a1fddd06ec"}},{"type":"Feature","geometry":{"type":"Point","coordinates":[123.81953970000001,10.2884625]},"properties":{"category":"service","signal_dbm":-126,"preserve":false,"sequence":25,"survey_group":"557456a1fddd06ec"}},{"type":"Feature","geometry":{"type":"Point","coordinates":[123.81938719999999,10.289351099999999]},"properties":{"category":"service","signal_dbm":-126,"preserve":false,"sequence":26,"survey_group":"557456a1fddd06ec"}},{"type":"Feature","geometry":{"type":"Point","coordinates":[123.8192107,10.2902404]},"properties":{"category":"service","signal_dbm":-108,"preserve":false,"sequence":27,"survey_group":"557456a1fddd06ec"}},{"type":"Feature","geometry":{"type":"Point","coordinates":[123.81895419999999,10.2911473]},"properties":{"category":"service","signal_dbm":-96,"preserve":false,"sequence":28,"survey_group":"557456a1fddd06ec"}},{"type":"Feature","geometry":{"type":"Point","coordinates":[123.8186992,10.292084900000001]},"properties":{"category":"service","signal_dbm":-97,"preserve":false,"sequence":29,"survey_group":"557456a1fddd06ec"}},{"type":"Feature","geometry":{"type":"Point","coordinates":[123.81851519999999,10.2929601]},"properties":{"category":"service","signal_dbm":-97,"preserve":false,"sequence":30,"survey_group":"557456a1fddd06ec"}},{"type":"Feature","geometry":{"type":"Point","coordinates":[123.8187923,10.293900499999999]},"properties":{"category":"service","signal_dbm":-101,"preserve":false,"sequence":31,"survey_group":"557456a1fddd06ec"}},{"type":"Feature","geometry":{"type":"Point","coordinates":[123.81862080000001,10.294874]},"properties":{"category":"service","signal_dbm":-94,"preserve":false,"sequence":32,"survey_group":"557456a1fddd06ec"}},{"type":"Feature","geometry":{"type":"Point","coordinates":[123.81853769999999,10.295834299999999]},"properties":{"category":"service","signal_dbm":-94,"preserve":false,"sequence":33,"survey_group":"557456a1fddd06ec"}},{"type":"Feature","geometry":{"type":"Point","coordinates":[123.8186247,10.2967516]},"properties":{"category":"service","signal_dbm":-111,"preserve":false,"sequence":34,"survey_group":"557456a1fddd06ec"}},{"type":"Feature","geometry":{"type":"Point","coordinates":[123.8184584,10.2976642]},"properties":{"category":"service","signal_dbm":-94,"preserve":false,"sequence":35,"survey_group":"557456a1fddd06ec"}},{"type":"Feature","geometry":{"type":"Point","coordinates":[123.8182296,10.2985791]},"properties":{"category":"service","signal_dbm":-97,"preserve":false,"sequence":36,"survey_group":"557456a1fddd06ec"}},{"type":"Feature","geometry":{"type":"Point","coordinates":[123.8182104,10.2995321]},"properties":{"category":"service","signal_dbm":-99,"preserve":false,"sequence":37,"survey_group":"557456a1fddd06ec"}},{"type":"Feature","geometry":{"type":"Point","coordinates":[123.8178691,10.3003816]},"properties":{"category":"service","signal_dbm":-101,"preserve":false,"sequence":38,"survey_group":"557456a1fddd06ec"}},{"type":"Feature","geometry":{"type":"Point","coordinates":[123.8173571,10.301136899999999]},"properties":{"category":"service","signal_dbm":-101,"preserve":false,"sequence":39,"survey_group":"557456a1fddd06ec"}},{"type":"Feature","geometry":{"type":"Point","coordinates":[123.8168204,10.3019003]},"properties":{"category":"service","signal_dbm":-106,"preserve":false,"sequence":40,"survey_group":"557456a1fddd06ec"}},{"type":"Feature","geometry":{"type":"Point","coordinates":[123.8165176,10.3027611]},"properties":{"category":"service","signal_dbm":-112,"preserve":false,"sequence":41,"survey_group":"557456a1fddd06ec"}},{"type":"Feature","geometry":{"type":"Point","coordinates":[123.8162775,10.303659100000001]},"properties":{"category":"service","signal_dbm":-103,"preserve":false,"sequence":42,"survey_group":"557456a1fddd06ec"}},{"type":"Feature","geometry":{"type":"Point","coordinates":[123.8157727,10.304415199999999]},"properties":{"category":"service","signal_dbm":-108,"preserve":false,"sequence":43,"survey_group":"557456a1fddd06ec"}},{"type":"Feature","geometry":{"type":"Point","coordinates":[123.8152075,10.3051963]},"properties":{"category":"service","signal_dbm":-107,"preserve":false,"sequence":44,"survey_group":"557456a1fddd06ec"}},{"type":"Feature","geometry":{"type":"Point","coordinates":[123.8151417,10.3061712]},"properties":{"category":"service","signal_dbm":-107,"preserve":false,"sequence":46,"survey_group":"557456a1fddd06ec"}},{"type":"Feature","geometry":{"type":"Point","coordinates":[123.81535460000001,10.307074999999999]},"properties":{"category":"service","signal_dbm":-106,"preserve":false,"sequence":47,"survey_group":"557456a1fddd06ec"}},{"type":"Feature","geometry":{"type":"Point","coordinates":[123.81563370000001,10.3080073]},"properties":{"category":"service","signal_dbm":-106,"preserve":false,"sequence":48,"survey_group":"557456a1fddd06ec"}},{"type":"Feature","geometry":{"type":"Point","coordinates":[123.81586369999999,10.3089595]},"properties":{"category":"service","signal_dbm":-111,"preserve":false,"sequence":49,"survey_group":"557456a1fddd06ec"}},{"type":"Feature","geometry":{"type":"Point","coordinates":[123.81607390000001,10.3099355]},"properties":{"category":"service","signal_dbm":-109,"preserve":false,"sequence":50,"survey_group":"557456a1fddd06ec"}},{"type":"Feature","geometry":{"type":"Point","coordinates":[123.8163012,10.3108728]},"properties":{"category":"service","signal_dbm":-108,"preserve":false,"sequence":51,"survey_group":"557456a1fddd06ec"}},{"type":"Feature","geometry":{"type":"Point","coordinates":[123.8168028,10.311680300000001]},"properties":{"category":"service","signal_dbm":-108,"preserve":false,"sequence":52,"survey_group":"557456a1fddd06ec"}},{"type":"Feature","geometry":{"type":"Point","coordinates":[123.8173597,10.3124565]},"properties":{"category":"service","signal_dbm":-117,"preserve":false,"sequence":53,"survey_group":"557456a1fddd06ec"}},{"type":"Feature","geometry":{"type":"Point","coordinates":[123.8177433,10.3133772]},"properties":{"category":"service","signal_dbm":-117,"preserve":false,"sequence":54,"survey_group":"557456a1fddd06ec"}},{"type":"Feature","geometry":{"type":"Point","coordinates":[123.81793759999999,10.3143317]},"properties":{"category":"service","signal_dbm":-117,"preserve":false,"sequence":55,"survey_group":"557456a1fddd06ec"}},{"type":"Feature","geometry":{"type":"Point","coordinates":[123.8182055,10.31521]},"properties":{"category":"service","signal_dbm":-111,"preserve":true,"sequence":56,"survey_group":"557456a1fddd06ec"}},{"type":"Feature","geometry":{"type":"Point","coordinates":[123.8179887,10.2578595]},"properties":{"category":"service","signal_dbm":-98,"preserve":true,"sequence":214,"survey_group":"b85a676b5cdd4744"}},{"type":"Feature","geometry":{"type":"Point","coordinates":[123.8180928,10.257960499999999]},"properties":{"category":"service","signal_dbm":-101,"preserve":false,"sequence":213,"survey_group":"b85a676b5cdd4744"}},{"type":"Feature","geometry":{"type":"Point","coordinates":[123.8178644,10.258852600000001]},"properties":{"category":"service","signal_dbm":-104,"preserve":false,"sequence":212,"survey_group":"b85a676b5cdd4744"}},{"type":"Feature","geometry":{"type":"Point","coordinates":[123.81751010000001,10.263272000000001]},"properties":{"category":"service","signal_dbm":-97,"preserve":false,"sequence":211,"survey_group":"b85a676b5cdd4744"}},{"type":"Feature","geometry":{"type":"Point","coordinates":[123.8169084,10.263980800000001]},"properties":{"category":"service","signal_dbm":-97,"preserve":false,"sequence":210,"survey_group":"b85a676b5cdd4744"}},{"type":"Feature","geometry":{"type":"Point","coordinates":[123.8163311,10.264686899999999]},"properties":{"category":"service","signal_dbm":-97,"preserve":false,"sequence":209,"survey_group":"b85a676b5cdd4744"}},{"type":"Feature","geometry":{"type":"Point","coordinates":[123.8156884,10.2654078]},"properties":{"category":"service","signal_dbm":-95,"preserve":false,"sequence":208,"survey_group":"b85a676b5cdd4744"}},{"type":"Feature","geometry":{"type":"Point","coordinates":[123.8154244,10.266324300000001]},"properties":{"category":"service","signal_dbm":-95,"preserve":false,"sequence":207,"survey_group":"b85a676b5cdd4744"}},{"type":"Feature","geometry":{"type":"Point","coordinates":[123.8148186,10.267038400000001]},"properties":{"category":"service","signal_dbm":-95,"preserve":false,"sequence":206,"survey_group":"b85a676b5cdd4744"}},{"type":"Feature","geometry":{"type":"Point","coordinates":[123.8140144,10.2674237]},"properties":{"category":"service","signal_dbm":-95,"preserve":false,"sequence":205,"survey_group":"b85a676b5cdd4744"}},{"type":"Feature","geometry":{"type":"Point","coordinates":[123.8134917,10.268127099999999]},"properties":{"category":"service","signal_dbm":-95,"preserve":false,"sequence":204,"survey_group":"b85a676b5cdd4744"}},{"type":"Feature","geometry":{"type":"Point","coordinates":[123.81272180000001,10.268583400000001]},"properties":{"category":"service","signal_dbm":-82,"preserve":false,"sequence":203,"survey_group":"b85a676b5cdd4744"}},{"type":"Feature","geometry":{"type":"Point","coordinates":[123.8123444,10.2694375]},"properties":{"category":"service","signal_dbm":-82,"preserve":false,"sequence":202,"survey_group":"b85a676b5cdd4744"}},{"type":"Feature","geometry":{"type":"Point","coordinates":[123.81221069999999,10.2703457]},"properties":{"category":"service","signal_dbm":-82,"preserve":false,"sequence":201,"survey_group":"b85a676b5cdd4744"}},{"type":"Feature","geometry":{"type":"Point","coordinates":[123.8123207,10.271246700000001]},"properties":{"category":"service","signal_dbm":-82,"preserve":false,"sequence":200,"survey_group":"b85a676b5cdd4744"}},{"type":"Feature","geometry":{"type":"Point","coordinates":[123.81204409999999,10.272061799999999]},"properties":{"category":"service","signal_dbm":-75,"preserve":false,"sequence":199,"survey_group":"b85a676b5cdd4744"}},{"type":"Feature","geometry":{"type":"Point","coordinates":[123.8125428,10.2728264]},"properties":{"category":"service","signal_dbm":-64,"preserve":false,"sequence":198,"survey_group":"b85a676b5cdd4744"}},{"type":"Feature","geometry":{"type":"Point","coordinates":[123.8129053,10.273655400000001]},"properties":{"category":"service","signal_dbm":-77,"preserve":false,"sequence":197,"survey_group":"b85a676b5cdd4744"}},{"type":"Feature","geometry":{"type":"Point","coordinates":[123.81308300000001,10.2743237]},"properties":{"category":"service","signal_dbm":-84,"preserve":false,"sequence":196,"survey_group":"b85a676b5cdd4744"}},{"type":"Feature","geometry":{"type":"Point","coordinates":[123.81435449999999,10.2746131]},"properties":{"category":"service","signal_dbm":-88,"preserve":false,"sequence":195,"survey_group":"b85a676b5cdd4744"}},{"type":"Feature","geometry":{"type":"Point","coordinates":[123.8151294,10.274903699999999]},"properties":{"category":"service","signal_dbm":-97,"preserve":false,"sequence":194,"survey_group":"b85a676b5cdd4744"}},{"type":"Feature","geometry":{"type":"Point","coordinates":[123.81602700000001,10.275184899999999]},"properties":{"category":"service","signal_dbm":-92,"preserve":false,"sequence":193,"survey_group":"b85a676b5cdd4744"}},{"type":"Feature","geometry":{"type":"Point","coordinates":[123.81620599999999,10.275738]},"properties":{"category":"service","signal_dbm":-99,"preserve":false,"sequence":192,"survey_group":"b85a676b5cdd4744"}},{"type":"Feature","geometry":{"type":"Point","coordinates":[123.8161666,10.276620400000001]},"properties":{"category":"service","signal_dbm":-96,"preserve":false,"sequence":191,"survey_group":"b85a676b5cdd4744"}},{"type":"Feature","geometry":{"type":"Point","coordinates":[123.8163831,10.277203]},"properties":{"category":"service","signal_dbm":-96,"preserve":false,"sequence":190,"survey_group":"b85a676b5cdd4744"}},{"type":"Feature","geometry":{"type":"Point","coordinates":[123.8161994,10.277907600000001]},"properties":{"category":"service","signal_dbm":-96,"preserve":false,"sequence":189,"survey_group":"b85a676b5cdd4744"}},{"type":"Feature","geometry":{"type":"Point","coordinates":[123.8164347,10.278651399999999]},"properties":{"category":"service","signal_dbm":-97,"preserve":false,"sequence":188,"survey_group":"b85a676b5cdd4744"}},{"type":"Feature","geometry":{"type":"Point","coordinates":[123.8172088,10.279128399999999]},"properties":{"category":"service","signal_dbm":-99,"preserve":false,"sequence":187,"survey_group":"b85a676b5cdd4744"}},{"type":"Feature","geometry":{"type":"Point","coordinates":[123.817699,10.279888700000001]},"properties":{"category":"service","signal_dbm":-106,"preserve":false,"sequence":186,"survey_group":"b85a676b5cdd4744"}},{"type":"Feature","geometry":{"type":"Point","coordinates":[123.8179569,10.2807605]},"properties":{"category":"service","signal_dbm":-100,"preserve":false,"sequence":185,"survey_group":"b85a676b5cdd4744"}},{"type":"Feature","geometry":{"type":"Point","coordinates":[123.8179119,10.2816697]},"properties":{"category":"service","signal_dbm":-98,"preserve":false,"sequence":184,"survey_group":"b85a676b5cdd4744"}},{"type":"Feature","geometry":{"type":"Point","coordinates":[123.8178661,10.282338899999999]},"properties":{"category":"service","signal_dbm":-98,"preserve":false,"sequence":183,"survey_group":"b85a676b5cdd4744"}},{"type":"Feature","geometry":{"type":"Point","coordinates":[123.8172982,10.2825548]},"properties":{"category":"service","signal_dbm":-112,"preserve":false,"sequence":182,"survey_group":"b85a676b5cdd4744"}},{"type":"Feature","geometry":{"type":"Point","coordinates":[123.8167385,10.2832472]},"properties":{"category":"service","signal_dbm":-117,"preserve":false,"sequence":181,"survey_group":"b85a676b5cdd4744"}},{"type":"Feature","geometry":{"type":"Point","coordinates":[123.81680969999999,10.284164499999999]},"properties":{"category":"service","signal_dbm":-109,"preserve":false,"sequence":180,"survey_group":"b85a676b5cdd4744"}},{"type":"Feature","geometry":{"type":"Point","coordinates":[123.8165621,10.284865699999999]},"properties":{"category":"service","signal_dbm":-109,"preserve":false,"sequence":179,"survey_group":"b85a676b5cdd4744"}},{"type":"Feature","geometry":{"type":"Point","coordinates":[123.81417879999999,10.285678900000001]},"properties":{"category":"service","signal_dbm":-99,"preserve":false,"sequence":171,"survey_group":"b85a676b5cdd4744"}},{"type":"Feature","geometry":{"type":"Point","coordinates":[123.81618709999999,10.285722]},"properties":{"category":"service","signal_dbm":-122,"preserve":true,"sequence":178,"survey_group":"b85a676b5cdd4744"}},{"type":"Feature","geometry":{"type":"Point","coordinates":[123.8148422,10.2857865]},"properties":{"category":"service","signal_dbm":-108,"preserve":false,"sequence":172,"survey_group":"b85a676b5cdd4744"}},{"type":"Feature","geometry":{"type":"Point","coordinates":[123.8133383,10.285876399999999]},"properties":{"category":"service","signal_dbm":-98,"preserve":false,"sequence":169,"survey_group":"b85a676b5cdd4744"}},{"type":"Feature","geometry":{"type":"Point","coordinates":[123.813332,10.2858821]},"properties":{"category":"service","signal_dbm":-110.5,"preserve":false,"sequence":168,"survey_group":"b85a676b5cdd4744"}},{"type":"Feature","geometry":{"type":"Point","coordinates":[123.812594,10.2861072]},"properties":{"category":"service","signal_dbm":-101,"preserve":false,"sequence":167,"survey_group":"b85a676b5cdd4744"}},{"type":"Feature","geometry":{"type":"Point","coordinates":[123.81452849999999,10.286626200000001]},"properties":{"category":"service","signal_dbm":-104,"preserve":false,"sequence":173,"survey_group":"b85a676b5cdd4744"}},{"type":"Feature","geometry":{"type":"Point","coordinates":[123.8156632,10.2867388]},"properties":{"category":"no_service","signal_dbm":null,"preserve":true,"sequence":177,"survey_group":"b85a676b5cdd4744"}},{"type":"Feature","geometry":{"type":"Point","coordinates":[123.8126274,10.286881899999999]},"properties":{"category":"service","signal_dbm":-101,"preserve":false,"sequence":166,"survey_group":"b85a676b5cdd4744"}},{"type":"Feature","geometry":{"type":"Point","coordinates":[123.8137213,10.287020500000001]},"properties":{"category":"service","signal_dbm":-104,"preserve":false,"sequence":174,"survey_group":"b85a676b5cdd4744"}},{"type":"Feature","geometry":{"type":"Point","coordinates":[123.8119475,10.2871971]},"properties":{"category":"service","signal_dbm":-83,"preserve":false,"sequence":165,"survey_group":"b85a676b5cdd4744"}},{"type":"Feature","geometry":{"type":"Point","coordinates":[123.8144258,10.287253700000001]},"properties":{"category":"service","signal_dbm":-109,"preserve":false,"sequence":175,"survey_group":"b85a676b5cdd4744"}},{"type":"Feature","geometry":{"type":"Point","coordinates":[123.81533229999999,10.2872816]},"properties":{"category":"service","signal_dbm":-109,"preserve":true,"sequence":176,"survey_group":"b85a676b5cdd4744"}},{"type":"Feature","geometry":{"type":"Point","coordinates":[123.8121472,10.2878255]},"properties":{"category":"service","signal_dbm":-83,"preserve":false,"sequence":164,"survey_group":"b85a676b5cdd4744"}},{"type":"Feature","geometry":{"type":"Point","coordinates":[123.8126709,10.2886072]},"properties":{"category":"service","signal_dbm":-88,"preserve":false,"sequence":163,"survey_group":"b85a676b5cdd4744"}},{"type":"Feature","geometry":{"type":"Point","coordinates":[123.8107751,10.2895042]},"properties":{"category":"service","signal_dbm":-101,"preserve":false,"sequence":160,"survey_group":"b85a676b5cdd4744"}},{"type":"Feature","geometry":{"type":"Point","coordinates":[123.8128859,10.2895278]},"properties":{"category":"service","signal_dbm":-92,"preserve":false,"sequence":162,"survey_group":"b85a676b5cdd4744"}},{"type":"Feature","geometry":{"type":"Point","coordinates":[123.812014,10.2897046]},"properties":{"category":"service","signal_dbm":-101,"preserve":false,"sequence":161,"survey_group":"b85a676b5cdd4744"}},{"type":"Feature","geometry":{"type":"Point","coordinates":[123.8103299,10.2903079]},"properties":{"category":"service","signal_dbm":-101,"preserve":false,"sequence":159,"survey_group":"b85a676b5cdd4744"}},{"type":"Feature","geometry":{"type":"Point","coordinates":[123.80986729999999,10.291157]},"properties":{"category":"service","signal_dbm":-101,"preserve":false,"sequence":158,"survey_group":"b85a676b5cdd4744"}},{"type":"Feature","geometry":{"type":"Point","coordinates":[123.8090491,10.2915799]},"properties":{"category":"service","signal_dbm":-100,"preserve":false,"sequence":157,"survey_group":"b85a676b5cdd4744"}},{"type":"Feature","geometry":{"type":"Point","coordinates":[123.8082053,10.291826800000001]},"properties":{"category":"service","signal_dbm":-69,"preserve":false,"sequence":156,"survey_group":"b85a676b5cdd4744"}},{"type":"Feature","geometry":{"type":"Point","coordinates":[123.8076647,10.292043700000001]},"properties":{"category":"service","signal_dbm":-85,"preserve":false,"sequence":155,"survey_group":"b85a676b5cdd4744"}},{"type":"Feature","geometry":{"type":"Point","coordinates":[123.8071252,10.292776099999999]},"properties":{"category":"service","signal_dbm":-85,"preserve":false,"sequence":154,"survey_group":"b85a676b5cdd4744"}},{"type":"Feature","geometry":{"type":"Point","coordinates":[123.8066894,10.2936438]},"properties":{"category":"service","signal_dbm":-85,"preserve":false,"sequence":153,"survey_group":"b85a676b5cdd4744"}},{"type":"Feature","geometry":{"type":"Point","coordinates":[123.806363,10.294518699999999]},"properties":{"category":"service","signal_dbm":-78,"preserve":false,"sequence":152,"survey_group":"b85a676b5cdd4744"}},{"type":"Feature","geometry":{"type":"Point","coordinates":[123.80394560000001,10.294888800000001]},"properties":{"category":"service","signal_dbm":-105,"preserve":false,"sequence":146,"survey_group":"b85a676b5cdd4744"}},{"type":"Feature","geometry":{"type":"Point","coordinates":[123.8042738,10.295257299999999]},"properties":{"category":"service","signal_dbm":-105,"preserve":false,"sequence":147,"survey_group":"b85a676b5cdd4744"}},{"type":"Feature","geometry":{"type":"Point","coordinates":[123.80601609999999,10.2952627]},"properties":{"category":"service","signal_dbm":-90,"preserve":false,"sequence":151,"survey_group":"b85a676b5cdd4744"}},{"type":"Feature","geometry":{"type":"Point","coordinates":[123.8033555,10.2954764]},"properties":{"category":"service","signal_dbm":-105,"preserve":false,"sequence":145,"survey_group":"b85a676b5cdd4744"}},{"type":"Feature","geometry":{"type":"Point","coordinates":[123.80541270000001,10.295662500000001]},"properties":{"category":"service","signal_dbm":-87,"preserve":false,"sequence":150,"survey_group":"b85a676b5cdd4744"}},{"type":"Feature","geometry":{"type":"Point","coordinates":[123.80275880000001,10.295702800000001]},"properties":{"category":"service","signal_dbm":-98,"preserve":false,"sequence":144,"survey_group":"b85a676b5cdd4744"}},{"type":"Feature","geometry":{"type":"Point","coordinates":[123.8042926,10.295911]},"properties":{"category":"service","signal_dbm":-105,"preserve":false,"sequence":148,"survey_group":"b85a676b5cdd4744"}},{"type":"Feature","geometry":{"type":"Point","coordinates":[123.8047862,10.295963499999999]},"properties":{"category":"service","signal_dbm":-93,"preserve":false,"sequence":149,"survey_group":"b85a676b5cdd4744"}},{"type":"Feature","geometry":{"type":"Point","coordinates":[123.8030976,10.296506900000001]},"properties":{"category":"service","signal_dbm":-98,"preserve":false,"sequence":143,"survey_group":"b85a676b5cdd4744"}},{"type":"Feature","geometry":{"type":"Point","coordinates":[123.80272650000001,10.2972359]},"properties":{"category":"service","signal_dbm":-98,"preserve":false,"sequence":142,"survey_group":"b85a676b5cdd4744"}},{"type":"Feature","geometry":{"type":"Point","coordinates":[123.802735,10.298037000000001]},"properties":{"category":"service","signal_dbm":-98,"preserve":false,"sequence":141,"survey_group":"b85a676b5cdd4744"}},{"type":"Feature","geometry":{"type":"Point","coordinates":[123.802966,10.2988342]},"properties":{"category":"service","signal_dbm":-98,"preserve":false,"sequence":140,"survey_group":"b85a676b5cdd4744"}},{"type":"Feature","geometry":{"type":"Point","coordinates":[123.8032061,10.2997294]},"properties":{"category":"service","signal_dbm":-98,"preserve":false,"sequence":139,"survey_group":"b85a676b5cdd4744"}},{"type":"Feature","geometry":{"type":"Point","coordinates":[123.8034466,10.300682399999999]},"properties":{"category":"service","signal_dbm":-107,"preserve":false,"sequence":138,"survey_group":"b85a676b5cdd4744"}},{"type":"Feature","geometry":{"type":"Point","coordinates":[123.80297160000001,10.301311699999999]},"properties":{"category":"service","signal_dbm":-106,"preserve":false,"sequence":137,"survey_group":"b85a676b5cdd4744"}},{"type":"Feature","geometry":{"type":"Point","coordinates":[123.8025748,10.3020143]},"properties":{"category":"service","signal_dbm":-107,"preserve":false,"sequence":136,"survey_group":"b85a676b5cdd4744"}},{"type":"Feature","geometry":{"type":"Point","coordinates":[123.8022673,10.302814]},"properties":{"category":"service","signal_dbm":-108,"preserve":false,"sequence":135,"survey_group":"b85a676b5cdd4744"}},{"type":"Feature","geometry":{"type":"Point","coordinates":[123.80252520000001,10.303497699999999]},"properties":{"category":"service","signal_dbm":-104,"preserve":false,"sequence":134,"survey_group":"b85a676b5cdd4744"}},{"type":"Feature","geometry":{"type":"Point","coordinates":[123.8027495,10.304375500000001]},"properties":{"category":"service","signal_dbm":-105,"preserve":false,"sequence":133,"survey_group":"b85a676b5cdd4744"}},{"type":"Feature","geometry":{"type":"Point","coordinates":[123.8022769,10.305002999999999]},"properties":{"category":"no_service","signal_dbm":null,"preserve":true,"sequence":131,"survey_group":"b85a676b5cdd4744"}},{"type":"Feature","geometry":{"type":"Point","coordinates":[123.8022769,10.305002999999999]},"properties":{"category":"service","signal_dbm":null,"preserve":true,"sequence":132,"survey_group":"b85a676b5cdd4744"}},{"type":"Feature","geometry":{"type":"Point","coordinates":[123.8017201,10.3051335]},"properties":{"category":"service","signal_dbm":-105,"preserve":true,"sequence":130,"survey_group":"b85a676b5cdd4744"}},{"type":"Feature","geometry":{"type":"Point","coordinates":[123.8017971,10.305880999999999]},"properties":{"category":"service","signal_dbm":-105,"preserve":false,"sequence":129,"survey_group":"b85a676b5cdd4744"}},{"type":"Feature","geometry":{"type":"Point","coordinates":[123.8012136,10.3060928]},"properties":{"category":"service","signal_dbm":-105,"preserve":false,"sequence":128,"survey_group":"b85a676b5cdd4744"}},{"type":"Feature","geometry":{"type":"Point","coordinates":[123.8008493,10.3064176]},"properties":{"category":"service","signal_dbm":null,"preserve":false,"sequence":127,"survey_group":"b85a676b5cdd4744"}},{"type":"Feature","geometry":{"type":"Point","coordinates":[123.8011037,10.307186099999999]},"properties":{"category":"service","signal_dbm":null,"preserve":false,"sequence":126,"survey_group":"b85a676b5cdd4744"}},{"type":"Feature","geometry":{"type":"Point","coordinates":[123.8007392,10.307976]},"properties":{"category":"service","signal_dbm":null,"preserve":false,"sequence":125,"survey_group":"b85a676b5cdd4744"}},{"type":"Feature","geometry":{"type":"Point","coordinates":[123.80084979999999,10.308869100000001]},"properties":{"category":"service","signal_dbm":null,"preserve":false,"sequence":124,"survey_group":"b85a676b5cdd4744"}},{"type":"Feature","geometry":{"type":"Point","coordinates":[123.8000706,10.309269]},"properties":{"category":"service","signal_dbm":null,"preserve":false,"sequence":123,"survey_group":"b85a676b5cdd4744"}},{"type":"Feature","geometry":{"type":"Point","coordinates":[123.79938319999999,10.3093384]},"properties":{"category":"service","signal_dbm":null,"preserve":false,"sequence":122,"survey_group":"b85a676b5cdd4744"}},{"type":"Feature","geometry":{"type":"Point","coordinates":[123.7988821,10.309815800000001]},"properties":{"category":"service","signal_dbm":null,"preserve":true,"sequence":121,"survey_group":"b85a676b5cdd4744"}},{"type":"Feature","geometry":{"type":"Point","coordinates":[123.7988254,10.3098682]},"properties":{"category":"no_service","signal_dbm":null,"preserve":true,"sequence":120,"survey_group":"b85a676b5cdd4744"}},{"type":"Feature","geometry":{"type":"Point","coordinates":[123.7988254,10.3098682]},"properties":{"category":"service","signal_dbm":-99,"preserve":true,"sequence":119,"survey_group":"b85a676b5cdd4744"}},{"type":"Feature","geometry":{"type":"Point","coordinates":[123.7828962,10.3101643]},"properties":{"category":"service","signal_dbm":-115,"preserve":false,"sequence":92,"survey_group":"b85a676b5cdd4744"}},{"type":"Feature","geometry":{"type":"Point","coordinates":[123.7820291,10.310288099999999]},"properties":{"category":"service","signal_dbm":-114,"preserve":false,"sequence":91,"survey_group":"b85a676b5cdd4744"}},{"type":"Feature","geometry":{"type":"Point","coordinates":[123.798649,10.3103827]},"properties":{"category":"service","signal_dbm":-109,"preserve":false,"sequence":118,"survey_group":"b85a676b5cdd4744"}},{"type":"Feature","geometry":{"type":"Point","coordinates":[123.78132859999999,10.3106469]},"properties":{"category":"service","signal_dbm":-112,"preserve":false,"sequence":90,"survey_group":"b85a676b5cdd4744"}},{"type":"Feature","geometry":{"type":"Point","coordinates":[123.7836776,10.3106554]},"properties":{"category":"service","signal_dbm":-113,"preserve":false,"sequence":93,"survey_group":"b85a676b5cdd4744"}},{"type":"Feature","geometry":{"type":"Point","coordinates":[123.7991385,10.3111532]},"properties":{"category":"service","signal_dbm":-109,"preserve":false,"sequence":117,"survey_group":"b85a676b5cdd4744"}},{"type":"Feature","geometry":{"type":"Point","coordinates":[123.78440689999999,10.311203900000001]},"properties":{"category":"service","signal_dbm":-113,"preserve":false,"sequence":94,"survey_group":"b85a676b5cdd4744"}},{"type":"Feature","geometry":{"type":"Point","coordinates":[123.78090539999999,10.3114092]},"properties":{"category":"service","signal_dbm":-112,"preserve":false,"sequence":89,"survey_group":"b85a676b5cdd4744"}},{"type":"Feature","geometry":{"type":"Point","coordinates":[123.7849051,10.3119704]},"properties":{"category":"service","signal_dbm":-124,"preserve":false,"sequence":95,"survey_group":"b85a676b5cdd4744"}},{"type":"Feature","geometry":{"type":"Point","coordinates":[123.7990934,10.3120776]},"properties":{"category":"service","signal_dbm":-109,"preserve":false,"sequence":116,"survey_group":"b85a676b5cdd4744"}},{"type":"Feature","geometry":{"type":"Point","coordinates":[123.78034719999999,10.312124499999999]},"properties":{"category":"service","signal_dbm":-112,"preserve":false,"sequence":88,"survey_group":"b85a676b5cdd4744"}},{"type":"Feature","geometry":{"type":"Point","coordinates":[123.77945579999999,10.3124685]},"properties":{"category":"service","signal_dbm":-112,"preserve":false,"sequence":87,"survey_group":"b85a676b5cdd4744"}},{"type":"Feature","geometry":{"type":"Point","coordinates":[123.77896459999999,10.3126312]},"properties":{"category":"service","signal_dbm":null,"preserve":false,"sequence":86,"survey_group":"b85a676b5cdd4744"}},{"type":"Feature","geometry":{"type":"Point","coordinates":[123.7852901,10.3127862]},"properties":{"category":"service","signal_dbm":-124,"preserve":false,"sequence":96,"survey_group":"b85a676b5cdd4744"}},{"type":"Feature","geometry":{"type":"Point","coordinates":[123.7991763,10.312994700000001]},"properties":{"category":"service","signal_dbm":-120,"preserve":false,"sequence":115,"survey_group":"b85a676b5cdd4744"}},{"type":"Feature","geometry":{"type":"Point","coordinates":[123.77814720000001,10.3129955]},"properties":{"category":"service","signal_dbm":null,"preserve":false,"sequence":85,"survey_group":"b85a676b5cdd4744"}},{"type":"Feature","geometry":{"type":"Point","coordinates":[123.77814720000001,10.3129955]},"properties":{"category":"service","signal_dbm":null,"preserve":true,"sequence":84,"survey_group":"b85a676b5cdd4744"}},{"type":"Feature","geometry":{"type":"Point","coordinates":[123.78581939999999,10.3132131]},"properties":{"category":"service","signal_dbm":-124,"preserve":false,"sequence":97,"survey_group":"b85a676b5cdd4744"}},{"type":"Feature","geometry":{"type":"Point","coordinates":[123.77783669999999,10.313224]},"properties":{"category":"no_service","signal_dbm":null,"preserve":true,"sequence":83,"survey_group":"b85a676b5cdd4744"}},{"type":"Feature","geometry":{"type":"Point","coordinates":[123.7955202,10.313432300000001]},"properties":{"category":"service","signal_dbm":-117,"preserve":false,"sequence":109,"survey_group":"b85a676b5cdd4744"}},{"type":"Feature","geometry":{"type":"Point","coordinates":[123.7985195,10.313595100000001]},"properties":{"category":"service","signal_dbm":-119,"preserve":false,"sequence":114,"survey_group":"b85a676b5cdd4744"}},{"type":"Feature","geometry":{"type":"Point","coordinates":[123.79475979999999,10.313601999999999]},"properties":{"category":"service","signal_dbm":-118,"preserve":false,"sequence":108,"survey_group":"b85a676b5cdd4744"}},{"type":"Feature","geometry":{"type":"Point","coordinates":[123.7773383,10.313815699999999]},"properties":{"category":"service","signal_dbm":null,"preserve":true,"sequence":82,"survey_group":"b85a676b5cdd4744"}},{"type":"Feature","geometry":{"type":"Point","coordinates":[123.7773383,10.313815699999999]},"properties":{"category":"service","signal_dbm":null,"preserve":false,"sequence":81,"survey_group":"b85a676b5cdd4744"}},{"type":"Feature","geometry":{"type":"Point","coordinates":[123.79201519999999,10.3139986]},"properties":{"category":"no_service","signal_dbm":null,"preserve":true,"sequence":105,"survey_group":"b85a676b5cdd4744"}},{"type":"Feature","geometry":{"type":"Point","coordinates":[123.7979655,10.314022]},"properties":{"category":"service","signal_dbm":-113,"preserve":false,"sequence":113,"survey_group":"b85a676b5cdd4744"}},{"type":"Feature","geometry":{"type":"Point","coordinates":[123.7861663,10.3140354]},"properties":{"category":"service","signal_dbm":-124,"preserve":true,"sequence":98,"survey_group":"b85a676b5cdd4744"}},{"type":"Feature","geometry":{"type":"Point","coordinates":[123.79396920000001,10.314068000000001]},"properties":{"category":"service","signal_dbm":null,"preserve":false,"sequence":107,"survey_group":"b85a676b5cdd4744"}},{"type":"Feature","geometry":{"type":"Point","coordinates":[123.791078,10.314137300000001]},"properties":{"category":"no_service","signal_dbm":null,"preserve":false,"sequence":104,"survey_group":"b85a676b5cdd4744"}},{"type":"Feature","geometry":{"type":"Point","coordinates":[123.7958436,10.314166500000001]},"properties":{"category":"service","signal_dbm":-119,"preserve":false,"sequence":110,"survey_group":"b85a676b5cdd4744"}},{"type":"Feature","geometry":{"type":"Point","coordinates":[123.79310270000001,10.314314100000001]},"properties":{"category":"service","signal_dbm":null,"preserve":true,"sequence":106,"survey_group":"b85a676b5cdd4744"}},{"type":"Feature","geometry":{"type":"Point","coordinates":[123.7901681,10.314384199999999]},"properties":{"category":"no_service","signal_dbm":null,"preserve":false,"sequence":103,"survey_group":"b85a676b5cdd4744"}},{"type":"Feature","geometry":{"type":"Point","coordinates":[123.7967314,10.314463]},"properties":{"category":"service","signal_dbm":-119,"preserve":false,"sequence":111,"survey_group":"b85a676b5cdd4744"}},{"type":"Feature","geometry":{"type":"Point","coordinates":[123.7867723,10.3145983]},"properties":{"category":"no_service","signal_dbm":null,"preserve":true,"sequence":99,"survey_group":"b85a676b5cdd4744"}},{"type":"Feature","geometry":{"type":"Point","coordinates":[123.7975497,10.314713100000001]},"properties":{"category":"service","signal_dbm":-125,"preserve":false,"sequence":112,"survey_group":"b85a676b5cdd4744"}},{"type":"Feature","geometry":{"type":"Point","coordinates":[123.777005,10.3149838]},"properties":{"category":"service","signal_dbm":-113,"preserve":false,"sequence":80,"survey_group":"b85a676b5cdd4744"}},{"type":"Feature","geometry":{"type":"Point","coordinates":[123.7874774,10.315065499999999]},"properties":{"category":"no_service","signal_dbm":null,"preserve":false,"sequence":100,"survey_group":"b85a676b5cdd4744"}},{"type":"Feature","geometry":{"type":"Point","coordinates":[123.7890932,10.3151212]},"properties":{"category":"no_service","signal_dbm":null,"preserve":false,"sequence":102,"survey_group":"b85a676b5cdd4744"}},{"type":"Feature","geometry":{"type":"Point","coordinates":[123.7882297,10.315446700000001]},"properties":{"category":"no_service","signal_dbm":null,"preserve":false,"sequence":101,"survey_group":"b85a676b5cdd4744"}},{"type":"Feature","geometry":{"type":"Point","coordinates":[123.7766462,10.3156056]},"properties":{"category":"service","signal_dbm":-111,"preserve":false,"sequence":79,"survey_group":"b85a676b5cdd4744"}},{"type":"Feature","geometry":{"type":"Point","coordinates":[123.7767161,10.316293]},"properties":{"category":"service","signal_dbm":-111,"preserve":false,"sequence":78,"survey_group":"b85a676b5cdd4744"}},{"type":"Feature","geometry":{"type":"Point","coordinates":[123.7769139,10.3168054]},"properties":{"category":"service","signal_dbm":-122,"preserve":false,"sequence":77,"survey_group":"b85a676b5cdd4744"}},{"type":"Feature","geometry":{"type":"Point","coordinates":[123.77675170000001,10.3172769]},"properties":{"category":"service","signal_dbm":-122,"preserve":false,"sequence":76,"survey_group":"b85a676b5cdd4744"}},{"type":"Feature","geometry":{"type":"Point","coordinates":[123.77631959999999,10.317366099999999]},"properties":{"category":"service","signal_dbm":-123,"preserve":false,"sequence":75,"survey_group":"b85a676b5cdd4744"}},{"type":"Feature","geometry":{"type":"Point","coordinates":[123.78053850000001,10.3179204]},"properties":{"category":"no_service","signal_dbm":null,"preserve":false,"sequence":58,"survey_group":"b85a676b5cdd4744"}},{"type":"Feature","geometry":{"type":"Point","coordinates":[123.7750284,10.3183483]},"properties":{"category":"service","signal_dbm":-114,"preserve":false,"sequence":74,"survey_group":"b85a676b5cdd4744"}},{"type":"Feature","geometry":{"type":"Point","coordinates":[123.7810751,10.3183671]},"properties":{"category":"no_service","signal_dbm":null,"preserve":false,"sequence":57,"survey_group":"b85a676b5cdd4744"}},{"type":"Feature","geometry":{"type":"Point","coordinates":[123.780548,10.318812700000001]},"properties":{"category":"no_service","signal_dbm":null,"preserve":false,"sequence":59,"survey_group":"b85a676b5cdd4744"}},{"type":"Feature","geometry":{"type":"Point","coordinates":[123.7815859,10.318934]},"properties":{"category":"no_service","signal_dbm":null,"preserve":false,"sequence":56,"survey_group":"b85a676b5cdd4744"}},{"type":"Feature","geometry":{"type":"Point","coordinates":[123.77694940000001,10.319011400000001]},"properties":{"category":"service","signal_dbm":-110,"preserve":false,"sequence":73,"survey_group":"b85a676b5cdd4744"}},{"type":"Feature","geometry":{"type":"Point","coordinates":[123.7822165,10.319612299999999]},"properties":{"category":"no_service","signal_dbm":null,"preserve":true,"sequence":55,"survey_group":"b85a676b5cdd4744"}},{"type":"Feature","geometry":{"type":"Point","coordinates":[123.7776167,10.3197382]},"properties":{"category":"service","signal_dbm":-113,"preserve":false,"sequence":72,"survey_group":"b85a676b5cdd4744"}},{"type":"Feature","geometry":{"type":"Point","coordinates":[123.78078170000001,10.3197425]},"properties":{"category":"no_service","signal_dbm":null,"preserve":false,"sequence":60,"survey_group":"b85a676b5cdd4744"}},{"type":"Feature","geometry":{"type":"Point","coordinates":[123.782826,10.3199991]},"properties":{"category":"service","signal_dbm":null,"preserve":true,"sequence":54,"survey_group":"b85a676b5cdd4744"}},{"type":"Feature","geometry":{"type":"Point","coordinates":[123.77743649999999,10.320500300000001]},"properties":{"category":"service","signal_dbm":-105,"preserve":false,"sequence":71,"survey_group":"b85a676b5cdd4744"}},{"type":"Feature","geometry":{"type":"Point","coordinates":[123.77743649999999,10.320500300000001]},"properties":{"category":"service","signal_dbm":-105,"preserve":false,"sequence":70,"survey_group":"b85a676b5cdd4744"}},{"type":"Feature","geometry":{"type":"Point","coordinates":[123.78090690000001,10.320607900000001]},"properties":{"category":"no_service","signal_dbm":null,"preserve":true,"sequence":61,"survey_group":"b85a676b5cdd4744"}},{"type":"Feature","geometry":{"type":"Point","coordinates":[123.7835169,10.320608500000001]},"properties":{"category":"service","signal_dbm":null,"preserve":false,"sequence":53,"survey_group":"b85a676b5cdd4744"}},{"type":"Feature","geometry":{"type":"Point","coordinates":[123.77711909999999,10.320767099999999]},"properties":{"category":"service","signal_dbm":-108,"preserve":false,"sequence":69,"survey_group":"b85a676b5cdd4744"}},{"type":"Feature","geometry":{"type":"Point","coordinates":[123.7852771,10.320954499999999]},"properties":{"category":"service","signal_dbm":null,"preserve":false,"sequence":51,"survey_group":"b85a676b5cdd4744"}},{"type":"Feature","geometry":{"type":"Point","coordinates":[123.78431879999999,10.321105899999999]},"properties":{"category":"service","signal_dbm":null,"preserve":false,"sequence":52,"survey_group":"b85a676b5cdd4744"}},{"type":"Feature","geometry":{"type":"Point","coordinates":[123.7861355,10.321119700000001]},"properties":{"category":"service","signal_dbm":null,"preserve":false,"sequence":50,"survey_group":"b85a676b5cdd4744"}},{"type":"Feature","geometry":{"type":"Point","coordinates":[123.7808359,10.3211356]},"properties":{"category":"service","signal_dbm":null,"preserve":true,"sequence":62,"survey_group":"b85a676b5cdd4744"}},{"type":"Feature","geometry":{"type":"Point","coordinates":[123.77711429999999,10.3211838]},"properties":{"category":"service","signal_dbm":-108,"preserve":false,"sequence":68,"survey_group":"b85a676b5cdd4744"}},{"type":"Feature","geometry":{"type":"Point","coordinates":[123.7868423,10.321661799999999]},"properties":{"category":"service","signal_dbm":null,"preserve":false,"sequence":49,"survey_group":"b85a676b5cdd4744"}},{"type":"Feature","geometry":{"type":"Point","coordinates":[123.819532,10.3219289]},"properties":{"category":"no_service","signal_dbm":null,"preserve":true,"sequence":0,"survey_group":"b85a676b5cdd4744"}},{"type":"Feature","geometry":{"type":"Point","coordinates":[123.780492,10.32198]},"properties":{"category":"service","signal_dbm":-117,"preserve":false,"sequence":63,"survey_group":"b85a676b5cdd4744"}},{"type":"Feature","geometry":{"type":"Point","coordinates":[123.7875389,10.3220543]},"properties":{"category":"service","signal_dbm":null,"preserve":false,"sequence":48,"survey_group":"b85a676b5cdd4744"}},{"type":"Feature","geometry":{"type":"Point","coordinates":[123.77958049999999,10.3220791]},"properties":{"category":"service","signal_dbm":-113,"preserve":false,"sequence":64,"survey_group":"b85a676b5cdd4744"}},{"type":"Feature","geometry":{"type":"Point","coordinates":[123.7773026,10.322085599999999]},"properties":{"category":"service","signal_dbm":-113,"preserve":false,"sequence":67,"survey_group":"b85a676b5cdd4744"}},{"type":"Feature","geometry":{"type":"Point","coordinates":[123.7788449,10.3222386]},"properties":{"category":"service","signal_dbm":-118,"preserve":false,"sequence":65,"survey_group":"b85a676b5cdd4744"}},{"type":"Feature","geometry":{"type":"Point","coordinates":[123.77808229999999,10.3223006]},"properties":{"category":"service","signal_dbm":-115,"preserve":false,"sequence":66,"survey_group":"b85a676b5cdd4744"}},{"type":"Feature","geometry":{"type":"Point","coordinates":[123.7887807,10.322836499999999]},"properties":{"category":"service","signal_dbm":null,"preserve":false,"sequence":46,"survey_group":"b85a676b5cdd4744"}},{"type":"Feature","geometry":{"type":"Point","coordinates":[123.78786580000001,10.3228635]},"properties":{"category":"service","signal_dbm":null,"preserve":false,"sequence":47,"survey_group":"b85a676b5cdd4744"}},{"type":"Feature","geometry":{"type":"Point","coordinates":[123.8194816,10.322908399999999]},"properties":{"category":"no_service","signal_dbm":null,"preserve":false,"sequence":1,"survey_group":"b85a676b5cdd4744"}},{"type":"Feature","geometry":{"type":"Point","coordinates":[123.78962439999999,10.3230716]},"properties":{"category":"service","signal_dbm":null,"preserve":false,"sequence":45,"survey_group":"b85a676b5cdd4744"}},{"type":"Feature","geometry":{"type":"Point","coordinates":[123.7904089,10.323446199999999]},"properties":{"category":"no_service","signal_dbm":null,"preserve":true,"sequence":42,"survey_group":"b85a676b5cdd4744"}},{"type":"Feature","geometry":{"type":"Point","coordinates":[123.7904089,10.323446199999999]},"properties":{"category":"service","signal_dbm":null,"preserve":false,"sequence":44,"survey_group":"b85a676b5cdd4744"}},{"type":"Feature","geometry":{"type":"Point","coordinates":[123.7904089,10.323446199999999]},"properties":{"category":"service","signal_dbm":null,"preserve":true,"sequence":43,"survey_group":"b85a676b5cdd4744"}},{"type":"Feature","geometry":{"type":"Point","coordinates":[123.7917315,10.323527199999999]},"properties":{"category":"service","signal_dbm":-125,"preserve":false,"sequence":40,"survey_group":"b85a676b5cdd4744"}},{"type":"Feature","geometry":{"type":"Point","coordinates":[123.7907852,10.3236287]},"properties":{"category":"service","signal_dbm":-125,"preserve":true,"sequence":41,"survey_group":"b85a676b5cdd4744"}},{"type":"Feature","geometry":{"type":"Point","coordinates":[123.8192023,10.323776499999999]},"properties":{"category":"no_service","signal_dbm":null,"preserve":false,"sequence":2,"survey_group":"b85a676b5cdd4744"}},{"type":"Feature","geometry":{"type":"Point","coordinates":[123.7967893,10.3240892]},"properties":{"category":"service","signal_dbm":-124,"preserve":false,"sequence":34,"survey_group":"b85a676b5cdd4744"}},{"type":"Feature","geometry":{"type":"Point","coordinates":[123.8005442,10.3241327]},"properties":{"category":"service","signal_dbm":-126,"preserve":false,"sequence":27,"survey_group":"b85a676b5cdd4744"}},{"type":"Feature","geometry":{"type":"Point","coordinates":[123.8014867,10.324166999999999]},"properties":{"category":"service","signal_dbm":-127,"preserve":false,"sequence":26,"survey_group":"b85a676b5cdd4744"}},{"type":"Feature","geometry":{"type":"Point","coordinates":[123.7923088,10.324195899999999]},"properties":{"category":"service","signal_dbm":-116,"preserve":false,"sequence":39,"survey_group":"b85a676b5cdd4744"}},{"type":"Feature","geometry":{"type":"Point","coordinates":[123.79763749999999,10.324274300000001]},"properties":{"category":"service","signal_dbm":-124,"preserve":false,"sequence":33,"survey_group":"b85a676b5cdd4744"}},{"type":"Feature","geometry":{"type":"Point","coordinates":[123.8023998,10.324393300000001]},"properties":{"category":"service","signal_dbm":-138,"preserve":false,"sequence":25,"survey_group":"b85a676b5cdd4744"}},{"type":"Feature","geometry":{"type":"Point","coordinates":[123.7978303,10.324404299999999]},"properties":{"category":"service","signal_dbm":null,"preserve":false,"sequence":32,"survey_group":"b85a676b5cdd4744"}},{"type":"Feature","geometry":{"type":"Point","coordinates":[123.7978303,10.324404299999999]},"properties":{"category":"service","signal_dbm":null,"preserve":true,"sequence":31,"survey_group":"b85a676b5cdd4744"}},{"type":"Feature","geometry":{"type":"Point","coordinates":[123.7932181,10.3244457]},"properties":{"category":"service","signal_dbm":-116,"preserve":false,"sequence":38,"survey_group":"b85a676b5cdd4744"}},{"type":"Feature","geometry":{"type":"Point","coordinates":[123.79506840000001,10.3245629]},"properties":{"category":"service","signal_dbm":-125,"preserve":false,"sequence":36,"survey_group":"b85a676b5cdd4744"}},{"type":"Feature","geometry":{"type":"Point","coordinates":[123.7981803,10.3245793]},"properties":{"category":"no_service","signal_dbm":null,"preserve":true,"sequence":30,"survey_group":"b85a676b5cdd4744"}},{"type":"Feature","geometry":{"type":"Point","coordinates":[123.7941458,10.324583199999999]},"properties":{"category":"service","signal_dbm":-116,"preserve":false,"sequence":37,"survey_group":"b85a676b5cdd4744"}},{"type":"Feature","geometry":{"type":"Point","coordinates":[123.7959774,10.324588800000001]},"properties":{"category":"service","signal_dbm":-120,"preserve":false,"sequence":35,"survey_group":"b85a676b5cdd4744"}},{"type":"Feature","geometry":{"type":"Point","coordinates":[123.7997902,10.324605]},"properties":{"category":"service","signal_dbm":-126,"preserve":false,"sequence":28,"survey_group":"b85a676b5cdd4744"}},{"type":"Feature","geometry":{"type":"Point","coordinates":[123.81869469999999,10.324608700000001]},"properties":{"category":"no_service","signal_dbm":null,"preserve":false,"sequence":3,"survey_group":"b85a676b5cdd4744"}},{"type":"Feature","geometry":{"type":"Point","coordinates":[123.8056187,10.324666000000001]},"properties":{"category":"service","signal_dbm":-115,"preserve":false,"sequence":21,"survey_group":"b85a676b5cdd4744"}},{"type":"Feature","geometry":{"type":"Point","coordinates":[123.8046915,10.3247549]},"properties":{"category":"service","signal_dbm":-115,"preserve":false,"sequence":22,"survey_group":"b85a676b5cdd4744"}},{"type":"Feature","geometry":{"type":"Point","coordinates":[123.8030734,10.3250315]},"properties":{"category":"service","signal_dbm":-125,"preserve":false,"sequence":24,"survey_group":"b85a676b5cdd4744"}},{"type":"Feature","geometry":{"type":"Point","coordinates":[123.7993783,10.325054099999999]},"properties":{"category":"service","signal_dbm":-126,"preserve":true,"sequence":29,"survey_group":"b85a676b5cdd4744"}},{"type":"Feature","geometry":{"type":"Point","coordinates":[123.8039792,10.325192100000001]},"properties":{"category":"service","signal_dbm":-115,"preserve":false,"sequence":23,"survey_group":"b85a676b5cdd4744"}},{"type":"Feature","geometry":{"type":"Point","coordinates":[123.8179605,10.3251993]},"properties":{"category":"no_service","signal_dbm":null,"preserve":false,"sequence":4,"survey_group":"b85a676b5cdd4744"}},{"type":"Feature","geometry":{"type":"Point","coordinates":[123.8058647,10.325532300000001]},"properties":{"category":"service","signal_dbm":-118,"preserve":false,"sequence":20,"survey_group":"b85a676b5cdd4744"}},{"type":"Feature","geometry":{"type":"Point","coordinates":[123.806297,10.325541899999999]},"properties":{"category":"service","signal_dbm":-117,"preserve":false,"sequence":19,"survey_group":"b85a676b5cdd4744"}},{"type":"Feature","geometry":{"type":"Point","coordinates":[123.8070913,10.3255502]},"properties":{"category":"service","signal_dbm":-113,"preserve":false,"sequence":18,"survey_group":"b85a676b5cdd4744"}},{"type":"Feature","geometry":{"type":"Point","coordinates":[123.8115775,10.325737999999999]},"properties":{"category":"service","signal_dbm":-121,"preserve":false,"sequence":13,"survey_group":"b85a676b5cdd4744"}},{"type":"Feature","geometry":{"type":"Point","coordinates":[123.81247209999999,10.325771400000001]},"properties":{"category":"service","signal_dbm":-121,"preserve":false,"sequence":12,"survey_group":"b85a676b5cdd4744"}},{"type":"Feature","geometry":{"type":"Point","coordinates":[123.81722860000001,10.325836799999999]},"properties":{"category":"no_service","signal_dbm":null,"preserve":false,"sequence":5,"survey_group":"b85a676b5cdd4744"}},{"type":"Feature","geometry":{"type":"Point","coordinates":[123.8133492,10.325863099999999]},"properties":{"category":"service","signal_dbm":-119,"preserve":false,"sequence":11,"survey_group":"b85a676b5cdd4744"}},{"type":"Feature","geometry":{"type":"Point","coordinates":[123.808896,10.325870999999999]},"properties":{"category":"service","signal_dbm":-113,"preserve":false,"sequence":16,"survey_group":"b85a676b5cdd4744"}},{"type":"Feature","geometry":{"type":"Point","coordinates":[123.80795980000001,10.3259238]},"properties":{"category":"service","signal_dbm":-113,"preserve":false,"sequence":17,"survey_group":"b85a676b5cdd4744"}},{"type":"Feature","geometry":{"type":"Point","coordinates":[123.8163656,10.3260705]},"properties":{"category":"no_service","signal_dbm":null,"preserve":false,"sequence":6,"survey_group":"b85a676b5cdd4744"}},{"type":"Feature","geometry":{"type":"Point","coordinates":[123.8107215,10.326093]},"properties":{"category":"service","signal_dbm":-121,"preserve":false,"sequence":14,"survey_group":"b85a676b5cdd4744"}},{"type":"Feature","geometry":{"type":"Point","coordinates":[123.8142928,10.326131800000001]},"properties":{"category":"no_service","signal_dbm":null,"preserve":true,"sequence":9,"survey_group":"b85a676b5cdd4744"}},{"type":"Feature","geometry":{"type":"Point","coordinates":[123.8142928,10.326131800000001]},"properties":{"category":"service","signal_dbm":null,"preserve":true,"sequence":10,"survey_group":"b85a676b5cdd4744"}},{"type":"Feature","geometry":{"type":"Point","coordinates":[123.8097946,10.3261442]},"properties":{"category":"service","signal_dbm":-117,"preserve":false,"sequence":15,"survey_group":"b85a676b5cdd4744"}},{"type":"Feature","geometry":{"type":"Point","coordinates":[123.8159952,10.3263579]},"properties":{"category":"no_service","signal_dbm":null,"preserve":false,"sequence":7,"survey_group":"b85a676b5cdd4744"}},{"type":"Feature","geometry":{"type":"Point","coordinates":[123.81508530000001,10.326560499999999]},"properties":{"category":"no_service","signal_dbm":null,"preserve":false,"sequence":8,"survey_group":"b85a676b5cdd4744"}},{"type":"Feature","geometry":{"type":"Point","coordinates":[123.80520249999999,10.347502]},"properties":{"category":"no_service","signal_dbm":null,"preserve":false,"sequence":1,"survey_group":"0e7184bedf0ea43d"}},{"type":"Feature","geometry":{"type":"Point","coordinates":[123.80728209999999,10.3476654]},"properties":{"category":"no_service","signal_dbm":null,"preserve":true,"sequence":0,"survey_group":"0e7184bedf0ea43d"}},{"type":"Feature","geometry":{"type":"Point","coordinates":[123.80439579999999,10.348349300000001]},"properties":{"category":"no_service","signal_dbm":null,"preserve":false,"sequence":2,"survey_group":"0e7184bedf0ea43d"}},{"type":"Feature","geometry":{"type":"Point","coordinates":[123.8028,10.3491369]},"properties":{"category":"no_service","signal_dbm":null,"preserve":false,"sequence":3,"survey_group":"0e7184bedf0ea43d"}},{"type":"Feature","geometry":{"type":"Point","coordinates":[123.802087,10.3491929]},"properties":{"category":"no_service","signal_dbm":null,"preserve":true,"sequence":5,"survey_group":"0e7184bedf0ea43d"}},{"type":"Feature","geometry":{"type":"Point","coordinates":[123.8024116,10.349595000000001]},"properties":{"category":"no_service","signal_dbm":null,"preserve":false,"sequence":4,"survey_group":"0e7184bedf0ea43d"}},{"type":"Feature","geometry":{"type":"Point","coordinates":[123.79986100000001,10.348833300000001]},"properties":{"category":"no_service","signal_dbm":null,"preserve":true,"sequence":2,"survey_group":"2796f76e4632a45b"}},{"type":"Feature","geometry":{"type":"Point","coordinates":[123.8011178,10.3493019]},"properties":{"category":"no_service","signal_dbm":null,"preserve":true,"sequence":0,"survey_group":"2796f76e4632a45b"}},{"type":"Feature","geometry":{"type":"Point","coordinates":[123.79975779999999,10.347910199999999]},"properties":{"category":"no_service","signal_dbm":null,"preserve":true,"sequence":0,"survey_group":"d1aeee4bd6415302"}},{"type":"Feature","geometry":{"type":"Point","coordinates":[123.7985054,10.348121900000001]},"properties":{"category":"no_service","signal_dbm":null,"preserve":false,"sequence":1,"survey_group":"d1aeee4bd6415302"}},{"type":"Feature","geometry":{"type":"Point","coordinates":[123.79797689999999,10.3481466]},"properties":{"category":"no_service","signal_dbm":null,"preserve":false,"sequence":2,"survey_group":"d1aeee4bd6415302"}},{"type":"Feature","geometry":{"type":"Point","coordinates":[123.7972615,10.3482159]},"properties":{"category":"no_service","signal_dbm":null,"preserve":false,"sequence":3,"survey_group":"d1aeee4bd6415302"}},{"type":"Feature","geometry":{"type":"Point","coordinates":[123.79678680000001,10.348451600000001]},"properties":{"category":"no_service","signal_dbm":null,"preserve":true,"sequence":4,"survey_group":"d1aeee4bd6415302"}},{"type":"Feature","geometry":{"type":"Point","coordinates":[123.7967285,10.348453299999999]},"properties":{"category":"service","signal_dbm":null,"preserve":true,"sequence":6,"survey_group":"d1aeee4bd6415302"}},{"type":"Feature","geometry":{"type":"Point","coordinates":[123.7966794,10.348455100000001]},"properties":{"category":"service","signal_dbm":null,"preserve":true,"sequence":9,"survey_group":"d1aeee4bd6415302"}},{"type":"Feature","geometry":{"type":"Point","coordinates":[123.79567849999999,10.348694699999999]},"properties":{"category":"no_service","signal_dbm":null,"preserve":true,"sequence":13,"survey_group":"d1aeee4bd6415302"}},{"type":"Feature","geometry":{"type":"Point","coordinates":[123.79561219999999,10.348728700000001]},"properties":{"category":"service","signal_dbm":null,"preserve":true,"sequence":14,"survey_group":"d1aeee4bd6415302"}},{"type":"Feature","geometry":{"type":"Point","coordinates":[123.7953875,10.348860999999999]},"properties":{"category":"no_service","signal_dbm":null,"preserve":true,"sequence":15,"survey_group":"d1aeee4bd6415302"}},{"type":"Feature","geometry":{"type":"Point","coordinates":[123.79521219999999,10.3489985]},"properties":{"category":"service","signal_dbm":null,"preserve":true,"sequence":16,"survey_group":"d1aeee4bd6415302"}},{"type":"Feature","geometry":{"type":"Point","coordinates":[123.79483,10.3498634]},"properties":{"category":"no_service","signal_dbm":null,"preserve":true,"sequence":17,"survey_group":"d1aeee4bd6415302"}},{"type":"Feature","geometry":{"type":"Point","coordinates":[123.79445800000001,10.351240600000001]},"properties":{"category":"no_service","signal_dbm":null,"preserve":true,"sequence":18,"survey_group":"d1aeee4bd6415302"}},{"type":"Feature","geometry":{"type":"Point","coordinates":[123.7942195,10.3524803]},"properties":{"category":"service","signal_dbm":null,"preserve":false,"sequence":26,"survey_group":"d1aeee4bd6415302"}},{"type":"Feature","geometry":{"type":"Point","coordinates":[123.7942281,10.3524911]},"properties":{"category":"service","signal_dbm":null,"preserve":true,"sequence":22,"survey_group":"d1aeee4bd6415302"}},{"type":"Feature","geometry":{"type":"Point","coordinates":[123.79429399999999,10.3525481]},"properties":{"category":"service","signal_dbm":null,"preserve":true,"sequence":19,"survey_group":"d1aeee4bd6415302"}},{"type":"Feature","geometry":{"type":"Point","coordinates":[123.79436,10.352599100000001]},"properties":{"category":"no_service","signal_dbm":null,"preserve":true,"sequence":20,"survey_group":"d1aeee4bd6415302"}},{"type":"Feature","geometry":{"type":"Point","coordinates":[123.79436699999999,10.352608699999999]},"properties":{"category":"service","signal_dbm":null,"preserve":true,"sequence":30,"survey_group":"d1aeee4bd6415302"}},{"type":"Feature","geometry":{"type":"Point","coordinates":[123.7944869,10.3527225]},"properties":{"category":"service","signal_dbm":null,"preserve":true,"sequence":35,"survey_group":"d1aeee4bd6415302"}},{"type":"Feature","geometry":{"type":"Point","coordinates":[123.79451589999999,10.352732100000001]},"properties":{"category":"service","signal_dbm":null,"preserve":true,"sequence":38,"survey_group":"d1aeee4bd6415302"}},{"type":"Feature","geometry":{"type":"Point","coordinates":[123.79488189999999,10.352933500000001]},"properties":{"category":"no_service","signal_dbm":null,"preserve":true,"sequence":42,"survey_group":"d1aeee4bd6415302"}},{"type":"Feature","geometry":{"type":"Point","coordinates":[123.7949133,10.3529672]},"properties":{"category":"service","signal_dbm":null,"preserve":true,"sequence":40,"survey_group":"d1aeee4bd6415302"}},{"type":"Feature","geometry":{"type":"Point","coordinates":[123.7949282,10.3529801]},"properties":{"category":"service","signal_dbm":-119,"preserve":true,"sequence":41,"survey_group":"d1aeee4bd6415302"}},{"type":"Feature","geometry":{"type":"Point","coordinates":[123.7949291,10.352981700000001]},"properties":{"category":"service","signal_dbm":null,"preserve":true,"sequence":44,"survey_group":"d1aeee4bd6415302"}},{"type":"Feature","geometry":{"type":"Point","coordinates":[123.795396,10.3531206]},"properties":{"category":"service","signal_dbm":null,"preserve":true,"sequence":55,"survey_group":"d1aeee4bd6415302"}},{"type":"Feature","geometry":{"type":"Point","coordinates":[123.795396,10.3531206]},"properties":{"category":"service","signal_dbm":null,"preserve":true,"sequence":54,"survey_group":"d1aeee4bd6415302"}},{"type":"Feature","geometry":{"type":"Point","coordinates":[123.7954122,10.353180500000001]},"properties":{"category":"no_service","signal_dbm":null,"preserve":true,"sequence":53,"survey_group":"d1aeee4bd6415302"}},{"type":"Feature","geometry":{"type":"Point","coordinates":[123.79568190000001,10.3533896]},"properties":{"category":"service","signal_dbm":null,"preserve":true,"sequence":57,"survey_group":"d1aeee4bd6415302"}},{"type":"Feature","geometry":{"type":"Point","coordinates":[123.79615920000001,10.354078299999999]},"properties":{"category":"service","signal_dbm":null,"preserve":true,"sequence":59,"survey_group":"d1aeee4bd6415302"}},{"type":"Feature","geometry":{"type":"Point","coordinates":[123.7961818,10.354096200000001]},"properties":{"category":"no_service","signal_dbm":null,"preserve":true,"sequence":58,"survey_group":"d1aeee4bd6415302"}},{"type":"Feature","geometry":{"type":"Point","coordinates":[123.7961863,10.354109299999999]},"properties":{"category":"service","signal_dbm":-103,"preserve":true,"sequence":60,"survey_group":"d1aeee4bd6415302"}},{"type":"Feature","geometry":{"type":"Point","coordinates":[123.7962217,10.354152900000001]},"properties":{"category":"service","signal_dbm":-95,"preserve":false,"sequence":61,"survey_group":"d1aeee4bd6415302"}},{"type":"Feature","geometry":{"type":"Point","coordinates":[123.7963424,10.3543775]},"properties":{"category":"service","signal_dbm":null,"preserve":true,"sequence":64,"survey_group":"d1aeee4bd6415302"}},{"type":"Feature","geometry":{"type":"Point","coordinates":[123.7963429,10.354385799999999]},"properties":{"category":"service","signal_dbm":null,"preserve":true,"sequence":67,"survey_group":"d1aeee4bd6415302"}},{"type":"Feature","geometry":{"type":"Point","coordinates":[123.79638919999999,10.354420299999999]},"properties":{"category":"no_service","signal_dbm":null,"preserve":true,"sequence":65,"survey_group":"d1aeee4bd6415302"}},{"type":"Feature","geometry":{"type":"Point","coordinates":[123.7965166,10.3545661]},"properties":{"category":"service","signal_dbm":null,"preserve":true,"sequence":69,"survey_group":"d1aeee4bd6415302"}},{"type":"Feature","geometry":{"type":"Point","coordinates":[123.7965621,10.3547511]},"properties":{"category":"no_service","signal_dbm":null,"preserve":true,"sequence":70,"survey_group":"d1aeee4bd6415302"}},{"type":"Feature","geometry":{"type":"Point","coordinates":[123.7965591,10.3549285]},"properties":{"category":"service","signal_dbm":null,"preserve":true,"sequence":71,"survey_group":"d1aeee4bd6415302"}},{"type":"Feature","geometry":{"type":"Point","coordinates":[123.7966401,10.355184100000001]},"properties":{"category":"service","signal_dbm":null,"preserve":false,"sequence":72,"survey_group":"d1aeee4bd6415302"}},{"type":"Feature","geometry":{"type":"Point","coordinates":[123.7973499,10.356181400000001]},"properties":{"category":"service","signal_dbm":-108,"preserve":false,"sequence":73,"survey_group":"d1aeee4bd6415302"}},{"type":"Feature","geometry":{"type":"Point","coordinates":[123.7974243,10.357107299999999]},"properties":{"category":"service","signal_dbm":-110,"preserve":false,"sequence":74,"survey_group":"d1aeee4bd6415302"}},{"type":"Feature","geometry":{"type":"Point","coordinates":[123.7977333,10.357710900000001]},"properties":{"category":"service","signal_dbm":-101,"preserve":false,"sequence":75,"survey_group":"d1aeee4bd6415302"}},{"type":"Feature","geometry":{"type":"Point","coordinates":[123.7978705,10.358271800000001]},"properties":{"category":"service","signal_dbm":null,"preserve":false,"sequence":80,"survey_group":"d1aeee4bd6415302"}},{"type":"Feature","geometry":{"type":"Point","coordinates":[123.7978705,10.358271800000001]},"properties":{"category":"service","signal_dbm":null,"preserve":true,"sequence":79,"survey_group":"d1aeee4bd6415302"}},{"type":"Feature","geometry":{"type":"Point","coordinates":[123.7978698,10.358272400000001]},"properties":{"category":"service","signal_dbm":-111,"preserve":false,"sequence":76,"survey_group":"d1aeee4bd6415302"}},{"type":"Feature","geometry":{"type":"Point","coordinates":[123.7978705,10.358272400000001]},"properties":{"category":"no_service","signal_dbm":null,"preserve":true,"sequence":78,"survey_group":"d1aeee4bd6415302"}},{"type":"Feature","geometry":{"type":"Point","coordinates":[123.7978706,10.358272400000001]},"properties":{"category":"service","signal_dbm":-113,"preserve":true,"sequence":77,"survey_group":"d1aeee4bd6415302"}},{"type":"Feature","geometry":{"type":"Point","coordinates":[123.7975904,10.3586998]},"properties":{"category":"service","signal_dbm":-93,"preserve":false,"sequence":81,"survey_group":"d1aeee4bd6415302"}},{"type":"Feature","geometry":{"type":"Point","coordinates":[123.7972252,10.3592502]},"properties":{"category":"service","signal_dbm":-93,"preserve":false,"sequence":83,"survey_group":"d1aeee4bd6415302"}},{"type":"Feature","geometry":{"type":"Point","coordinates":[123.7972415,10.359290100000001]},"properties":{"category":"service","signal_dbm":-93,"preserve":false,"sequence":82,"survey_group":"d1aeee4bd6415302"}},{"type":"Feature","geometry":{"type":"Point","coordinates":[123.7994382,10.359660999999999]},"properties":{"category":"service","signal_dbm":-107,"preserve":true,"sequence":97,"survey_group":"d1aeee4bd6415302"}},{"type":"Feature","geometry":{"type":"Point","coordinates":[123.7994372,10.359662800000001]},"properties":{"category":"service","signal_dbm":null,"preserve":true,"sequence":100,"survey_group":"d1aeee4bd6415302"}},{"type":"Feature","geometry":{"type":"Point","coordinates":[123.7994372,10.359662800000001]},"properties":{"category":"service","signal_dbm":null,"preserve":true,"sequence":99,"survey_group":"d1aeee4bd6415302"}},{"type":"Feature","geometry":{"type":"Point","coordinates":[123.799436,10.3596711]},"properties":{"category":"no_service","signal_dbm":null,"preserve":true,"sequence":98,"survey_group":"d1aeee4bd6415302"}},{"type":"Feature","geometry":{"type":"Point","coordinates":[123.7970093,10.3598239]},"properties":{"category":"service","signal_dbm":-95,"preserve":false,"sequence":84,"survey_group":"d1aeee4bd6415302"}},{"type":"Feature","geometry":{"type":"Point","coordinates":[123.79940089999999,10.360025]},"properties":{"category":"service","signal_dbm":null,"preserve":false,"sequence":96,"survey_group":"d1aeee4bd6415302"}},{"type":"Feature","geometry":{"type":"Point","coordinates":[123.79934470000001,10.360102599999999]},"properties":{"category":"no_service","signal_dbm":null,"preserve":true,"sequence":93,"survey_group":"d1aeee4bd6415302"}},{"type":"Feature","geometry":{"type":"Point","coordinates":[123.7993448,10.360102700000001]},"properties":{"category":"service","signal_dbm":null,"preserve":false,"sequence":95,"survey_group":"d1aeee4bd6415302"}},{"type":"Feature","geometry":{"type":"Point","coordinates":[123.7993448,10.360102700000001]},"properties":{"category":"service","signal_dbm":null,"preserve":true,"sequence":94,"survey_group":"d1aeee4bd6415302"}},{"type":"Feature","geometry":{"type":"Point","coordinates":[123.799164,10.3603156]},"properties":{"category":"service","signal_dbm":-105,"preserve":true,"sequence":92,"survey_group":"d1aeee4bd6415302"}},{"type":"Feature","geometry":{"type":"Point","coordinates":[123.7971005,10.360323599999999]},"properties":{"category":"service","signal_dbm":-116,"preserve":true,"sequence":85,"survey_group":"d1aeee4bd6415302"}},{"type":"Feature","geometry":{"type":"Point","coordinates":[123.7970863,10.3603253]},"properties":{"category":"no_service","signal_dbm":null,"preserve":true,"sequence":86,"survey_group":"d1aeee4bd6415302"}},{"type":"Feature","geometry":{"type":"Point","coordinates":[123.79708290000001,10.360333000000001]},"properties":{"category":"service","signal_dbm":null,"preserve":true,"sequence":87,"survey_group":"d1aeee4bd6415302"}},{"type":"Feature","geometry":{"type":"Point","coordinates":[123.79748720000001,10.360836000000001]},"properties":{"category":"no_service","signal_dbm":null,"preserve":true,"sequence":88,"survey_group":"d1aeee4bd6415302"}},{"type":"Feature","geometry":{"type":"Point","coordinates":[123.7975421,10.3608473]},"properties":{"category":"service","signal_dbm":null,"preserve":false,"sequence":90,"survey_group":"d1aeee4bd6415302"}},{"type":"Feature","geometry":{"type":"Point","coordinates":[123.7975421,10.3608473]},"properties":{"category":"service","signal_dbm":null,"preserve":true,"sequence":89,"survey_group":"d1aeee4bd6415302"}},{"type":"Feature","geometry":{"type":"Point","coordinates":[123.7977899,10.3608973]},"properties":{"category":"service","signal_dbm":-115,"preserve":false,"sequence":91,"survey_group":"d1aeee4bd6415302"}}]}
