session_id,timestamp,window_start_timestamp,window_duration_s,latitude,longitude,location_timestamp,location_age_ms,horizontal_accuracy_m,vertical_accuracy_m,altitude_m,speed_mps,speed_accuracy_mps,bearing_deg,bearing_accuracy_deg,gnss_timestamp,gnss_age_ms,satellites_visible,satellites_used,cn0_mean_dbhz,cn0_max_dbhz,gps_visible,gps_used,glonass_visible,glonass_used,beidou_visible,beidou_used,galileo_visible,galileo_used,qzss_visible,qzss_used,accel_sample_count,accel_x_mean_mps2,accel_y_mean_mps2,accel_z_mean_mps2,accel_magnitude_mean_mps2,accel_magnitude_stddev_mps2,accel_magnitude_rms_mps2,linear_accel_sample_count,linear_accel_x_mean_mps2,linear_accel_y_mean_mps2,linear_accel_z_mean_mps2,linear_accel_magnitude_mean_mps2,linear_accel_magnitude_stddev_mps2,linear_accel_magnitude_rms_mps2,gyro_sample_count,gyro_x_mean_radps,gyro_y_mean_radps,gyro_z_mean_radps,gyro_magnitude_mean_radps,gyro_magnitude_stddev_radps,gyro_magnitude_rms_radps,rotation_vector_x,rotation_vector_y,rotation_vector_z,rotation_vector_w,orientation_azimuth_deg,orientation_pitch_deg,orientation_roll_deg,step_events_window,step_count_total,light_lux,light_timestamp,light_age_ms,battery_level_pct,battery_temperature_c,battery_charging,battery_timestamp,battery_age_ms,surface_classifier_label,surface_classifier_confidence,surface_classifier_timestamp,surface_classifier_age_ms,manual_surface_label,manual_surface_timestamp,manual_surface_age_ms,route_distance_m,gps_accuracy_m,gps_quality
4616a89e-6aa7-461f-abf0-d8186b0aab26,2026-09-12T06:45:14.137632+08:00,2026-09-12T06:45:04.137632+08:00,10,10.3478445,123.8078361,2026-09-11T22:45:08Z,6849,9.3,16.8,233.59,0.00,0.11,,,2026-09-12T06:45:13.301317+08:00,837,0,0,,,0,0,0,0,0,0,0,0,0,0,505,1.3694,7.1402,4.2175,9.8413,0.9692,9.8889,200,0.0099,-0.0790,0.0220,0.9769,0.9287,1.3479,200,-0.0852,-0.2652,-0.1464,0.7577,0.9493,1.2146,0.54355,-0.31604,-0.38511,0.67555,-59.8,-0.5,77.9,0,0,475.00,2026-09-12T06:45:12.302632+08:00,1835,91.0,30.0,DISCHARGING,2026-09-12T06:45:04.135632+08:00,10002,,,,,,,,19.8,9.3,GOOD
4616a89e-6aa7-461f-abf0-d8186b0aab26,2026-09-12T06:45:24.14845+08:00,2026-09-12T06:45:14.14845+08:00,10,10.3478595,123.8078421,2026-09-11T22:45:23Z,1861,10.0,13.9,229.77,0.00,0.32,,,2026-09-12T06:45:22.298698+08:00,1849,86,0,10.22,30.00,23,0,5,0,36,0,17,0,5,0,502,0.3074,8.6806,2.8217,10.0210,2.0172,10.2220,201,0.1099,-0.1746,0.1503,1.7173,1.8904,2.5540,201,0.0766,0.0359,-0.0796,1.1212,1.8886,2.1963,0.68427,-0.19389,-0.11240,0.69393,-25.1,-6.6,90.7,0,0,301.00,2026-09-12T06:45:22.01745+08:00,2131,91.0,30.0,DISCHARGING,2026-09-12T06:45:04.13645+08:00,20012,,,,,,,,21.7,10.0,GOOD
4616a89e-6aa7-461f-abf0-d8186b0aab26,2026-09-12T06:45:34.160075+08:00,2026-09-12T06:45:24.160075+08:00,10,10.3478565,123.8078477,2026-09-11T22:45:31Z,3872,8.4,11.9,230.65,0.00,0.20,,,2026-09-12T06:45:30.300164+08:00,3860,85,0,12.62,33.40,23,0,5,0,35,0,17,0,5,0,501,0.6828,9.5789,0.2914,9.8053,0.5886,9.8230,201,-0.0527,0.0237,-0.0650,1.1418,0.8238,1.4079,201,0.0277,-0.0027,-0.0160,0.5098,0.3042,0.5936,0.79133,0.09398,0.11801,0.59248,16.8,-4.3,105.7,0,0,192.00,2026-09-12T06:45:33.018075+08:00,1142,91.0,30.0,DISCHARGING,2026-09-12T06:45:04.136075+08:00,30024,,,,,,,,22.4,8.4,GOOD
4616a89e-6aa7-461f-abf0-d8186b0aab26,2026-09-12T06:45:44.170371+08:00,2026-09-12T06:45:34.170371+08:00,10,10.3478546,123.8078532,2026-09-11T22:45:39Z,5882,9.5,13.5,228.03,0.00,0.09,,,2026-09-12T06:45:38.344373+08:00,5826,87,0,12.09,34.60,23,0,5,0,37,0,17,0,5,0,504,-0.1671,8.7903,-3.4450,9.7364,0.5035,9.7495,201,0.0141,-0.0030,-0.0385,0.8723,0.5578,1.0354,201,-0.0216,-0.0970,-0.0368,0.4428,0.3653,0.5741,0.58275,-0.44596,-0.48531,0.47539,-82.4,8.1,94.5,0,0,515.00,2026-09-12T06:45:43.618371+08:00,552,91.0,30.0,DISCHARGING,2026-09-12T06:45:04.136371+08:00,40034,,,,,,,,23.0,9.5,GOOD
4616a89e-6aa7-461f-abf0-d8186b0aab26,2026-09-12T06:45:54.18081+08:00,2026-09-12T06:45:44.18081+08:00,10,10.3478589,123.8078535,2026-09-11T22:45:47Z,7893,8.3,10.5,229.19,0.00,0.28,,,2026-09-12T06:45:53.295592+08:00,885,0,0,,,0,0,0,0,0,0,0,0,0,0,500,1.2614,9.4280,0.8447,9.8894,0.7858,9.9205,201,0.1933,-0.0404,0.1480,1.4326,1.1837,1.8583,201,-0.0102,0.1031,0.0317,0.6266,0.4293,0.7596,0.58993,-0.17431,-0.16238,0.77151,-27.2,-4.4,75.9,7,7,50.00,2026-09-12T06:45:53.81781+08:00,363,91.0,30.0,DISCHARGING,2026-09-12T06:45:04.13581+08:00,50045,TRAIL,0.50,2026-09-12T06:45:50.53324+08:00,3647,,,,23.5,8.3,GOOD
4616a89e-6aa7-461f-abf0-d8186b0aab26,2026-09-12T06:46:04.192791+08:00,2026-09-12T06:45:54.192791+08:00,10,10.3478731,123.8078694,2026-09-11T22:46:03Z,1905,8.1,9.6,227.22,0.00,0.09,,,2026-09-12T06:46:02.300643+08:00,1890,86,0,14.16,40.90,23,0,5,0,36,0,17,0,5,0,504,1.6944,9.3575,0.6423,9.8036,0.5556,9.8193,201,0.1169,-0.0181,-0.0442,0.9036,0.6954,1.1402,201,0.0138,-0.1445,-0.0024,0.5224,0.5318,0.7455,0.33372,-0.64457,-0.49468,0.47797,-109.5,-16.6,93.2,3,10,546.00,2026-09-12T06:46:03.619791+08:00,573,91.0,30.0,DISCHARGING,2026-09-12T06:46:04.194791+08:00,-2,TRAIL,0.50,2026-09-12T06:45:50.53324+08:00,13659,,,,25.9,8.1,GOOD
4616a89e-6aa7-461f-abf0-d8186b0aab26,2026-09-12T06:46:14.203344+08:00,2026-09-12T06:46:04.203344+08:00,10,10.3478752,123.8078678,2026-09-11T22:46:11Z,3915,10.6,12.1,225.96,0.00,0.09,,,2026-09-12T06:46:10.298297+08:00,3905,86,0,12.51,35.80,23,0,5,0,36,0,17,0,5,0,504,0.7740,9.4966,-0.4424,9.7764,0.7832,9.8077,201,0.0481,-0.0792,-0.0236,1.1443,0.7635,1.3756,201,0.0080,0.0875,-0.0093,0.5579,0.3774,0.6736,0.64326,-0.39532,-0.27798,0.59385,-57.6,-6.4,98.1,0,10,540.00,2026-09-12T06:46:13.818344+08:00,385,91.0,30.0,DISCHARGING,2026-09-12T06:46:04.193344+08:00,10010,TRAIL,0.50,2026-09-12T06:45:50.53324+08:00,23670,,,,26.2,10.6,GOOD
4616a89e-6aa7-461f-abf0-d8186b0aab26,2026-09-12T06:46:24.213404+08:00,2026-09-12T06:46:14.213404+08:00,10,10.3478795,123.8078702,2026-09-11T22:46:19Z,5925,7.6,9.1,225.67,0.00,0.09,,,2026-09-12T06:46:18.301234+08:00,5912,87,0,12.02,35.90,23,0,5,0,37,0,17,0,5,0,502,0.9651,9.4043,-0.5264,9.8641,0.7662,9.8938,201,0.0338,-0.0723,-0.1152,1.3390,1.0480,1.7004,201,-0.0461,-0.0001,0.0018,0.7162,0.5557,0.9065,0.59493,-0.34755,-0.38592,0.61346,-62.6,1.9,87.1,0,10,66.00,2026-09-12T06:46:23.818404+08:00,395,91.0,30.0,DISCHARGING,2026-09-12T06:46:04.193404+08:00,20020,TRAIL,0.50,2026-09-12T06:45:50.53324+08:00,33680,,,,26.7,7.6,GOOD
4616a89e-6aa7-461f-abf0-d8186b0aab26,2026-09-12T06:46:34.228693+08:00,2026-09-12T06:46:24.228693+08:00,10,10.3478817,123.8078691,2026-09-11T22:46:27Z,7941,8.7,10.1,225.59,0.00,0.09,,,2026-09-12T06:46:33.295318+08:00,934,0,0,,,0,0,0,0,0,0,0,0,0,0,502,0.9023,9.5500,0.4711,9.8040,0.5559,9.8197,201,0.0633,-0.0252,-0.0536,0.9674,0.8786,1.3068,201,-0.0305,-0.1197,0.0256,0.5819,0.4544,0.7383,0.27035,-0.65675,-0.60553,0.35905,-127.0,-8.3,90.5,5,15,973.00,2026-09-12T06:46:33.817693+08:00,411,91.0,30.0,DISCHARGING,2026-09-12T06:46:04.192693+08:00,30036,TRAIL,0.50,2026-09-12T06:45:50.53324+08:00,43695,,,,27.0,8.7,GOOD
4616a89e-6aa7-461f-abf0-d8186b0aab26,2026-09-12T06:46:44.238601+08:00,2026-09-12T06:46:34.238601+08:00,10,10.3478826,123.8078740,2026-09-11T22:46:43Z,1950,8.2,9.5,225.80,0.00,0.09,,,2026-09-12T06:46:42.299026+08:00,1939,86,0,13.21,36.30,23,0,5,0,36,0,17,0,5,0,502,1.3786,9.3701,-1.1564,9.7724,0.6315,9.7927,201,0.0667,-0.0424,-0.0949,1.0128,0.7192,1.2421,201,0.0476,0.1894,-0.0023,0.6037,0.4040,0.7264,0.71709,-0.35127,0.07605,0.59716,-29.1,-31.9,108.9,0,15,255.00,2026-09-12T06:46:43.818601+08:00,420,91.0,30.0,DISCHARGING,2026-09-12T06:46:04.193601+08:00,40045,TRAIL,0.50,2026-09-12T06:45:50.53324+08:00,53705,,,,27.8,8.2,GOOD
4616a89e-6aa7-461f-abf0-d8186b0aab26,2026-09-12T06:47:03.87942+08:00,2026-09-12T06:46:53.87942+08:00,10,10.3478879,123.8078737,2026-09-11T22:46:59Z,5591,8.2,8.8,225.19,0.00,0.09,,,2026-09-12T06:46:58.310967+08:00,5568,85,0,13.27,37.00,23,0,5,0,35,0,17,0,5,0,983,0.5557,8.9911,-2.4966,9.9522,1.4006,10.0503,391,0.1232,-0.1040,-0.0907,1.8812,1.3304,2.3040,386,0.0238,-0.0038,-0.0474,0.6824,0.4505,0.8177,0.81528,0.22198,0.22081,0.48712,35.7,-8.3,115.6,8,23,374.00,2026-09-12T06:47:03.81842+08:00,61,91.0,30.0,DISCHARGING,2026-09-12T06:46:04.19342+08:00,59686,TRAIL,0.50,2026-09-12T06:45:50.53324+08:00,73346,,,,28.5,8.2,GOOD
4616a89e-6aa7-461f-abf0-d8186b0aab26,2026-09-12T06:47:23.204746+08:00,2026-09-12T06:47:13.204746+08:00,10,10.3478887,123.8078754,2026-09-11T22:47:23Z,917,8.0,9.2,224.38,0.00,0.10,,,2026-09-12T06:47:22.298535+08:00,904,86,0,13.77,38.50,23,0,5,0,36,0,17,0,5,0,968,0.1174,8.2134,1.0925,10.0461,2.0475,10.2526,386,0.0221,-0.1259,-0.0921,2.3738,1.7208,2.9319,379,-0.0273,-0.1711,-0.0075,1.0264,1.1137,1.5145,0.07871,-0.37265,-0.87456,0.30012,-144.1,-4.9,44.6,18,41,1686.00,2026-09-12T06:47:23.185746+08:00,19,90.0,31.0,DISCHARGING,2026-09-12T06:47:23.206746+08:00,-2,TRAIL,0.50,2026-09-12T06:45:50.53324+08:00,92671,,,,29.2,8.0,GOOD
4616a89e-6aa7-461f-abf0-d8186b0aab26,2026-09-12T06:47:33.215456+08:00,2026-09-12T06:47:23.215456+08:00,10,10.3478839,123.8078752,2026-09-11T22:47:32Z,1926,7.1,7.2,223.60,0.00,0.32,,,2026-09-12T06:47:31.302239+08:00,1913,94,0,12.65,34.80,23,0,5,0,44,0,17,0,5,0,501,-0.0703,7.2653,4.4326,10.1355,2.0865,10.3481,201,0.0358,-0.2419,0.1398,2.1507,1.9927,2.9319,201,-0.0283,0.0844,-0.0395,1.3699,1.4641,2.0050,0.27001,-0.34812,-0.72205,0.53344,-106.6,1.1,52.3,0,41,1220.00,2026-09-12T06:47:32.929456+08:00,286,90.0,31.0,DISCHARGING,2026-09-12T06:47:23.205456+08:00,10010,TRAIL,0.50,2026-09-12T06:45:50.53324+08:00,102682,,,,29.7,7.1,GOOD
4616a89e-6aa7-461f-abf0-d8186b0aab26,2026-09-12T06:47:43.221253+08:00,2026-09-12T06:47:33.221253+08:00,10,10.3478855,123.8078737,2026-09-11T22:47:39Z,4934,8.7,9.5,223.15,0.00,0.09,,,2026-09-12T06:47:38.298388+08:00,4922,85,0,14.33,38.70,23,0,5,0,35,0,17,0,5,0,505,-0.3034,8.2669,5.0922,9.7437,0.1693,9.7451,201,-0.0060,0.0138,-0.0104,0.2930,0.2390,0.3782,201,0.0192,0.0354,0.0219,0.2551,0.2260,0.3408,0.36350,-0.36973,-0.60957,0.59967,-90.9,-0.0,62.5,0,41,1053.00,2026-09-12T06:47:40.609253+08:00,2612,90.0,31.0,DISCHARGING,2026-09-12T06:47:23.205253+08:00,20016,TRAIL,0.50,2026-09-12T06:45:50.53324+08:00,112688,,,,29.9,8.7,GOOD
4616a89e-6aa7-461f-abf0-d8186b0aab26,2026-09-12T06:47:53.234243+08:00,2026-09-12T06:47:43.234243+08:00,10,10.3478875,123.8078758,2026-09-11T22:47:48Z,5945,9.5,9.4,223.15,0.00,0.13,,,2026-09-12T06:47:52.304028+08:00,930,0,0,,,0,0,0,0,0,0,0,0,0,0,499,0.5993,8.0087,3.4231,10.3382,3.0780,10.7866,201,0.0981,-0.1785,0.1020,2.5249,2.2719,3.3966,201,-0.0469,0.4675,0.1682,1.4511,1.6025,2.1618,0.16137,-0.41348,-0.82609,0.34723,-135.0,-1.2,52.7,0,41,1386.00,2026-09-12T06:47:52.460243+08:00,774,90.0,31.0,DISCHARGING,2026-09-12T06:47:23.205243+08:00,30029,TRAIL,0.50,2026-09-12T06:45:50.53324+08:00,122701,,,,30.2,9.5,GOOD
4616a89e-6aa7-461f-abf0-d8186b0aab26,2026-09-12T06:48:03.243004+08:00,2026-09-12T06:47:53.243004+08:00,10,10.3478853,123.8078749,2026-09-11T22:47:56Z,7954,7.9,9.0,223.36,0.00,0.09,,,2026-09-12T06:47:58.244397+08:00,4999,94,0,12.46,33.70,23,0,5,0,44,0,17,0,5,0,503,-0.0516,8.0057,5.5177,9.7563,0.2752,9.7602,197,-0.0035,-0.0043,-0.0048,0.3749,0.3485,0.5119,198,0.0082,0.0126,0.0051,0.2011,0.1727,0.2651,0.19586,-0.42869,-0.78660,0.39891,-127.3,-1.9,56.2,0,41,1442.00,2026-09-12T06:48:01.560004+08:00,1683,90.0,31.0,DISCHARGING,2026-09-12T06:47:23.205004+08:00,40038,TRAIL,0.50,2026-09-12T06:45:50.53324+08:00,132709,,,,30.5,7.9,GOOD
4616a89e-6aa7-461f-abf0-d8186b0aab26,2026-09-12T06:48:13.246061+08:00,2026-09-12T06:48:03.246061+08:00,10,10.3478761,123.8078717,2026-09-11T22:48:10Z,3958,5.5,5.7,221.63,0.00,0.12,,,2026-09-12T06:48:09.299275+08:00,3947,94,0,11.48,31.70,23,0,5,0,44,0,17,0,5,0,502,0.8916,9.1068,0.8628,9.9140,2.1868,10.1524,201,-0.0054,-0.0971,0.1049,2.2211,1.5266,2.6952,201,-0.0514,-0.2540,-0.1365,0.8791,0.9855,1.3206,0.59027,-0.22765,-0.25138,0.73251,-39.6,-2.1,78.5,7,48,190.00,2026-09-12T06:48:12.810061+08:00,436,90.0,31.0,DISCHARGING,2026-09-12T06:47:23.205061+08:00,50041,TRAIL,0.50,2026-09-12T06:45:50.53324+08:00,142712,,,,31.6,5.5,GOOD
4616a89e-6aa7-461f-abf0-d8186b0aab26,2026-09-12T06:48:23.258131+08:00,2026-09-12T06:48:13.258131+08:00,10,10.3478618,123.8078676,2026-09-11T22:48:18Z,5971,6.1,6.7,220.92,0.00,0.23,,,2026-09-12T06:48:17.296857+08:00,5959,94,0,14.33,35.40,23,0,5,0,44,0,17,0,5,0,502,0.4655,9.5956,1.2078,9.9013,3.1520,10.3909,201,0.0633,-0.0227,0.0223,2.8829,1.7992,3.3983,201,0.0129,-0.0196,-0.0055,0.5364,0.2446,0.5896,0.61236,-0.28727,-0.32678,0.66009,-51.6,1.2,85.1,18,66,908.00,2026-09-12T06:48:22.412131+08:00,846,90.0,32.0,DISCHARGING,2026-09-12T06:48:23.260131+08:00,-2,TRAIL,0.50,2026-09-12T06:45:50.53324+08:00,152724,,,,33.2,6.1,GOOD
4616a89e-6aa7-461f-abf0-d8186b0aab26,2026-09-12T06:48:33.269212+08:00,2026-09-12T06:48:23.269212+08:00,10,10.3478473,123.8078701,2026-09-11T22:48:26Z,7981,9.7,9.1,219.85,0.00,0.90,,,2026-09-12T06:48:32.293914+08:00,975,0,0,,,0,0,0,0,0,0,0,0,0,0,502,0.2789,9.6416,-0.0959,9.9274,1.8698,10.1020,201,0.0138,0.0147,-0.0611,2.1378,1.2426,2.4727,201,0.0124,-0.0059,-0.0058,0.5413,0.2688,0.6043,0.62799,-0.36380,-0.35106,0.59163,-60.7,0.6,93.1,18,84,988.00,2026-09-12T06:48:32.809212+08:00,460,90.0,32.0,DISCHARGING,2026-09-12T06:48:23.258212+08:00,10011,TRAIL,0.50,2026-09-12T06:45:50.53324+08:00,162735,,,,34.8,9.7,GOOD
4616a89e-6aa7-461f-abf0-d8186b0aab26,2026-09-12T06:48:43.279474+08:00,2026-09-12T06:48:33.279474+08:00,10,10.3478069,123.8078868,2026-09-11T22:48:42Z,1991,6.8,7.9,218.29,0.82,0.85,141.0,9.4,2026-09-12T06:48:41.298812+08:00,1980,94,0,16.03,39.10,23,0,5,0,44,0,17,0,5,0,502,0.1441,9.7027,0.4669,9.7930,1.1782,9.8637,201,0.0740,0.0402,0.0366,1.1430,0.9803,1.5058,201,-0.0154,0.0024,-0.0015,0.2685,0.2206,0.3475,0.63526,-0.22086,-0.23849,0.70056,-37.9,-0.4,84.5,9,93,482.00,2026-09-12T06:48:42.209474+08:00,1070,90.0,32.0,DISCHARGING,2026-09-12T06:48:23.258474+08:00,20021,TRAIL,0.50,2026-09-12T06:45:50.53324+08:00,172746,,,,39.7,6.8,GOOD
4616a89e-6aa7-461f-abf0-d8186b0aab26,2026-09-12T06:48:53.291122+08:00,2026-09-12T06:48:43.291122+08:00,10,10.3476740,123.8079573,2026-09-11T22:48:50Z,4003,5.3,6.9,216.11,0.00,0.08,,,2026-09-12T06:48:49.299645+08:00,3991,95,0,16.07,43.10,23,0,5,0,44,0,17,0,4,0,505,1.0426,9.5990,0.5851,9.7446,0.8033,9.7776,201,-0.0061,0.0027,-0.0848,0.6563,0.8562,1.0788,201,-0.0001,0.0095,0.0062,0.1656,0.2028,0.2618,0.58130,-0.31251,-0.30899,0.68480,-52.0,-3.9,82.6,9,102,588.00,2026-09-12T06:48:52.810122+08:00,481,90.0,32.0,DISCHARGING,2026-09-12T06:48:23.258122+08:00,30033,TRAIL,0.50,2026-09-12T06:45:50.53324+08:00,182757,,,,56.3,5.3,GOOD
4616a89e-6aa7-461f-abf0-d8186b0aab26,2026-09-12T06:49:03.301057+08:00,2026-09-12T06:48:53.301057+08:00,10,10.3476438,123.8079742,2026-09-11T22:48:58Z,6013,3.8,4.2,217.63,0.00,0.07,,,2026-09-12T06:49:03.300877+08:00,0,0,0,,,0,0,0,0,0,0,0,0,0,0,502,0.5404,9.6606,0.6799,9.7615,1.2462,9.8407,201,-0.0482,0.0163,-0.1431,1.1462,0.9637,1.4975,201,0.0130,-0.0015,-0.0002,0.2512,0.1981,0.3199,0.66951,-0.20582,-0.15957,0.69565,-29.9,-4.2,88.9,0,102,414.00,2026-09-12T06:49:01.209057+08:00,2092,90.0,32.0,DISCHARGING,2026-09-12T06:48:23.258057+08:00,40043,TRAIL,0.50,2026-09-12T06:45:50.53324+08:00,192767,,,,60.1,3.8,GOOD
4616a89e-6aa7-461f-abf0-d8186b0aab26,2026-09-12T06:49:13.310758+08:00,2026-09-12T06:49:03.310758+08:00,10,10.3476197,123.8080095,2026-09-11T22:49:06Z,8023,4.1,5.4,218.49,0.64,0.85,121.2,57.6,2026-09-12T06:49:13.301711+08:00,9,96,0,17.40,40.50,23,0,6,0,44,0,17,0,4,0,502,0.3158,9.6929,0.5635,9.7446,0.7651,9.7746,201,0.0174,0.0159,-0.0645,0.7549,0.6886,1.0218,201,-0.0071,-0.1457,-0.0194,0.2725,0.1411,0.3069,0.51435,-0.45218,-0.47770,0.55025,-82.3,-0.4,86.4,9,111,691.00,2026-09-12T06:49:12.409758+08:00,901,90.0,32.0,DISCHARGING,2026-09-12T06:48:23.257758+08:00,50053,TRAIL,0.50,2026-09-12T06:45:50.53324+08:00,202777,,,,64.8,4.1,GOOD
4616a89e-6aa7-461f-abf0-d8186b0aab26,2026-09-12T06:49:23.325958+08:00,2026-09-12T06:49:13.325958+08:00,10,10.3475730,123.8080158,2026-09-11T22:49:22Z,2037,4.0,5.3,215.35,0.82,0.88,148.8,49.2,2026-09-12T06:49:21.30022+08:00,2025,96,0,17.52,35.40,23,0,6,0,44,0,17,0,4,0,502,0.4803,9.5946,-0.3314,9.7839,1.3605,9.8780,201,0.0471,-0.0352,-0.1142,1.1692,1.2401,1.7043,201,0.0326,0.1605,0.0056,0.4432,0.5025,0.6700,0.75940,-0.04600,0.01695,0.64877,-2.8,-4.9,99.1,0,111,494.00,2026-09-12T06:49:22.611958+08:00,714,90.0,32.0,DISCHARGING,2026-09-12T06:49:23.326958+08:00,-1,TRAIL,0.50,2026-09-12T06:45:50.53324+08:00,212792,,,,70.2,4.0,GOOD
4616a89e-6aa7-461f-abf0-d8186b0aab26,2026-09-12T06:49:33.336233+08:00,2026-09-12T06:49:23.336233+08:00,10,10.3475087,123.8080683,2026-09-11T22:49:30Z,4048,3.8,5.1,217.55,0.74,0.85,145.7,52.3,2026-09-12T06:49:29.299036+08:00,4037,96,0,18.96,39.70,23,0,6,0,44,0,17,0,4,0,502,0.4005,9.5990,-1.0642,9.9345,1.8939,10.1134,201,0.0223,0.0050,-0.0693,2.3142,1.0740,2.5513,201,-0.0008,0.0018,-0.0083,0.5984,0.2873,0.6637,0.64864,-0.37067,-0.29836,0.59402,-56.8,-3.1,96.7,20,131,605.00,2026-09-12T06:49:28.010233+08:00,5326,90.0,32.0,DISCHARGING,2026-09-12T06:49:23.326233+08:00,10010,TRAIL,0.50,2026-09-12T06:45:50.53324+08:00,222802,,,,79.3,3.8,GOOD
4616a89e-6aa7-461f-abf0-d8186b0aab26,2026-09-12T06:49:45.393207+08:00,2026-09-12T06:49:35.393207+08:00,10,10.3474212,123.8081738,2026-09-11T22:49:46Z,105,4.0,5.5,214.33,0.46,0.86,127.3,68.9,2026-09-12T06:49:45.303428+08:00,90,96,0,19.12,40.00,23,0,6,0,44,0,17,0,4,0,605,0.4883,9.6061,-0.8434,9.8071,1.5161,9.9235,242,0.0509,-0.0241,-0.0094,1.8554,0.9277,2.0745,237,0.0001,-0.0096,-0.0105,0.4376,0.2040,0.4828,0.63945,-0.37238,-0.35704,0.57005,-62.1,1.8,95.5,20,151,484.00,2026-09-12T06:49:38.810207+08:00,6583,90.0,32.0,DISCHARGING,2026-09-12T06:49:23.326207+08:00,22067,TRAIL,0.50,2026-09-12T06:45:50.53324+08:00,234859,,,,94.5,4.0,GOOD
4616a89e-6aa7-461f-abf0-d8186b0aab26,2026-09-12T06:50:02.780224+08:00,2026-09-12T06:49:52.780224+08:00,10,10.3473526,123.8082440,2026-09-11T22:50:02Z,1492,4.5,5.5,222.32,0.00,0.01,,,2026-09-12T06:50:01.30319+08:00,1477,96,0,15.59,39.00,23,0,6,0,44,0,17,0,4,0,869,0.5940,9.4763,-1.4921,9.8189,1.3965,9.9177,345,0.0427,-0.0319,0.0131,1.8321,0.9879,2.0815,333,-0.0038,-0.0290,0.0097,0.5115,0.2600,0.5738,0.70665,-0.03768,-0.00783,0.70652,-3.7,-2.4,90.1,26,177,312.00,2026-09-12T06:50:02.266224+08:00,514,90.0,32.0,DISCHARGING,2026-09-12T06:49:23.326224+08:00,39454,TRAIL,0.50,2026-09-12T06:45:50.53324+08:00,252246,,,,105.3,4.5,GOOD
4616a89e-6aa7-461f-abf0-d8186b0aab26,2026-09-12T06:50:12.791219+08:00,2026-09-12T06:50:02.791219+08:00,10,10.3473328,123.8082418,2026-09-11T22:50:10Z,3503,6.1,7.9,212.92,0.30,0.94,171.3,82.6,2026-09-12T06:50:09.301386+08:00,3490,96,0,14.37,35.80,23,0,6,0,44,0,17,0,4,0,502,0.8474,9.4958,-1.3872,10.0213,1.8849,10.1970,277,0.1317,0.1246,-0.1344,2.3884,1.4610,2.7998,201,0.0127,0.0737,-0.0055,0.6830,0.3677,0.7757,0.67640,0.29810,0.28789,0.60889,48.9,-1.5,95.3,14,191,531.00,2026-09-12T06:50:12.410219+08:00,381,90.0,32.0,DISCHARGING,2026-09-12T06:49:23.326219+08:00,49465,TRAIL,0.50,2026-09-12T06:45:50.53324+08:00,262257,,,,107.5,6.1,GOOD
4616a89e-6aa7-461f-abf0-d8186b0aab26,2026-09-12T06:50:22.800858+08:00,2026-09-12T06:50:12.800858+08:00,10,10.3472413,123.8082526,2026-09-11T22:50:18Z,5513,5.5,7.1,218.49,0.58,0.88,175.1,61.2,2026-09-12T06:50:17.298984+08:00,5502,96,0,14.64,38.60,23,0,6,0,44,0,17,0,4,0,503,0.4978,9.5529,-1.1688,9.8361,1.8178,10.0027,435,0.1276,0.0303,-0.0468,2.2484,1.2386,2.5669,201,0.0014,-0.2075,0.0200,0.5163,0.2730,0.5840,0.59186,-0.46271,-0.39084,0.53183,-74.6,-1.7,97.4,15,206,338.00,2026-09-12T06:50:21.808858+08:00,992,90.0,32.0,DISCHARGING,2026-09-12T06:49:23.325858+08:00,59475,TRAIL,0.50,2026-09-12T06:45:50.53324+08:00,272267,,,,117.7,5.5,GOOD
4616a89e-6aa7-461f-abf0-d8186b0aab26,2026-09-12T06:50:32.81287+08:00,2026-09-12T06:50:22.81287+08:00,10,10.3471795,123.8082743,2026-09-11T22:50:26Z,7524,7.5,9.2,220.02,0.91,1.29,163.1,60.5,2026-09-12T06:50:32.29479+08:00,516,0,0,,,0,0,0,0,0,0,0,0,0,0,502,0.8097,9.5847,-0.8564,9.8575,1.6380,9.9926,201,0.0746,-0.0081,-0.0746,2.0231,1.0174,2.2645,201,0.0083,0.1023,-0.0147,0.4830,0.3263,0.5829,0.71705,-0.08257,-0.03468,0.69124,-9.6,-3.7,92.4,13,219,270.00,2026-09-12T06:50:27.21187+08:00,5601,89.0,33.0,DISCHARGING,2026-09-12T06:50:32.81487+08:00,-2,TRAIL,0.50,2026-09-12T06:45:50.53324+08:00,282279,,,,124.9,7.5,GOOD
4616a89e-6aa7-461f-abf0-d8186b0aab26,2026-09-12T06:50:42.82249+08:00,2026-09-12T06:50:32.82249+08:00,10,10.3471223,123.8082531,2026-09-11T22:50:40Z,3533,5.0,6.2,224.74,0.32,1.80,210.1,94.3,2026-09-12T06:50:39.3008+08:00,3521,0,0,,,0,0,0,0,0,0,0,0,0,0,503,0.7851,9.5344,-1.5085,9.9165,1.6499,10.0529,201,0.1028,0.0126,-0.0040,2.1958,1.0429,2.4309,201,0.0200,0.0002,-0.0070,0.4086,0.1934,0.4521,0.78141,-0.07366,-0.03314,0.61877,-9.0,-2.3,103.4,15,234,244.00,2026-09-12T06:50:38.40949+08:00,4413,89.0,33.0,DISCHARGING,2026-09-12T06:50:32.81349+08:00,10009,TRAIL,0.50,2026-09-12T06:45:50.53324+08:00,292289,,,,133.7,5.0,GOOD
4616a89e-6aa7-461f-abf0-d8186b0aab26,2026-09-12T06:50:52.836088+08:00,2026-09-12T06:50:42.836088+08:00,10,10.3470616,123.8082135,2026-09-11T22:50:50Z,3547,6.5,7.4,224.68,0.35,1.18,223.8,85.8,2026-09-12T06:50:49.296903+08:00,3539,94,0,12.68,36.90,23,0,6,0,42,0,17,0,4,0,502,1.1202,9.4922,-1.4701,9.8751,1.9878,10.0732,201,0.0390,-0.0130,-0.0043,2.3420,1.1121,2.5926,201,-0.0211,-0.0391,0.0114,0.3978,0.1776,0.4357,0.69327,-0.22977,-0.17693,0.65976,-33.6,-3.3,93.8,13,247,219.00,2026-09-12T06:50:51.610088+08:00,1226,89.0,33.0,DISCHARGING,2026-09-12T06:50:32.813088+08:00,20023,TRAIL,0.50,2026-09-12T06:45:50.53324+08:00,302302,,,,141.7,6.5,GOOD
4616a89e-6aa7-461f-abf0-d8186b0aab26,2026-09-12T06:51:04.717834+08:00,2026-09-12T06:50:54.717834+08:00,10,10.3470415,123.8081961,2026-09-11T22:50:58Z,7430,5.3,5.8,221.96,0.54,1.18,234.2,74.6,2026-09-12T06:51:04.297752+08:00,420,0,0,,,0,0,0,0,0,0,0,0,0,0,594,0.7520,9.5177,-1.3911,9.8828,2.1387,10.1116,238,-0.0090,-0.0450,-0.0349,2.5717,1.1507,2.8174,237,0.0063,-0.0711,0.0111,0.4101,0.1884,0.4513,0.56972,-0.50967,-0.41317,0.49492,-82.0,-1.9,99.7,19,266,176.00,2026-09-12T06:51:03.833834+08:00,884,89.0,33.0,DISCHARGING,2026-09-12T06:50:32.812834+08:00,31905,TRAIL,0.50,2026-09-12T06:45:50.53324+08:00,314184,,,,144.6,5.3,GOOD
4616a89e-6aa7-461f-abf0-d8186b0aab26,2026-09-12T06:51:14.727335+08:00,2026-09-12T06:51:04.727335+08:00,10,10.3470286,123.8081502,2026-09-11T22:51:11.422Z,4020,7.7,7.3,222.37,0.00,0.73,,,2026-09-12T06:51:14.296737+08:00,430,94,47,15.19,39.30,23,8,6,4,42,27,17,8,4,0,787,1.2610,9.4596,-1.4640,9.8986,2.1571,10.1310,201,0.0583,-0.0203,0.0018,2.5888,1.1961,2.8518,656,0.0056,0.0062,-0.0053,0.3663,0.1906,0.4129,0.56720,-0.50554,-0.35953,0.54171,-76.5,-8.0,99.0,15,281,349.00,2026-09-12T06:51:14.609335+08:00,118,89.0,33.0,DISCHARGING,2026-09-12T06:50:32.813335+08:00,41914,TRAIL,0.50,2026-09-12T06:45:50.53324+08:00,324194,,,,150.2,7.7,GOOD
4616a89e-6aa7-461f-abf0-d8186b0aab26,2026-09-12T06:51:24.739287+08:00,2026-09-12T06:51:14.739287+08:00,10,10.3470259,123.8079978,2026-09-11T22:51:21Z,4451,3.8,2.8,231.21,0.84,1.08,264.0,10.3,2026-09-12T06:51:24.297466+08:00,442,89,49,18.48,35.90,20,9,6,4,42,28,15,8,4,0,1005,1.1169,9.5158,-1.4874,9.9136,2.0753,10.1285,31,0.2114,0.3988,0.0073,2.6165,1.2074,2.8816,1005,-0.0001,0.0141,-0.0067,0.3544,0.1894,0.4018,0.60983,-0.48251,-0.32682,0.53711,-71.2,-6.9,102.2,2,283,349.00,2026-09-12T06:51:14.609287+08:00,10130,89.0,33.0,DISCHARGING,2026-09-12T06:50:32.813287+08:00,51926,TRAIL,0.50,2026-09-12T06:45:50.53324+08:00,334206,,,,167.0,3.8,GOOD
4616a89e-6aa7-461f-abf0-d8186b0aab26,2026-09-12T06:51:34.752142+08:00,2026-09-12T06:51:24.752142+08:00,10,10.3469976,123.8079318,2026-09-11T22:51:31Z,4463,3.8,2.6,231.41,0.64,0.92,248.6,30.9,2026-09-12T06:51:34.298069+08:00,452,94,50,17.48,39.10,23,10,6,4,42,27,17,9,4,0,1005,1.1405,9.5082,-1.5650,9.9284,2.0826,10.1445,,,,,,,,1005,0.0088,0.0488,-0.0019,0.4282,0.2076,0.4759,0.60983,-0.48251,-0.32682,0.53711,-71.2,-6.9,102.2,0,283,349.00,2026-09-12T06:51:14.611142+08:00,20141,89.0,33.0,DISCHARGING,2026-09-12T06:51:34.754142+08:00,-2,TRAIL,0.50,2026-09-12T06:45:50.53324+08:00,344218,,,,174.9,3.8,GOOD
4616a89e-6aa7-461f-abf0-d8186b0aab26,2026-09-12T06:51:44.762271+08:00,2026-09-12T06:51:34.762271+08:00,10,10.3469363,123.8078872,2026-09-11T22:51:41Z,4474,3.8,2.5,232.11,0.58,0.86,222.1,61.1,2026-09-12T06:51:44.299381+08:00,463,94,49,16.95,35.80,23,10,6,4,42,27,17,8,4,0,1005,0.8285,9.4578,-1.5732,9.8505,1.9677,10.0451,,,,,,,,1005,0.0054,-0.0209,-0.0074,0.3804,0.1817,0.4216,0.60983,-0.48251,-0.32682,0.53711,-71.2,-6.9,102.2,0,283,349.00,2026-09-12T06:51:14.609271+08:00,30153,89.0,33.0,DISCHARGING,2026-09-12T06:51:34.752271+08:00,10010,TRAIL,0.50,2026-09-12T06:51:40.311099+08:00,4451,,,,183.3,3.8,GOOD
4616a89e-6aa7-461f-abf0-d8186b0aab26,2026-09-12T06:51:54.771662+08:00,2026-09-12T06:51:44.771662+08:00,10,10.3468962,123.8078328,2026-09-11T22:51:51Z,4482,3.8,2.5,233.49,0.62,0.85,229.4,58.9,2026-09-12T06:51:54.299685+08:00,472,94,53,17.52,36.50,23,11,6,4,42,29,17,9,4,0,1005,1.0373,9.4103,-1.9290,9.8528,2.0442,10.0626,,,,,,,,1005,0.0018,-0.0224,0.0070,0.4094,0.1712,0.4437,0.60983,-0.48251,-0.32682,0.53711,-71.2,-6.9,102.2,0,283,349.00,2026-09-12T06:51:14.608662+08:00,40163,89.0,33.0,DISCHARGING,2026-09-12T06:51:34.751662+08:00,20020,TRAIL,0.50,2026-09-12T06:51:40.311099+08:00,14460,,,,190.7,3.8,GOOD
4616a89e-6aa7-461f-abf0-d8186b0aab26,2026-09-12T06:52:04.780344+08:00,2026-09-12T06:51:54.780344+08:00,10,10.3468703,123.8077737,2026-09-11T22:52:01Z,4491,3.8,2.5,235.39,0.62,0.87,238.0,58.8,2026-09-12T06:52:04.301404+08:00,479,94,48,17.02,37.90,23,11,6,4,42,25,17,8,4,0,1005,1.3107,9.2977,-2.2335,9.8475,1.9776,10.0441,,,,,,,,1005,0.0132,-0.0006,0.0057,0.4241,0.2339,0.4843,0.60983,-0.48251,-0.32682,0.53711,-71.2,-6.9,102.2,0,283,349.00,2026-09-12T06:51:14.609344+08:00,50171,89.0,33.0,DISCHARGING,2026-09-12T06:51:34.752344+08:00,30028,TRAIL,0.50,2026-09-12T06:51:40.311099+08:00,24469,,,,198.0,3.8,GOOD
4616a89e-6aa7-461f-abf0-d8186b0aab26,2026-09-12T06:52:14.788949+08:00,2026-09-12T06:52:04.788949+08:00,10,10.3468531,123.8077225,2026-09-11T22:52:11Z,4500,3.8,2.5,237.66,0.00,0.07,,,2026-09-12T06:52:14.300565+08:00,488,94,49,16.34,37.90,23,11,6,4,42,24,17,10,4,0,1005,0.9061,9.4996,-0.5876,9.7646,1.2693,9.8467,,,,,,,,1005,-0.0304,0.0155,-0.0024,0.2705,0.2271,0.3532,0.60983,-0.48251,-0.32682,0.53711,-71.2,-6.9,102.2,0,283,349.00,2026-09-12T06:51:14.608949+08:00,60180,89.0,33.0,DISCHARGING,2026-09-12T06:51:34.751949+08:00,40037,TRAIL,0.50,2026-09-12T06:51:40.311099+08:00,34477,,,,204.0,3.8,GOOD
4616a89e-6aa7-461f-abf0-d8186b0aab26,2026-09-12T06:52:24.799223+08:00,2026-09-12T06:52:14.799223+08:00,10,10.3468440,123.8076966,2026-09-11T22:52:21Z,4510,9.9,2.5,237.67,0.66,0.85,259.4,56.6,2026-09-12T06:52:24.302363+08:00,495,94,52,18.08,38.30,23,11,6,4,42,28,17,9,4,0,1005,0.9780,9.4822,-1.4043,9.8568,1.6977,10.0019,,,,,,,,1005,0.0281,-0.0075,0.0030,0.4629,0.2242,0.5143,0.60983,-0.48251,-0.32682,0.53711,-71.2,-6.9,102.2,0,283,349.00,2026-09-12T06:51:14.609223+08:00,70190,89.0,33.0,DISCHARGING,2026-09-12T06:51:34.752223+08:00,50047,TRAIL,0.50,2026-09-12T06:51:40.311099+08:00,44488,,,,207.8,9.9,GOOD
4616a89e-6aa7-461f-abf0-d8186b0aab26,2026-09-12T06:52:34.81017+08:00,2026-09-12T06:52:24.81017+08:00,10,10.3468237,123.8076389,2026-09-11T22:52:31Z,4521,9.9,2.5,239.28,0.72,0.85,240.2,53.7,2026-09-12T06:52:34.298066+08:00,511,94,49,17.96,37.30,23,8,6,4,42,28,17,9,4,0,1004,0.9431,9.4793,-1.6743,9.8917,1.9484,10.0817,,,,,,,,1004,-0.0067,0.0176,0.0065,0.4208,0.1983,0.4652,0.60983,-0.48251,-0.32682,0.53711,-71.2,-6.9,102.2,0,283,349.00,2026-09-12T06:51:14.61017+08:00,80200,89.0,33.0,DISCHARGING,2026-09-12T06:52:34.81117+08:00,-1,TRAIL,0.50,2026-09-12T06:51:40.311099+08:00,54499,,,,215.1,9.9,GOOD
4616a89e-6aa7-461f-abf0-d8186b0aab26,2026-09-12T06:52:44.819723+08:00,2026-09-12T06:52:34.819723+08:00,10,10.3467857,123.8075891,2026-09-11T22:52:41Z,4532,9.9,2.5,240.49,0.64,0.85,230.2,57.6,2026-09-12T06:52:44.297189+08:00,523,93,51,17.47,37.40,23,10,6,4,42,27,16,10,4,0,1005,1.0581,9.4642,-1.5133,9.8338,1.8045,9.9980,,,,,,,,1005,0.0084,0.0048,-0.0149,0.3950,0.1946,0.4403,0.60983,-0.48251,-0.32682,0.53711,-71.2,-6.9,102.2,0,283,349.00,2026-09-12T06:51:14.608723+08:00,90211,89.0,33.0,DISCHARGING,2026-09-12T06:52:34.809723+08:00,10010,TRAIL,0.50,2026-09-12T06:51:40.311099+08:00,64508,,,,222.1,9.9,GOOD
4616a89e-6aa7-461f-abf0-d8186b0aab26,2026-09-12T06:52:54.832382+08:00,2026-09-12T06:52:44.832382+08:00,10,10.3467553,123.8075342,2026-09-11T22:52:51Z,4543,9.9,2.5,241.19,0.58,0.88,220.9,61.9,2026-09-12T06:52:54.296267+08:00,536,93,51,17.92,38.30,22,10,6,4,42,28,17,9,4,0,1006,0.8786,9.4855,-1.5895,9.8745,1.8785,10.0516,,,,,,,,1006,-0.0005,-0.0220,0.0017,0.4125,0.2113,0.4635,0.60983,-0.48251,-0.32682,0.53711,-71.2,-6.9,102.2,0,283,349.00,2026-09-12T06:51:14.609382+08:00,100223,89.0,33.0,DISCHARGING,2026-09-12T06:52:34.810382+08:00,20022,TRAIL,0.50,2026-09-12T06:51:40.311099+08:00,74521,,,,229.0,9.9,GOOD
4616a89e-6aa7-461f-abf0-d8186b0aab26,2026-09-12T06:53:04.845639+08:00,2026-09-12T06:52:54.845639+08:00,10,10.3467228,123.8074856,2026-09-11T22:53:01Z,4556,9.9,2.5,242.99,0.64,0.90,256.5,58.3,2026-09-12T06:53:04.300424+08:00,546,94,50,17.71,38.10,23,10,6,4,42,27,17,9,4,0,1005,1.2919,9.4446,-1.5066,9.8278,1.5289,9.9461,,,,,,,,1005,-0.0045,0.0693,0.0017,0.4037,0.1722,0.4389,0.60983,-0.48251,-0.32682,0.53711,-71.2,-6.9,102.2,0,283,349.00,2026-09-12T06:51:14.608639+08:00,110237,89.0,33.0,DISCHARGING,2026-09-12T06:52:34.809639+08:00,30036,TRAIL,0.50,2026-09-12T06:51:40.311099+08:00,84534,,,,235.6,9.9,GOOD
4616a89e-6aa7-461f-abf0-d8186b0aab26,2026-09-12T06:53:14.855502+08:00,2026-09-12T06:53:04.855502+08:00,10,10.3467091,123.8074797,2026-09-11T22:53:11Z,4566,9.9,2.5,242.20,0.00,0.08,,,2026-09-12T06:53:14.300081+08:00,555,91,52,18.41,43.30,22,12,6,4,42,27,15,9,4,0,1005,-0.1357,9.6444,0.0233,9.7499,0.3889,9.7576,,,,,,,,1005,0.0339,0.0799,-0.0468,0.6134,0.5488,0.8230,0.60983,-0.48251,-0.32682,0.53711,-71.2,-6.9,102.2,0,283,349.00,2026-09-12T06:51:14.609502+08:00,120246,89.0,33.0,DISCHARGING,2026-09-12T06:52:34.810502+08:00,40045,TRAIL,0.50,2026-09-12T06:51:40.311099+08:00,94544,,,,238.2,9.9,GOOD
4616a89e-6aa7-461f-abf0-d8186b0aab26,2026-09-12T06:53:24.864612+08:00,2026-09-12T06:53:14.864612+08:00,10,10.3467107,123.8074824,2026-09-11T22:53:21Z,4577,9.9,2.5,242.43,0.18,0.85,359.6,90.9,2026-09-12T06:53:24.296635+08:00,568,94,46,16.97,42.80,23,11,6,4,42,23,17,8,4,0,1004,-0.0861,9.6576,-0.1684,9.7231,0.3457,9.7293,,,,,,,,1004,0.0201,0.1266,-0.0109,0.5956,0.6111,0.8534,0.60983,-0.48251,-0.32682,0.53711,-71.2,-6.9,102.2,0,283,349.00,2026-09-12T06:51:14.608612+08:00,130256,89.0,33.0,DISCHARGING,2026-09-12T06:52:34.809612+08:00,50055,TRAIL,0.50,2026-09-12T06:51:40.311099+08:00,104553,,,,238.5,9.9,GOOD
4616a89e-6aa7-461f-abf0-d8186b0aab26,2026-09-12T06:53:34.88314+08:00,2026-09-12T06:53:24.88314+08:00,10,10.3467075,123.8074838,2026-09-11T22:53:31Z,4595,9.9,2.5,242.18,0.00,0.08,,,2026-09-12T06:53:34.296117+08:00,585,93,48,16.99,41.50,23,11,6,4,42,26,16,7,4,0,1006,-0.7451,9.6177,-0.2939,9.7266,0.2887,9.7309,,,,,,,,1006,-0.0052,0.0164,-0.0120,0.6384,0.4589,0.7863,0.60983,-0.48251,-0.32682,0.53711,-71.2,-6.9,102.2,0,283,349.00,2026-09-12T06:51:14.61114+08:00,140272,89.0,33.0,DISCHARGING,2026-09-12T06:53:34.88514+08:00,-2,TRAIL,0.50,2026-09-12T06:51:40.311099+08:00,114572,,,,238.9,9.9,GOOD
4616a89e-6aa7-461f-abf0-d8186b0aab26,2026-09-12T06:53:44.894691+08:00,2026-09-12T06:53:34.894691+08:00,10,10.3467056,123.8074895,2026-09-11T22:53:41Z,4606,9.9,2.5,242.12,0.00,0.08,,,2026-09-12T06:53:44.295337+08:00,600,94,52,17.01,37.20,23,12,6,4,42,26,17,10,4,0,1005,-0.4855,9.5737,-0.6759,9.7357,0.6715,9.7588,,,,,,,,1005,-0.0110,-0.2939,0.0386,0.6705,0.5637,0.8760,0.60983,-0.48251,-0.32682,0.53711,-71.2,-6.9,102.2,0,283,349.00,2026-09-12T06:51:14.608691+08:00,150286,89.0,33.0,DISCHARGING,2026-09-12T06:53:34.882691+08:00,10012,TRAIL,0.50,2026-09-12T06:51:40.311099+08:00,124583,,,,239.6,9.9,GOOD
4616a89e-6aa7-461f-abf0-d8186b0aab26,2026-09-12T06:53:54.90539+08:00,2026-09-12T06:53:44.90539+08:00,10,10.3466947,123.8074617,2026-09-11T22:53:51Z,4616,9.9,2.5,240.46,0.68,0.85,251.0,55.2,2026-09-12T06:53:54.297041+08:00,608,94,48,17.20,38.20,23,9,6,4,42,26,17,9,4,0,1005,1.3121,9.4960,-1.5256,9.8800,1.9312,10.0670,,,,,,,,1005,0.0087,0.0345,0.0038,0.4184,0.1769,0.4543,0.60983,-0.48251,-0.32682,0.53711,-71.2,-6.9,102.2,0,283,349.00,2026-09-12T06:51:14.60939+08:00,160296,89.0,33.0,DISCHARGING,2026-09-12T06:53:34.88339+08:00,20022,TRAIL,0.50,2026-09-12T06:51:40.311099+08:00,134594,,,,243.2,9.9,GOOD
4616a89e-6aa7-461f-abf0-d8186b0aab26,2026-09-12T06:54:04.915475+08:00,2026-09-12T06:53:54.915475+08:00,10,10.3466744,123.8074051,2026-09-11T22:54:01Z,4626,9.9,2.5,240.58,0.33,0.85,252.9,79.1,2026-09-12T06:54:04.296729+08:00,618,94,48,17.11,35.90,23,9,6,4,42,26,17,9,4,0,1005,1.1002,9.3513,-1.9496,9.7999,2.0675,10.0156,,,,,,,,1005,0.0090,-0.0116,-0.0010,0.4140,0.1880,0.4547,0.60983,-0.48251,-0.32682,0.53711,-71.2,-6.9,102.2,0,283,349.00,2026-09-12T06:51:14.609475+08:00,170306,89.0,33.0,DISCHARGING,2026-09-12T06:53:34.883475+08:00,30032,TRAIL,0.50,2026-09-12T06:51:40.311099+08:00,144604,,,,249.8,9.9,GOOD
4616a89e-6aa7-461f-abf0-d8186b0aab26,2026-09-12T06:54:14.924255+08:00,2026-09-12T06:54:04.924255+08:00,10,10.3466521,123.8073587,2026-09-11T22:54:11Z,4635,9.9,2.5,242.61,0.58,0.86,236.7,61.2,2026-09-12T06:54:14.296967+08:00,627,91,48,17.84,37.50,20,7,6,4,42,28,17,9,4,0,1005,0.9875,9.4209,-1.7868,9.8161,1.7950,9.9789,,,,,,,,1005,0.0052,-0.0014,-0.0056,0.3712,0.1851,0.4147,0.60983,-0.48251,-0.32682,0.53711,-71.2,-6.9,102.2,0,283,349.00,2026-09-12T06:51:14.609255+08:00,180315,89.0,33.0,DISCHARGING,2026-09-12T06:53:34.883255+08:00,40041,TRAIL,0.50,2026-09-12T06:51:40.311099+08:00,154613,,,,255.5,9.9,GOOD
4616a89e-6aa7-461f-abf0-d8186b0aab26,2026-09-12T06:54:24.934643+08:00,2026-09-12T06:54:14.934643+08:00,10,10.3466314,123.8073223,2026-09-11T22:54:21Z,4646,9.9,2.5,243.16,0.46,0.85,242.1,69.3,2026-09-12T06:54:24.307949+08:00,626,94,49,17.51,37.50,23,8,6,4,42,28,17,9,4,0,1004,1.5173,9.3726,-1.7319,9.8171,1.7287,9.9681,,,,,,,,1004,0.0030,-0.0090,0.0094,0.3744,0.1610,0.4075,0.60983,-0.48251,-0.32682,0.53711,-71.2,-6.9,102.2,0,283,349.00,2026-09-12T06:51:14.609643+08:00,190325,89.0,33.0,DISCHARGING,2026-09-12T06:53:34.883643+08:00,50051,TRAIL,0.50,2026-09-12T06:51:40.311099+08:00,164623,,,,260.1,9.9,GOOD
4616a89e-6aa7-461f-abf0-d8186b0aab26,2026-09-12T06:54:34.944836+08:00,2026-09-12T06:54:24.944836+08:00,10,10.3466041,123.8072685,2026-09-11T22:54:31Z,4656,9.9,2.5,245.78,0.66,0.85,246.5,56.5,2026-09-12T06:54:34.306027+08:00,637,94,49,18.19,38.70,23,11,6,4,42,27,17,7,4,0,1005,1.1249,9.3518,-2.1114,9.8301,2.0465,10.0408,,,,,,,,1005,0.0065,-0.0252,0.0125,0.4147,0.1946,0.4581,0.60983,-0.48251,-0.32682,0.53711,-71.2,-6.9,102.2,0,283,349.00,2026-09-12T06:51:14.610836+08:00,200334,88.0,34.0,DISCHARGING,2026-09-12T06:54:34.946836+08:00,-2,TRAIL,0.50,2026-09-12T06:51:40.311099+08:00,174633,,,,266.7,9.9,GOOD
4616a89e-6aa7-461f-abf0-d8186b0aab26,2026-09-12T06:54:44.954826+08:00,2026-09-12T06:54:34.954826+08:00,10,10.3465924,123.8072161,2026-09-11T22:54:41Z,4666,9.9,2.5,247.09,0.41,0.87,246.2,73.3,2026-09-12T06:54:44.307273+08:00,648,93,51,18.19,37.00,23,12,6,4,41,27,17,8,4,0,1005,0.9921,9.4114,-1.9347,9.8374,1.9972,10.0380,,,,,,,,1005,-0.0082,-0.0095,0.0047,0.3803,0.1792,0.4204,0.60983,-0.48251,-0.32682,0.53711,-71.2,-6.9,102.2,0,283,349.00,2026-09-12T06:51:14.608826+08:00,210346,88.0,34.0,DISCHARGING,2026-09-12T06:54:34.944826+08:00,10010,TRAIL,0.50,2026-09-12T06:51:40.311099+08:00,184643,,,,272.6,9.9,GOOD
4616a89e-6aa7-461f-abf0-d8186b0aab26,2026-09-12T06:54:54.963036+08:00,2026-09-12T06:54:44.963036+08:00,10,10.3465809,123.8071612,2026-09-11T22:54:51Z,4674,9.9,2.5,249.86,0.48,0.85,271.2,67.8,2026-09-12T06:54:54.305891+08:00,657,94,49,17.49,36.30,23,10,6,4,42,26,17,9,4,0,1005,1.1688,9.2381,-2.2366,9.7706,1.9936,9.9719,,,,,,,,1005,-0.0052,-0.0057,0.0063,0.4272,0.1638,0.4575,0.60983,-0.48251,-0.32682,0.53711,-71.2,-6.9,102.2,0,283,349.00,2026-09-12T06:51:14.609036+08:00,220354,88.0,34.0,DISCHARGING,2026-09-12T06:54:34.945036+08:00,20018,TRAIL,0.50,2026-09-12T06:51:40.311099+08:00,194651,,,,278.8,9.9,GOOD
4616a89e-6aa7-461f-abf0-d8186b0aab26,2026-09-12T06:55:04.972374+08:00,2026-09-12T06:54:54.972374+08:00,10,10.3465772,123.8071128,2026-09-11T22:55:01Z,4683,9.9,2.5,250.50,0.48,0.85,261.5,67.6,2026-09-12T06:55:04.307678+08:00,664,92,49,18.54,36.70,23,11,6,4,42,27,15,7,4,0,1005,1.1859,9.2863,-2.2769,9.8170,1.9640,10.0116,,,,,,,,1005,0.0154,-0.0204,-0.0013,0.4124,0.1923,0.4551,0.60983,-0.48251,-0.32682,0.53711,-71.2,-6.9,102.2,0,283,349.00,2026-09-12T06:51:14.609374+08:00,230363,88.0,34.0,DISCHARGING,2026-09-12T06:54:34.945374+08:00,30027,TRAIL,0.50,2026-09-12T06:51:40.311099+08:00,204661,,,,284.2,9.9,GOOD
4616a89e-6aa7-461f-abf0-d8186b0aab26,2026-09-12T06:55:14.982112+08:00,2026-09-12T06:55:04.982112+08:00,10,10.3465856,123.8070534,2026-09-11T22:55:11Z,4693,9.9,2.5,253.55,0.79,0.85,266.3,50.2,2026-09-12T06:55:14.296738+08:00,685,94,51,18.34,35.50,23,12,6,4,42,27,17,8,4,0,1005,1.1191,9.3326,-2.2027,9.8511,2.1815,10.0897,,,,,,,,1005,-0.0008,-0.0006,-0.0015,0.4422,0.2163,0.4923,0.60983,-0.48251,-0.32682,0.53711,-71.2,-6.9,102.2,0,283,349.00,2026-09-12T06:51:14.609112+08:00,240373,88.0,34.0,DISCHARGING,2026-09-12T06:54:34.945112+08:00,40037,UNPAVED,0.50,2026-09-12T06:55:10.317499+08:00,4664,,,,290.7,9.9,GOOD
4616a89e-6aa7-461f-abf0-d8186b0aab26,2026-09-12T06:55:24.994482+08:00,2026-09-12T06:55:14.994482+08:00,10,10.3465965,123.8069986,2026-09-11T22:55:21Z,4705,9.9,2.5,256.24,0.69,0.85,269.2,54.8,2026-09-12T06:55:24.312169+08:00,682,94,53,18.80,39.30,23,11,6,4,42,29,17,9,4,0,1005,1.3322,9.3945,-1.9001,9.9082,2.0478,10.1176,,,,,,,,1005,-0.0155,-0.0519,0.0253,0.4784,0.2912,0.5600,0.60983,-0.48251,-0.32682,0.53711,-71.2,-6.9,102.2,0,283,349.00,2026-09-12T06:51:14.609482+08:00,250385,88.0,34.0,DISCHARGING,2026-09-12T06:54:34.945482+08:00,50049,TRAIL,0.50,2026-09-12T06:55:15.331944+08:00,9662,,,,296.9,9.9,GOOD
4616a89e-6aa7-461f-abf0-d8186b0aab26,2026-09-12T06:55:35.005872+08:00,2026-09-12T06:55:25.005872+08:00,10,10.3466223,123.8069531,2026-09-11T22:55:31Z,4717,9.9,2.5,257.25,0.00,0.08,,,2026-09-12T06:55:34.301289+08:00,703,94,51,18.70,36.40,23,13,6,4,42,25,17,9,4,0,1004,1.3215,9.4272,-1.6367,9.7589,0.7832,9.7903,,,,,,,,1004,-0.0027,-0.0691,0.0122,0.2688,0.2881,0.3940,0.60983,-0.48251,-0.32682,0.53711,-71.2,-6.9,102.2,0,283,349.00,2026-09-12T06:51:14.610872+08:00,260395,88.0,34.0,DISCHARGING,2026-09-12T06:55:35.007872+08:00,-2,UNPAVED,0.50,2026-09-12T06:55:25.321262+08:00,9684,,,,302.8,9.9,GOOD
4616a89e-6aa7-461f-abf0-d8186b0aab26,2026-09-12T06:55:45.014772+08:00,2026-09-12T06:55:35.014772+08:00,10,10.3466223,123.8069535,2026-09-11T22:55:41Z,4726,9.9,2.5,257.24,0.00,0.08,,,2026-09-12T06:55:44.303471+08:00,712,94,50,17.60,36.70,23,11,6,4,42,27,17,8,4,0,1005,1.4162,9.5227,-1.1661,9.7035,0.0870,9.7039,,,,,,,,1005,-0.0055,0.0012,-0.0059,0.0489,0.0377,0.0617,0.60983,-0.48251,-0.32682,0.53711,-71.2,-6.9,102.2,0,283,349.00,2026-09-12T06:51:14.608772+08:00,270406,88.0,34.0,DISCHARGING,2026-09-12T06:55:35.005772+08:00,10009,UNPAVED,0.50,2026-09-12T06:55:25.321262+08:00,19693,,,,302.9,9.9,GOOD
4616a89e-6aa7-461f-abf0-d8186b0aab26,2026-09-12T06:55:55.023336+08:00,2026-09-12T06:55:45.023336+08:00,10,10.3466222,123.8069537,2026-09-11T22:55:51Z,4734,9.9,2.5,257.25,0.00,0.06,,,2026-09-12T06:55:54.298518+08:00,724,94,50,16.72,33.80,23,11,6,4,42,27,17,8,4,0,1005,1.1701,9.4317,-1.5205,9.7486,0.5927,9.7666,,,,,,,,1005,0.0080,0.2303,-0.0381,0.4117,0.4497,0.6097,0.60983,-0.48251,-0.32682,0.53711,-71.2,-6.9,102.2,0,283,349.00,2026-09-12T06:51:14.609336+08:00,280414,88.0,34.0,DISCHARGING,2026-09-12T06:55:35.006336+08:00,20017,UNPAVED,0.50,2026-09-12T06:55:25.321262+08:00,29702,,,,302.9,9.9,GOOD
4616a89e-6aa7-461f-abf0-d8186b0aab26,2026-09-12T06:56:05.033965+08:00,2026-09-12T06:55:55.033965+08:00,10,10.3465803,123.8069465,2026-09-11T22:56:01Z,4746,9.9,2.5,255.81,0.46,0.88,232.7,69.9,2026-09-12T06:56:04.307908+08:00,726,94,50,17.52,35.60,23,11,6,4,42,26,17,9,4,0,1005,0.6793,9.5792,-1.4203,9.9702,2.2009,10.2103,,,,,,,,1005,0.0124,-0.0179,0.0182,0.5445,0.2620,0.6043,0.60983,-0.48251,-0.32682,0.53711,-71.2,-6.9,102.2,0,283,349.00,2026-09-12T06:51:14.608965+08:00,290425,88.0,34.0,DISCHARGING,2026-09-12T06:55:35.005965+08:00,30028,TRAIL,0.50,2026-09-12T06:56:00.351192+08:00,4682,,,,307.7,9.9,GOOD
4616a89e-6aa7-461f-abf0-d8186b0aab26,2026-09-12T06:56:29.657968+08:00,2026-09-12T06:56:19.657968+08:00,10,10.3464969,123.8068863,2026-09-11T22:56:28Z,2369,8.5,6.4,254.74,0.00,0.09,,,2026-09-12T06:56:27.302868+08:00,2355,87,0,12.77,34.10,23,0,6,0,35,0,17,0,4,0,1430,0.8325,9.4071,-1.4688,9.8315,1.8158,9.9978,,,,,,,,403,-0.0286,-0.0146,-0.0029,0.4512,0.1770,0.4847,0.60983,-0.48251,-0.32682,0.53711,-71.2,-6.9,102.2,0,283,349.00,2026-09-12T06:51:14.608968+08:00,315049,88.0,34.0,DISCHARGING,2026-09-12T06:55:35.005968+08:00,54652,UNPAVED,0.50,2026-09-12T06:56:05.329975+08:00,24327,,,,320.0,8.5,GOOD
4616a89e-6aa7-461f-abf0-d8186b0aab26,2026-09-12T06:56:39.803315+08:00,2026-09-12T06:56:29.803315+08:00,10,10.3464936,123.8068769,2026-09-11T22:56:36Z,4516,9.8,7.9,254.66,0.00,0.09,,,2026-09-12T06:56:35.302855+08:00,4499,87,0,13.63,38.20,23,0,6,0,35,0,17,0,4,0,502,0.5743,9.6212,0.1159,9.8556,1.3441,9.9469,181,-0.0301,0.0424,-0.0485,1.2095,1.0203,1.5824,,,,,,,,0.59161,-0.37566,-0.35657,0.61785,-62.4,-2.4,89.0,0,283,349.00,2026-09-12T06:51:14.610315+08:00,325193,88.0,34.0,DISCHARGING,2026-09-12T06:56:39.804315+08:00,-1,UNPAVED,0.50,2026-09-12T06:56:05.329975+08:00,34473,,,,321.1,9.8,GOOD
4616a89e-6aa7-461f-abf0-d8186b0aab26,2026-09-12T06:57:08.424312+08:00,2026-09-12T06:56:58.424312+08:00,10,10.3463130,123.8068955,2026-09-11T22:57:08Z,1135,9.1,9.0,261.68,0.00,0.58,,,2026-09-12T06:57:07.296584+08:00,1127,85,0,12.60,35.30,23,0,6,0,33,0,17,0,4,0,1437,0.9565,9.4955,-1.3971,9.9506,2.2478,10.2013,,,,,,,,,,,,,,,0.59161,-0.37566,-0.35657,0.61785,-62.4,-2.4,89.0,0,283,349.00,2026-09-12T06:51:14.609312+08:00,353815,88.0,34.0,DISCHARGING,2026-09-12T06:56:39.803312+08:00,28621,UNPAVED,0.50,2026-09-12T06:56:05.329975+08:00,63094,,,,342.1,9.1,GOOD
4616a89e-6aa7-461f-abf0-d8186b0aab26,2026-09-12T06:57:18.789217+08:00,2026-09-12T06:57:08.789217+08:00,10,10.3463006,123.8069140,2026-09-11T22:57:16Z,3500,10.3,10.3,263.76,0.00,0.37,,,2026-09-12T06:57:15.298675+08:00,3490,87,0,12.76,33.80,23,0,6,0,35,0,17,0,4,0,522,0.9477,9.4706,-1.8140,9.8784,2.3915,10.1638,,,,,,,,,,,,,,,0.59161,-0.37566,-0.35657,0.61785,-62.4,-2.4,89.0,0,283,349.00,2026-09-12T06:51:14.609217+08:00,364180,88.0,34.0,DISCHARGING,2026-09-12T06:56:39.803217+08:00,38986,UNPAVED,0.50,2026-09-12T06:56:05.329975+08:00,73459,,,,344.5,10.3,GOOD
4616a89e-6aa7-461f-abf0-d8186b0aab26,2026-09-12T06:57:39.641008+08:00,2026-09-12T06:57:29.641008+08:00,10,10.3462733,123.8069500,2026-09-11T22:57:40Z,352,8.9,9.9,264.33,0.00,0.39,,,2026-09-12T06:57:39.297987+08:00,343,86,0,12.43,36.80,23,0,6,0,34,0,17,0,4,0,1042,0.8513,9.4944,-1.4350,9.8070,2.1113,10.0317,,,,,,,,,,,,,,,0.59161,-0.37566,-0.35657,0.61785,-62.4,-2.4,89.0,0,283,349.00,2026-09-12T06:51:14.609008+08:00,385032,88.0,34.0,DISCHARGING,2026-09-12T06:56:39.803008+08:00,59838,UNPAVED,0.50,2026-09-12T06:56:05.329975+08:00,94311,,,,350.5,8.9,GOOD
4616a89e-6aa7-461f-abf0-d8186b0aab26,2026-09-12T06:58:09.417565+08:00,2026-09-12T06:57:59.417565+08:00,10,10.3462476,123.8069902,2026-09-11T22:58:04Z,6129,10.0,11.4,272.69,0.00,0.09,,,2026-09-12T06:58:09.299424+08:00,117,0,0,,,0,0,0,0,0,0,0,0,0,0,1487,0.8120,9.6396,-0.4233,9.7333,0.6561,9.7554,,,,,,,,,,,,,,,0.59161,-0.37566,-0.35657,0.61785,-62.4,-2.4,89.0,0,283,349.00,2026-09-12T06:51:14.610565+08:00,414807,87.0,34.0,DISCHARGING,2026-09-12T06:58:09.418565+08:00,-1,UNPAVED,0.50,2026-09-12T06:56:05.329975+08:00,124087,,,,355.8,10.0,GOOD
4616a89e-6aa7-461f-abf0-d8186b0aab26,2026-09-12T06:58:36.249877+08:00,2026-09-12T06:58:26.249877+08:00,10,10.3462343,123.8069981,2026-09-11T22:58:36Z,962,10.0,10.6,273.73,0.00,0.09,,,2026-09-12T06:58:35.326807+08:00,923,85,0,11.61,37.70,22,0,6,0,36,0,17,0,2,0,1302,0.8197,9.6636,0.0198,9.7100,0.2158,9.7124,,,,,,,,,,,,,,,0.59161,-0.37566,-0.35657,0.61785,-62.4,-2.4,89.0,0,283,349.00,2026-09-12T06:51:14.608877+08:00,441641,87.0,34.0,DISCHARGING,2026-09-12T06:58:09.416877+08:00,26833,UNPAVED,0.50,2026-09-12T06:56:05.329975+08:00,150919,,,,357.7,10.0,GOOD
4616a89e-6aa7-461f-abf0-d8186b0aab26,2026-09-12T06:58:48.67885+08:00,2026-09-12T06:58:38.67885+08:00,10,10.3462296,123.8070059,2026-09-11T22:58:44Z,5392,10.2,10.3,274.43,0.00,0.14,,,2026-09-12T06:58:43.298654+08:00,5380,85,0,12.16,34.10,22,0,6,0,36,0,17,0,2,0,667,0.0123,8.5224,3.7875,9.7988,0.5861,9.8163,206,0.0320,-0.0028,-0.0111,0.5392,0.4888,0.7277,141,0.0223,0.0063,0.0027,0.3425,0.2824,0.4439,0.27939,0.38957,0.69164,0.54020,105.1,2.0,57.3,0,283,2261.00,2026-09-12T06:58:45.89685+08:00,2782,87.0,34.0,DISCHARGING,2026-09-12T06:58:09.41685+08:00,39262,UNPAVED,0.50,2026-09-12T06:56:05.329975+08:00,163348,,,,358.7,10.2,GOOD
4616a89e-6aa7-461f-abf0-d8186b0aab26,2026-09-12T06:58:58.685024+08:00,2026-09-12T06:58:48.685024+08:00,10,10.3462299,123.8070118,2026-09-11T22:58:52Z,7402,10.3,10.1,274.88,0.00,0.40,,,2026-09-12T06:58:58.292731+08:00,392,0,0,,,0,0,0,0,0,0,0,0,0,0,504,-0.3206,8.5912,3.0471,9.8439,1.1951,9.9162,437,0.0525,-0.0898,0.0585,1.4404,1.5802,2.1382,201,0.0480,0.1437,-0.0257,1.1213,1.8229,2.1402,-0.08962,0.72960,0.67222,0.08818,-179.3,14.4,94.8,0,283,1253.00,2026-09-12T06:58:58.461024+08:00,224,87.0,34.0,DISCHARGING,2026-09-12T06:58:09.417024+08:00,49268,UNPAVED,0.50,2026-09-12T06:56:05.329975+08:00,173355,,,,359.3,10.3,GOOD
4616a89e-6aa7-461f-abf0-d8186b0aab26,2026-09-12T06:59:08.694114+08:00,2026-09-12T06:58:58.694114+08:00,10,10.3462202,123.8070096,2026-09-11T22:59:08Z,1406,8.6,10.1,274.16,0.00,0.10,,,2026-09-12T06:59:07.294579+08:00,1399,85,0,12.82,36.30,22,0,6,0,36,0,17,0,2,0,500,0.5893,9.5583,0.6548,9.7779,0.9527,9.8242,201,0.0444,-0.0058,0.0043,0.7019,0.8579,1.1085,200,-0.0212,0.1505,-0.0370,0.4155,0.8321,0.9301,0.48364,-0.47465,-0.48139,0.55593,-85.1,-3.6,85.3,0,283,215.00,2026-09-12T06:59:03.312114+08:00,5382,87.0,34.0,DISCHARGING,2026-09-12T06:58:09.417114+08:00,59277,UNPAVED,0.50,2026-09-12T06:56:05.329975+08:00,183364,,,,360.7,8.6,GOOD
4616a89e-6aa7-461f-abf0-d8186b0aab26,2026-09-12T06:59:24.538773+08:00,2026-09-12T06:59:14.538773+08:00,10,10.3462220,123.8070205,2026-09-11T22:59:25Z,251,7.7,7.8,272.29,0.00,0.36,,,2026-09-12T06:59:24.300173+08:00,237,93,0,12.19,33.80,22,0,6,0,43,0,17,0,3,0,798,0.8788,9.6182,-0.0488,9.7668,0.8823,9.8065,318,0.0318,-0.0462,-0.0600,0.9455,0.9932,1.3713,315,0.0128,0.1424,-0.0006,0.3698,0.3376,0.5007,0.65187,0.27405,0.31216,0.63444,49.0,-3.4,90.0,0,283,227.00,2026-09-12T06:59:21.131773+08:00,3407,87.0,35.0,DISCHARGING,2026-09-12T06:59:24.540773+08:00,-2,UNPAVED,0.50,2026-09-12T06:56:05.329975+08:00,199208,,,,362.0,7.7,GOOD
4616a89e-6aa7-461f-abf0-d8186b0aab26,2026-09-12T06:59:44.519523+08:00,2026-09-12T06:59:34.519523+08:00,10,10.3462149,123.8070441,2026-09-11T22:59:40Z,5232,9.6,10.0,269.82,0.00,0.11,,,2026-09-12T06:59:39.297985+08:00,5221,85,0,12.33,36.70,22,0,6,0,34,0,17,0,4,0,998,0.7956,9.5454,-1.1638,9.8692,1.7082,10.0160,400,0.0570,-0.0492,-0.0858,2.0638,1.1544,2.3647,399,0.0025,0.0076,-0.0021,0.4659,0.2374,0.5229,0.64634,0.30509,0.36488,0.59668,56.6,-6.2,91.2,29,312,245.00,2026-09-12T06:59:44.262523+08:00,257,87.0,35.0,DISCHARGING,2026-09-12T06:59:24.539523+08:00,19980,TRAIL,0.50,2026-09-12T06:59:26.246236+08:00,18273,,,,364.8,9.6,GOOD
4616a89e-6aa7-461f-abf0-d8186b0aab26,2026-09-12T07:00:00.465572+08:00,2026-09-12T06:59:50.465572+08:00,10,10.3461966,123.8070784,2026-09-11T22:59:56Z,5179,8.0,8.7,267.66,0.00,0.18,,,2026-09-12T06:59:55.301357+08:00,5164,86,0,13.48,38.50,22,0,6,0,35,0,17,0,4,0,799,0.9873,9.5766,-1.0420,9.8774,1.6193,10.0092,316,0.0290,0.0070,-0.0407,1.8855,1.2186,2.2450,306,0.0188,0.0229,-0.0051,0.4722,0.3408,0.5823,0.68306,0.32874,0.34424,0.55394,56.6,-6.1,98.6,16,328,240.00,2026-09-12T06:59:58.281572+08:00,2184,87.0,35.0,DISCHARGING,2026-09-12T06:59:24.539572+08:00,35926,TRAIL,0.50,2026-09-12T06:59:26.246236+08:00,34219,,,,369.1,8.0,GOOD
4616a89e-6aa7-461f-abf0-d8186b0aab26,2026-09-12T07:00:10.474751+08:00,2026-09-12T07:00:00.474751+08:00,10,10.3461925,123.8070899,2026-09-11T23:00:04Z,7188,9.2,8.4,267.07,0.00,0.64,,,2026-09-12T07:00:10.294214+08:00,181,0,0,,,0,0,0,0,0,0,0,0,0,0,502,0.9367,9.5207,-1.3563,9.9075,2.0098,10.1093,201,0.0022,-0.0274,-0.0531,2.4784,1.1365,2.7266,201,-0.0034,0.0102,-0.0010,0.3897,0.1720,0.4259,0.61674,0.40515,0.41874,0.52928,71.2,-5.0,95.1,16,344,610.00,2026-09-12T07:00:09.929751+08:00,545,87.0,35.0,DISCHARGING,2026-09-12T06:59:24.538751+08:00,45936,TRAIL,0.50,2026-09-12T06:59:26.246236+08:00,44228,,,,370.5,9.2,GOOD
4616a89e-6aa7-461f-abf0-d8186b0aab26,2026-09-12T07:00:20.483926+08:00,2026-09-12T07:00:10.483926+08:00,10,10.3461858,123.8073138,2026-09-11T23:00:20Z,1197,6.2,6.5,275.96,0.80,0.91,89.8,51.1,2026-09-12T07:00:19.296022+08:00,1188,87,0,14.11,35.10,22,0,6,0,36,0,17,0,4,0,501,0.7499,9.5385,-1.2884,9.8814,2.0482,10.0914,201,0.0016,-0.0225,-0.0254,2.4508,1.1915,2.7251,201,0.0050,-0.0163,0.0038,0.4109,0.1827,0.4497,0.66769,0.35677,0.35215,0.55036,60.1,-4.4,98.4,14,358,531.00,2026-09-12T07:00:19.930926+08:00,553,87.0,35.0,DISCHARGING,2026-09-12T06:59:24.538926+08:00,55945,TRAIL,0.50,2026-09-12T06:59:26.246236+08:00,54237,,,,395.0,6.2,GOOD
4616a89e-6aa7-461f-abf0-d8186b0aab26,2026-09-12T07:00:33.659209+08:00,2026-09-12T07:00:23.659209+08:00,10,10.3461626,123.8073864,2026-09-11T23:00:28Z,6371,5.8,7.5,280.10,0.68,0.94,108.9,56.9,2026-09-12T07:00:33.300187+08:00,358,0,0,,,0,0,0,0,0,0,0,0,0,0,661,0.5289,9.5170,-1.3962,9.8535,1.8734,10.0300,264,-0.0015,-0.0485,-0.1077,2.2816,1.1467,2.5535,260,-0.0057,-0.2064,0.0244,0.4995,0.3520,0.6111,0.46683,-0.57887,-0.47955,0.46583,-97.5,-5.3,96.1,18,376,202.00,2026-09-12T07:00:32.731209+08:00,928,87.0,35.0,DISCHARGING,2026-09-12T07:00:33.660209+08:00,-1,TRAIL,0.50,2026-09-12T06:59:26.246236+08:00,67412,,,,403.4,5.8,GOOD
4616a89e-6aa7-461f-abf0-d8186b0aab26,2026-09-12T07:00:49.478196+08:00,2026-09-12T07:00:39.478196+08:00,10,10.3461515,123.8073750,2026-09-11T23:00:44Z,6190,5.8,6.8,284.16,0.00,0.08,,,2026-09-12T07:00:49.299793+08:00,178,0,0,,,0,0,0,0,0,0,0,0,0,0,793,1.1492,9.5943,-0.5844,9.7716,1.0029,9.8230,316,0.1255,-0.0093,-0.0803,0.9042,1.0348,1.3742,308,0.0245,0.1333,-0.0144,0.3615,0.3885,0.5307,0.70932,0.31756,0.29575,0.55548,51.3,-3.8,102.0,7,383,188.00,2026-09-12T07:00:47.269196+08:00,2209,87.0,35.0,DISCHARGING,2026-09-12T07:00:33.659196+08:00,15819,TRAIL,0.50,2026-09-12T06:59:26.246236+08:00,83231,,,,407.1,5.8,GOOD
4616a89e-6aa7-461f-abf0-d8186b0aab26,2026-09-12T07:00:59.705258+08:00,2026-09-12T07:00:49.705258+08:00,10,10.3461144,123.8074180,2026-09-11T23:00:52Z,8418,9.8,11.5,283.29,0.81,1.40,178.6,67.5,2026-09-12T07:00:59.298931+08:00,406,82,0,13.33,37.90,22,0,6,0,33,0,15,0,4,0,515,0.8470,9.4278,-1.7592,9.8651,2.1628,10.0994,206,0.0433,-0.0664,-0.1261,2.4654,1.2671,2.7720,206,-0.0105,-0.0129,-0.0011,0.4626,0.2049,0.5060,0.69891,0.27338,0.25850,0.60825,44.2,-1.6,97.3,14,397,284.00,2026-09-12T07:00:59.330258+08:00,375,87.0,35.0,DISCHARGING,2026-09-12T07:00:33.659258+08:00,26046,TRAIL,0.50,2026-09-12T06:59:26.246236+08:00,93459,,,,413.4,9.8,GOOD
4616a89e-6aa7-461f-abf0-d8186b0aab26,2026-09-12T07:01:15.709651+08:00,2026-09-12T07:01:05.709651+08:00,10,10.3459043,123.8076100,2026-09-11T23:01:16Z,422,7.5,9.3,289.23,0.71,0.90,165.3,54.3,2026-09-12T07:01:15.297171+08:00,413,84,0,12.15,37.00,22,0,6,0,35,0,15,0,4,0,798,0.8710,9.4208,-1.7483,9.8992,2.1477,10.1295,317,-0.0968,-0.0119,-0.0149,2.5064,1.2224,2.7886,308,0.0029,-0.0446,0.0058,0.4519,0.2045,0.4960,0.74041,-0.03086,0.03656,0.67046,0.2,-5.5,95.7,23,420,288.00,2026-09-12T07:01:12.329651+08:00,3380,87.0,35.0,DISCHARGING,2026-09-12T07:00:33.658651+08:00,42051,TRAIL,0.50,2026-09-12T06:59:26.246236+08:00,109463,,,,446.1,7.5,GOOD
4616a89e-6aa7-461f-abf0-d8186b0aab26,2026-09-12T07:01:30.383273+08:00,2026-09-12T07:01:20.383273+08:00,10,10.3458968,123.8074882,2026-09-11T23:01:29Z,2096,3.8,3.8,288.50,0.64,0.86,246.0,58.1,2026-09-12T07:01:30.294885+08:00,88,92,49,16.62,37.70,22,9,6,4,43,28,15,8,4,0,733,0.9255,9.5184,-1.2746,9.8375,1.8945,10.0183,293,0.0194,-0.0319,-0.0528,2.1497,1.1838,2.4541,502,-0.0084,-0.0449,0.0091,0.4817,0.2193,0.5292,0.63822,-0.37712,-0.27645,0.61158,-55.5,-6.2,95.7,20,440,519.00,2026-09-12T07:01:19.530273+08:00,10853,87.0,35.0,DISCHARGING,2026-09-12T07:00:33.659273+08:00,56724,TRAIL,0.50,2026-09-12T06:59:26.246236+08:00,124137,,,,460.3,3.8,GOOD
4616a89e-6aa7-461f-abf0-d8186b0aab26,2026-09-12T07:01:46.267585+08:00,2026-09-12T07:01:36.267585+08:00,10,10.3458791,123.8074136,2026-09-11T23:01:45Z,1980,4.2,3.6,284.71,0.61,0.44,256.1,17.6,2026-09-12T07:01:44.337582+08:00,1927,92,0,16.79,36.30,22,0,6,0,43,0,15,0,4,0,749,0.8918,9.4906,-1.3031,9.8250,2.0566,10.0380,298,-0.0011,-0.0420,-0.0380,2.2793,1.2522,2.6006,386,0.0078,-0.0261,-0.0005,0.4379,0.1907,0.4777,0.60008,-0.45590,-0.30921,0.58004,-66.5,-9.1,97.9,19,459,510.00,2026-09-12T07:01:45.277585+08:00,990,86.0,35.0,DISCHARGING,2026-09-12T07:01:46.269585+08:00,-2,TRAIL,0.50,2026-09-12T06:59:26.246236+08:00,140021,,,,468.7,4.2,GOOD
4616a89e-6aa7-461f-abf0-d8186b0aab26,2026-09-12T07:02:08.442166+08:00,2026-09-12T07:01:58.442166+08:00,10,10.3458365,123.8072821,2026-09-11T23:02:09Z,155,5.7,7.2,289.97,0.66,0.85,210.7,56.6,2026-09-12T07:02:08.325705+08:00,116,92,0,14.59,36.50,22,0,6,0,43,0,15,0,4,0,1151,1.1935,9.4770,-1.3921,9.8489,1.8765,10.0261,458,0.0232,-0.0330,-0.1039,2.1051,1.2624,2.4546,449,0.0071,0.0178,-0.0078,0.3774,0.1743,0.4157,0.70381,-0.27030,-0.20100,0.62546,-39.3,-3.2,97.9,27,486,283.00,2026-09-12T07:02:07.721166+08:00,721,86.0,35.0,DISCHARGING,2026-09-12T07:01:46.267166+08:00,22175,TRAIL,0.50,2026-09-12T06:59:26.246236+08:00,162195,,,,484.8,5.7,GOOD
4616a89e-6aa7-461f-abf0-d8186b0aab26,2026-09-12T07:02:33.286104+08:00,2026-09-12T07:02:23.286104+08:00,10,10.3457556,123.8072489,2026-09-11T23:02:23Z,10996,10.4,10.3,295.93,0.82,2.39,128.6,79.0,2026-09-12T07:02:32.302867+08:00,983,91,0,15.66,34.80,21,0,6,0,43,0,15,0,4,0,1247,0.6883,9.6045,0.1670,9.7843,1.1265,9.8489,498,0.0158,-0.0043,-0.0445,1.0947,1.1334,1.5757,479,-0.0018,0.0330,-0.0004,0.2339,0.2032,0.3099,0.64905,0.25742,0.30751,0.64646,47.2,-3.8,88.6,17,503,132.00,2026-09-12T07:02:20.270104+08:00,13016,86.0,35.0,DISCHARGING,2026-09-12T07:01:46.267104+08:00,47019,TRAIL,0.50,2026-09-12T06:59:26.246236+08:00,187039,,,,495.5,10.4,GOOD
4616a89e-6aa7-461f-abf0-d8186b0aab26,2026-09-12T07:02:52.47273+08:00,2026-09-12T07:02:42.47273+08:00,10,10.3457209,123.8072735,2026-09-11T23:02:49Z,4185,6.2,9.1,289.73,0.48,0.96,160.7,69.7,2026-09-12T07:02:48.296036+08:00,4175,92,0,12.65,34.80,22,0,6,0,43,0,15,0,4,0,954,0.8284,9.5876,-0.3987,9.7959,1.3884,9.8938,381,0.0462,-0.0223,-0.0975,1.4833,1.1440,1.8732,372,0.0086,0.0224,0.0073,0.3205,0.2200,0.3887,0.70794,0.25063,0.34869,0.56074,49.8,-12.3,97.5,8,511,80.00,2026-09-12T07:02:52.33173+08:00,141,86.0,35.0,DISCHARGING,2026-09-12T07:02:52.47473+08:00,-2,TRAIL,0.50,2026-09-12T06:59:26.246236+08:00,206226,,,,516.0,6.2,GOOD
4616a89e-6aa7-461f-abf0-d8186b0aab26,2026-09-12T07:03:11.485461+08:00,2026-09-12T07:03:01.485461+08:00,10,10.3456669,123.8073283,2026-09-11T23:03:06Z,6198,6.6,8.6,285.30,0.34,0.93,257.7,79.8,2026-09-12T07:03:11.326056+08:00,159,0,0,,,0,0,0,0,0,0,0,0,0,0,955,0.9919,9.5159,-1.0980,9.8293,1.7817,9.9895,379,0.0076,-0.0101,-0.0935,1.8504,1.2814,2.2507,376,0.0051,0.0166,-0.0090,0.3212,0.1611,0.3594,0.69392,0.34536,0.30979,0.55067,55.2,-2.8,101.6,22,533,159.00,2026-09-12T07:03:11.279461+08:00,206,86.0,35.0,DISCHARGING,2026-09-12T07:02:52.473461+08:00,19012,TRAIL,0.50,2026-09-12T06:59:26.246236+08:00,225239,,,,525.2,6.6,GOOD
4616a89e-6aa7-461f-abf0-d8186b0aab26,2026-09-12T07:03:35.251706+08:00,2026-09-12T07:03:25.251706+08:00,10,10.3456016,123.8074022,2026-09-11T23:03:29Z,6982,5.4,6.1,297.18,0.46,0.88,102.7,69.8,2026-09-12T07:03:34.327341+08:00,925,0,0,,,0,0,0,0,0,0,0,0,0,0,1143,0.7481,9.4950,-1.2439,9.8212,1.7673,9.9789,455,0.0365,-0.0465,-0.1837,1.9559,1.1947,2.2919,449,-0.0024,0.0275,-0.0042,0.4496,0.2379,0.5087,0.58159,0.49683,0.43332,0.47660,82.5,-1.7,99.8,27,560,249.00,2026-09-12T07:03:33.255706+08:00,1996,86.0,35.0,DISCHARGING,2026-09-12T07:02:52.472706+08:00,42779,TRAIL,0.50,2026-09-12T06:59:26.246236+08:00,249005,,,,538.0,5.4,GOOD
4616a89e-6aa7-461f-abf0-d8186b0aab26,2026-09-12T07:03:57.843069+08:00,2026-09-12T07:03:47.843069+08:00,10,10.3456138,123.8075418,2026-09-11T23:03:53Z,5555,6.7,8.1,302.15,0.75,1.11,82.0,59.7,2026-09-12T07:03:52.330819+08:00,5511,92,0,15.10,37.90,22,0,6,0,43,0,15,0,4,0,1169,0.5628,9.4477,-1.5896,9.8287,1.7017,9.9750,466,-0.0139,-0.0512,-0.1027,1.9969,1.1442,2.3015,458,-0.0070,-0.0021,-0.0024,0.4482,0.2507,0.5135,0.62584,0.40648,0.38976,0.53961,68.5,-2.8,96.5,31,591,410.00,2026-09-12T07:03:57.332069+08:00,511,86.0,35.0,DISCHARGING,2026-09-12T07:03:57.844069+08:00,-1,TRAIL,0.50,2026-09-12T06:59:26.246236+08:00,271596,,,,553.3,6.7,GOOD
4616a89e-6aa7-461f-abf0-d8186b0aab26,2026-09-12T07:04:07.99183+08:00,2026-09-12T07:03:57.99183+08:00,10,10.3456116,123.8075945,2026-09-11T23:04:01Z,7704,6.5,7.5,304.48,0.68,0.89,93.0,55.9,2026-09-12T07:04:07.295418+08:00,697,0,0,,,0,0,0,0,0,0,0,0,0,0,514,0.4127,9.5494,-1.4583,9.9180,2.0040,10.1185,,,,,,,,,,,,,,,0.62584,0.40648,0.38976,0.53961,68.5,-2.8,96.5,0,591,410.00,2026-09-12T07:03:57.33083+08:00,10661,86.0,35.0,DISCHARGING,2026-09-12T07:03:57.84283+08:00,10149,TRAIL,0.50,2026-09-12T06:59:26.246236+08:00,281745,,,,559.1,6.5,GOOD
4616a89e-6aa7-461f-abf0-d8186b0aab26,2026-09-12T07:04:20.507456+08:00,2026-09-12T07:04:10.507456+08:00,10,10.3455509,123.8076761,2026-09-11T23:04:17Z,4219,4.7,5.3,305.44,0.71,0.87,105.7,54.5,2026-09-12T07:04:16.298287+08:00,4209,92,0,14.57,36.10,22,0,6,0,43,0,15,0,4,0,626,0.5597,9.4794,-1.3720,9.8809,1.9411,10.0698,,,,,,,,,,,,,,,0.62584,0.40648,0.38976,0.53961,68.5,-2.8,96.5,0,591,410.00,2026-09-12T07:03:57.331456+08:00,23176,86.0,35.0,DISCHARGING,2026-09-12T07:03:57.843456+08:00,22664,TRAIL,0.50,2026-09-12T06:59:26.246236+08:00,294261,,,,570.4,4.7,GOOD
4616a89e-6aa7-461f-abf0-d8186b0aab26,2026-09-12T07:04:41.307045+08:00,2026-09-12T07:04:31.307045+08:00,10,10.3455249,123.8078152,2026-09-11T23:04:41Z,1019,7.5,8.7,301.31,0.62,0.91,101.3,59.8,2026-09-12T07:04:40.295624+08:00,1011,92,0,13.99,39.30,22,0,6,0,43,0,15,0,4,0,1041,0.5541,9.5282,-1.3673,9.8708,2.0244,10.0763,,,,,,,,,,,,,,,0.62584,0.40648,0.38976,0.53961,68.5,-2.8,96.5,0,591,410.00,2026-09-12T07:03:57.331045+08:00,43976,86.0,35.0,DISCHARGING,2026-09-12T07:03:57.843045+08:00,43464,TRAIL,0.50,2026-09-12T06:59:26.246236+08:00,315060,,,,586.0,7.5,GOOD
4616a89e-6aa7-461f-abf0-d8186b0aab26,2026-09-12T07:05:09.026578+08:00,2026-09-12T07:04:59.026578+08:00,10,10.3453745,123.8077139,2026-09-11T23:05:05Z,4738,7.3,8.2,312.26,0.44,0.87,236.8,71.0,2026-09-12T07:05:04.299533+08:00,4725,92,0,13.72,41.40,22,0,6,0,43,0,15,0,4,0,1384,0.7738,9.5302,-1.3364,9.8327,1.6966,9.9780,,,,,,,,,,,,,,,0.62584,0.40648,0.38976,0.53961,68.5,-2.8,96.5,0,591,410.00,2026-09-12T07:03:57.332578+08:00,71694,86.0,35.0,DISCHARGING,2026-09-12T07:05:09.027578+08:00,-1,TRAIL,0.50,2026-09-12T06:59:26.246236+08:00,342780,,,,607.0,7.3,GOOD
4616a89e-6aa7-461f-abf0-d8186b0aab26,2026-09-12T07:05:38.102261+08:00,2026-09-12T07:05:28.102261+08:00,10,10.3452679,123.8076160,2026-09-11T23:05:37Z,1814,7.7,7.7,310.38,0.00,0.01,,,2026-09-12T07:05:36.302891+08:00,1799,91,0,16.70,39.40,22,0,6,0,43,0,15,0,3,0,1450,1.0301,9.5290,-1.0360,9.8035,1.4297,9.9071,,,,,,,,,,,,,,,0.62584,0.40648,0.38976,0.53961,68.5,-2.8,96.5,0,591,410.00,2026-09-12T07:03:57.331261+08:00,100771,86.0,35.0,DISCHARGING,2026-09-12T07:05:09.026261+08:00,29076,TRAIL,0.50,2026-09-12T06:59:26.246236+08:00,371856,,,,624.9,7.7,GOOD
4616a89e-6aa7-461f-abf0-d8186b0aab26,2026-09-12T07:06:03.248581+08:00,2026-09-12T07:05:53.248581+08:00,10,10.3452085,123.8075416,2026-09-11T23:06:01Z,2961,4.8,5.8,311.94,0.76,0.90,213.4,52.5,2026-09-12T07:06:00.308893+08:00,2939,93,0,14.44,36.80,22,0,7,0,43,0,15,0,4,0,1217,0.9102,9.5540,-1.1656,9.8709,1.8267,10.0385,,,,,,,,,,,,,,,0.62584,0.40648,0.38976,0.53961,68.5,-2.8,96.5,0,591,410.00,2026-09-12T07:03:57.331581+08:00,125917,86.0,35.0,DISCHARGING,2026-09-12T07:05:09.026581+08:00,54222,UNPAVED,0.50,2026-09-12T07:06:00.323651+08:00,2924,,,,638.3,4.8,GOOD
4616a89e-6aa7-461f-abf0-d8186b0aab26,2026-09-12T07:06:13.269817+08:00,2026-09-12T07:06:03.269817+08:00,10,10.3451582,123.8075254,2026-09-11T23:06:09Z,4981,5.5,6.8,308.68,0.39,0.89,198.5,75.1,2026-09-12T07:06:08.301217+08:00,4968,93,0,15.06,35.30,22,0,7,0,43,0,15,0,4,0,552,0.9738,9.5177,-1.1429,9.8739,1.7455,10.0270,,,,,,,,,,,,,,,0.62584,0.40648,0.38976,0.53961,68.5,-2.8,96.5,0,591,410.00,2026-09-12T07:03:57.331817+08:00,135938,85.0,35.0,DISCHARGING,2026-09-12T07:06:13.270817+08:00,-1,TRAIL,0.50,2026-09-12T07:06:08.315332+08:00,4954,,,,644.1,5.5,GOOD
4616a89e-6aa7-461f-abf0-d8186b0aab26,2026-09-12T07:06:45.257026+08:00,2026-09-12T07:06:35.257026+08:00,10,10.3450378,123.8073415,2026-09-11T23:06:41Z,4981,6.3,7.6,306.94,0.70,0.92,246.0,55.9,2026-09-12T07:06:40.333017+08:00,4924,93,0,14.84,35.40,22,0,7,0,43,0,15,0,4,0,1602,0.8732,9.5818,-0.9531,9.8989,1.6761,10.0398,,,,,,,,,,,,,,,0.62584,0.40648,0.38976,0.53961,68.5,-2.8,96.5,0,591,410.00,2026-09-12T07:03:57.331026+08:00,167926,85.0,35.0,DISCHARGING,2026-09-12T07:06:13.270026+08:00,31987,TRAIL,0.50,2026-09-12T07:06:40.347079+08:00,4909,,,,671.9,6.3,GOOD
4616a89e-6aa7-461f-abf0-d8186b0aab26,2026-09-12T07:07:13.077392+08:00,2026-09-12T07:07:03.077392+08:00,10,10.3451568,123.8072130,2026-09-11T23:07:13Z,789,5.1,5.5,322.10,0.32,0.89,281.8,80.8,2026-09-12T07:07:12.303397+08:00,774,52,0,19.06,40.10,13,0,8,0,19,0,8,0,2,0,1387,1.1220,9.5319,-1.0435,9.8253,1.4086,9.9258,,,,,,,,,,,,,,,0.62584,0.40648,0.38976,0.53961,68.5,-2.8,96.5,0,591,410.00,2026-09-12T07:03:57.331392+08:00,195746,85.0,35.0,DISCHARGING,2026-09-12T07:06:13.270392+08:00,59807,TRAIL,0.50,2026-09-12T07:07:12.314121+08:00,763,,,,696.6,5.1,GOOD
4616a89e-6aa7-461f-abf0-d8186b0aab26,2026-09-12T07:07:45.253685+08:00,2026-09-12T07:07:35.253685+08:00,10,10.3450809,123.8070492,2026-09-11T23:07:37Z,8966,5.6,6.3,319.57,0.61,0.88,243.4,60.0,2026-09-12T07:07:44.300606+08:00,950,93,0,13.90,34.80,21,0,8,0,43,0,15,0,4,0,1566,0.8544,9.5223,-1.2509,9.8731,1.8621,10.0472,,,,,,,,,,,,,,,0.62584,0.40648,0.38976,0.53961,68.5,-2.8,96.5,0,591,410.00,2026-09-12T07:03:57.333685+08:00,227920,85.0,35.0,DISCHARGING,2026-09-12T07:07:45.256685+08:00,-3,TRAIL,0.50,2026-09-12T07:07:12.314121+08:00,32939,,,,716.6,5.6,GOOD
4616a89e-6aa7-461f-abf0-d8186b0aab26,2026-09-12T07:08:07.770333+08:00,2026-09-12T07:07:57.770333+08:00,10,10.3450055,123.8070380,2026-09-11T23:08:02Z,6482,7.8,10.0,313.17,0.73,0.97,210.7,56.3,2026-09-12T07:08:07.294468+08:00,476,0,0,,,0,0,0,0,0,0,0,0,0,0,1172,0.3087,9.5997,-0.4265,9.7758,1.3050,9.8625,,,,,,,,,,,,,,,0.62584,0.40648,0.38976,0.53961,68.5,-2.8,96.5,0,591,410.00,2026-09-12T07:03:57.331333+08:00,250439,85.0,35.0,DISCHARGING,2026-09-12T07:07:45.254333+08:00,22516,TRAIL,0.50,2026-09-12T07:07:12.314121+08:00,55456,,,,727.7,7.8,GOOD
4616a89e-6aa7-461f-abf0-d8186b0aab26,2026-09-12T07:08:33.245218+08:00,2026-09-12T07:08:23.245218+08:00,10,10.3449074,123.8067960,2026-09-11T23:08:33Z,971,5.7,7.4,320.94,0.85,1.11,269.8,55.4,2026-09-12T07:08:32.317192+08:00,928,93,0,15.12,36.80,21,0,8,0,43,0,15,0,4,0,1227,0.8443,9.4598,-1.6239,9.9068,2.1979,10.1477,,,,,,,,,,,,,,,0.62584,0.40648,0.38976,0.53961,68.5,-2.8,96.5,0,591,410.00,2026-09-12T07:03:57.331218+08:00,275914,85.0,35.0,DISCHARGING,2026-09-12T07:07:45.254218+08:00,47991,UNPAVED,0.50,2026-09-12T07:08:24.317389+08:00,8927,,,,756.6,5.7,GOOD
4616a89e-6aa7-461f-abf0-d8186b0aab26,2026-09-12T07:08:54.502946+08:00,2026-09-12T07:08:44.502946+08:00,10,10.3449190,123.8067221,2026-09-11T23:08:49Z,6216,7.0,10.2,320.73,0.79,1.09,238.4,56.1,2026-09-12T07:08:54.296816+08:00,204,0,0,,,0,0,0,0,0,0,0,0,0,0,1111,1.2214,9.4384,-1.4288,9.8487,1.6975,9.9939,,,,,,,,,,,,,,,0.62584,0.40648,0.38976,0.53961,68.5,-2.8,96.5,0,591,410.00,2026-09-12T07:03:57.332946+08:00,297170,85.0,35.0,DISCHARGING,2026-09-12T07:08:54.504946+08:00,-2,UNPAVED,0.50,2026-09-12T07:08:48.347495+08:00,6155,,,,765.8,7.0,GOOD
4616a89e-6aa7-461f-abf0-d8186b0aab26,2026-09-12T07:09:06.487312+08:00,2026-09-12T07:08:56.487312+08:00,10,10.3448796,123.8066780,2026-09-11T23:09:05Z,2201,4.7,6.1,317.69,0.00,0.08,,,2026-09-12T07:09:04.294087+08:00,2193,93,0,13.56,34.80,21,0,8,0,43,0,15,0,4,0,589,0.0690,9.6523,0.8516,9.7342,0.3354,9.7399,,,,,,,,,,,,,,,0.62584,0.40648,0.38976,0.53961,68.5,-2.8,96.5,0,591,410.00,2026-09-12T07:03:57.331312+08:00,309156,85.0,35.0,DISCHARGING,2026-09-12T07:08:54.503312+08:00,11984,UNPAVED,0.50,2026-09-12T07:08:48.347495+08:00,18139,,,,773.0,4.7,GOOD
4616a89e-6aa7-461f-abf0-d8186b0aab26,2026-09-12T07:09:18.262035+08:00,2026-09-12T07:09:08.262035+08:00,10,10.3448715,123.8066703,2026-09-11T23:09:13Z,5976,5.9,7.3,318.19,0.45,0.87,246.8,69.8,2026-09-12T07:09:12.309934+08:00,5952,93,0,12.86,34.90,21,0,8,0,43,0,15,0,4,0,582,0.2376,9.5842,-0.6021,9.7857,1.1148,9.8490,,,,,,,,,,,,,,,0.62584,0.40648,0.38976,0.53961,68.5,-2.8,96.5,0,591,410.00,2026-09-12T07:03:57.331035+08:00,320931,85.0,35.0,DISCHARGING,2026-09-12T07:08:54.503035+08:00,23759,TRAIL,0.50,2026-09-12T07:09:12.324805+08:00,5937,,,,774.3,5.9,GOOD
4616a89e-6aa7-461f-abf0-d8186b0aab26,2026-09-12T07:09:45.188166+08:00,2026-09-12T07:09:35.188166+08:00,10,10.3447604,123.8066871,2026-09-11T23:09:45Z,901,9.3,10.9,318.51,0.84,1.68,126.2,74.5,2026-09-12T07:09:44.295787+08:00,892,95,0,13.04,34.80,21,0,8,0,43,0,17,0,4,0,1359,0.6261,9.5282,-1.2809,9.8060,1.7970,9.9693,,,,,,,,,,,,,,,0.62584,0.40648,0.38976,0.53961,68.5,-2.8,96.5,0,591,410.00,2026-09-12T07:03:57.331166+08:00,347857,85.0,35.0,DISCHARGING,2026-09-12T07:08:54.503166+08:00,50685,UNPAVED,0.50,2026-09-12T07:09:20.344543+08:00,24843,,,,789.7,9.3,GOOD
4616a89e-6aa7-461f-abf0-d8186b0aab26,2026-09-12T07:10:00.658387+08:00,2026-09-12T07:09:50.658387+08:00,10,10.3447408,123.8067869,2026-09-11T23:10:01Z,371,5.3,7.4,328.75,0.66,0.86,132.5,56.2,2026-09-12T07:10:00.302728+08:00,354,94,0,15.15,35.40,21,0,8,0,42,0,17,0,4,0,776,0.6079,9.4230,-1.9250,9.8333,2.0748,10.0498,,,,,,,,,,,,,,,0.62584,0.40648,0.38976,0.53961,68.5,-2.8,96.5,0,591,410.00,2026-09-12T07:03:57.332387+08:00,363326,85.0,35.0,DISCHARGING,2026-09-12T07:10:00.659387+08:00,-1,TRAIL,0.50,2026-09-12T07:10:00.319964+08:00,338,,,,801.8,5.3,GOOD
4616a89e-6aa7-461f-abf0-d8186b0aab26,2026-09-12T07:10:10.665519+08:00,2026-09-12T07:10:00.665519+08:00,10,10.3446697,123.8068290,2026-09-11T23:10:09Z,2379,4.8,6.4,328.71,0.62,0.88,149.0,59.6,2026-09-12T07:10:08.298135+08:00,2367,94,0,15.10,36.80,21,0,8,0,42,0,17,0,4,0,502,0.9227,9.2966,-2.1058,9.8078,1.8110,9.9736,,,,,,,,,,,,,,,0.62584,0.40648,0.38976,0.53961,68.5,-2.8,96.5,0,591,410.00,2026-09-12T07:03:57.331519+08:00,373334,85.0,35.0,DISCHARGING,2026-09-12T07:10:00.658519+08:00,10007,TRAIL,0.50,2026-09-12T07:10:00.319964+08:00,10345,,,,811.0,4.8,GOOD
4616a89e-6aa7-461f-abf0-d8186b0aab26,2026-09-12T07:10:24.159558+08:00,2026-09-12T07:10:14.159558+08:00,10,10.3446219,123.8068388,2026-09-11T23:10:17Z,7873,4.3,5.0,328.82,0.00,0.08,,,2026-09-12T07:10:23.29408+08:00,865,0,0,,,0,0,0,0,0,0,0,0,0,0,676,0.6369,9.4624,-1.7056,9.8231,1.3902,9.9210,,,,,,,,,,,,,,,0.62584,0.40648,0.38976,0.53961,68.5,-2.8,96.5,0,591,410.00,2026-09-12T07:03:57.331558+08:00,386828,85.0,35.0,DISCHARGING,2026-09-12T07:10:00.658558+08:00,23501,TRAIL,0.50,2026-09-12T07:10:00.319964+08:00,23839,,,,816.4,4.3,GOOD
4616a89e-6aa7-461f-abf0-d8186b0aab26,2026-09-12T07:10:39.923297+08:00,2026-09-12T07:10:29.923297+08:00,10,10.3446810,123.8068940,2026-09-11T23:10:33Z,7636,6.4,7.5,338.26,0.00,0.08,,,2026-09-12T07:10:39.300823+08:00,622,0,0,,,0,0,0,0,0,0,0,0,0,0,788,0.1641,9.6260,-0.2822,9.7654,0.9988,9.8163,,,,,,,,,,,,,,,0.62584,0.40648,0.38976,0.53961,68.5,-2.8,96.5,0,591,410.00,2026-09-12T07:03:57.331297+08:00,402592,85.0,35.0,DISCHARGING,2026-09-12T07:10:00.658297+08:00,39265,UNPAVED,0.50,2026-09-12T07:10:24.315068+08:00,15608,,,,827.6,6.4,GOOD
4616a89e-6aa7-461f-abf0-d8186b0aab26,2026-09-12T07:11:00.779651+08:00,2026-09-12T07:10:50.779651+08:00,10,10.3446389,123.8069980,2026-09-11T23:10:57Z,4492,4.6,5.3,334.10,0.84,0.85,120.2,47.8,2026-09-12T07:10:56.295313+08:00,4482,95,0,16.12,34.80,21,0,8,0,43,0,17,0,4,0,1048,0.5822,9.5049,-1.5360,9.8605,1.5909,9.9880,,,,,,,,,,,,,,,0.62584,0.40648,0.38976,0.53961,68.5,-2.8,96.5,0,591,410.00,2026-09-12T07:03:57.333651+08:00,423446,84.0,36.0,DISCHARGING,2026-09-12T07:11:00.782651+08:00,-3,UNPAVED,0.50,2026-09-12T07:10:56.309766+08:00,4469,,,,843.1,4.6,GOOD
4616a89e-6aa7-461f-abf0-d8186b0aab26,2026-09-12T07:11:32.263906+08:00,2026-09-12T07:11:22.263906+08:00,10,10.3446705,123.8070133,2026-09-11T23:11:29Z,3977,3.9,4.1,338.67,0.00,0.02,,,2026-09-12T07:11:28.320021+08:00,3944,94,0,16.78,39.00,21,0,8,0,43,0,17,0,3,0,1526,-0.1359,8.0606,-3.3228,9.7638,1.0075,9.8156,,,,,,,,,,,,,,,0.62584,0.40648,0.38976,0.53961,68.5,-2.8,96.5,0,591,410.00,2026-09-12T07:03:57.330906+08:00,454933,84.0,36.0,DISCHARGING,2026-09-12T07:11:00.779906+08:00,31484,UNPAVED,0.50,2026-09-12T07:10:56.309766+08:00,35954,,,,856.7,3.9,GOOD
4616a89e-6aa7-461f-abf0-d8186b0aab26,2026-09-12T07:11:58.318844+08:00,2026-09-12T07:11:48.318844+08:00,10,10.3446440,123.8070340,2026-09-11T23:11:53Z,6032,5.3,6.4,335.91,0.64,0.87,124.1,57.7,2026-09-12T07:11:58.296517+08:00,22,0,0,,,0,0,0,0,0,0,0,0,0,0,1352,0.1219,8.1506,-2.6688,9.8291,1.3606,9.9228,,,,,,,,,,,,,,,0.62584,0.40648,0.38976,0.53961,68.5,-2.8,96.5,0,591,410.00,2026-09-12T07:03:57.330844+08:00,480988,84.0,36.0,DISCHARGING,2026-09-12T07:11:00.779844+08:00,57539,TRAIL,0.50,2026-09-12T07:11:53.275653+08:00,5043,,,,862.1,5.3,GOOD
4616a89e-6aa7-461f-abf0-d8186b0aab26,2026-09-12T07:12:24.661837+08:00,2026-09-12T07:12:14.661837+08:00,10,10.3446717,123.8072713,2026-09-11T23:12:25Z,374,4.4,4.9,336.58,0.00,0.08,,,2026-09-12T07:12:24.295609+08:00,364,95,0,17.99,39.60,21,0,8,0,43,0,17,0,4,0,1309,0.9260,9.5351,-1.0458,9.9251,1.8339,10.0932,,,,,,,,,,,,,,,0.62584,0.40648,0.38976,0.53961,68.5,-2.8,96.5,0,591,410.00,2026-09-12T07:03:57.332837+08:00,507329,84.0,36.0,DISCHARGING,2026-09-12T07:12:24.663837+08:00,-2,UNPAVED,0.50,2026-09-12T07:12:00.312723+08:00,24349,,,,895.0,4.4,GOOD
4616a89e-6aa7-461f-abf0-d8186b0aab26,2026-09-12T07:12:54.269956+08:00,2026-09-12T07:12:44.269956+08:00,10,10.3446646,123.8072650,2026-09-11T23:12:49Z,5983,3.8,3.8,338.48,0.00,0.04,,,2026-09-12T07:12:48.324898+08:00,5945,95,0,16.26,35.20,21,0,8,0,43,0,17,0,4,0,1446,0.7165,8.2394,-3.0932,9.7492,0.6613,9.7716,,,,,,,,,,,,,,,0.62584,0.40648,0.38976,0.53961,68.5,-2.8,96.5,0,591,410.00,2026-09-12T07:03:57.330956+08:00,536939,84.0,36.0,DISCHARGING,2026-09-12T07:12:24.661956+08:00,29608,UNPAVED,0.50,2026-09-12T07:12:00.312723+08:00,53957,,,,898.1,3.8,GOOD
4616a89e-6aa7-461f-abf0-d8186b0aab26,2026-09-12T07:13:25.266217+08:00,2026-09-12T07:13:15.266217+08:00,10,10.3446618,123.8072712,2026-09-11T23:13:21Z,4979,4.0,5.0,335.47,0.00,0.07,,,2026-09-12T07:13:20.298919+08:00,4965,95,0,14.42,38.00,21,0,8,0,43,0,17,0,4,0,1545,0.9776,5.7274,-6.7905,9.7622,1.0029,9.8136,,,,,,,,,,,,,,,0.62584,0.40648,0.38976,0.53961,68.5,-2.8,96.5,0,591,410.00,2026-09-12T07:03:57.333217+08:00,567933,84.0,36.0,DISCHARGING,2026-09-12T07:13:25.268217+08:00,-2,UNPAVED,0.50,2026-09-12T07:12:00.312723+08:00,84953,,,,901.0,4.0,GOOD
4616a89e-6aa7-461f-abf0-d8186b0aab26,2026-09-12T07:13:51.250325+08:00,2026-09-12T07:13:41.250325+08:00,10,10.3446738,123.8072680,2026-09-11T23:13:45Z,6964,4.9,5.8,334.60,0.00,0.08,,,2026-09-12T07:13:50.293703+08:00,956,0,0,,,0,0,0,0,0,0,0,0,0,0,1350,1.5134,6.9273,-3.3379,9.8219,1.4084,9.9223,,,,,,,,,,,,,,,0.62584,0.40648,0.38976,0.53961,68.5,-2.8,96.5,0,591,410.00,2026-09-12T07:03:57.331325+08:00,593919,84.0,36.0,DISCHARGING,2026-09-12T07:13:25.266325+08:00,25984,TRAIL,0.50,2026-09-12T07:13:36.319891+08:00,14930,,,,904.9,4.9,GOOD
4616a89e-6aa7-461f-abf0-d8186b0aab26,2026-09-12T07:14:15.55358+08:00,2026-09-12T07:14:05.55358+08:00,10,10.3445499,123.8072636,2026-09-11T23:14:09Z,7267,5.1,6.3,331.52,0.46,1.03,205.9,73.6,2026-09-12T07:14:15.29352+08:00,259,0,0,,,0,0,0,0,0,0,0,0,0,0,1211,0.4496,8.3613,-2.6497,9.9653,2.1802,10.2010,,,,,,,,,,,,,,,0.62584,0.40648,0.38976,0.53961,68.5,-2.8,96.5,0,591,410.00,2026-09-12T07:03:57.33158+08:00,618222,84.0,36.0,DISCHARGING,2026-09-12T07:13:25.26658+08:00,50287,TRAIL,0.50,2026-09-12T07:14:08.313201+08:00,7240,,,,919.0,5.1,GOOD
4616a89e-6aa7-461f-abf0-d8186b0aab26,2026-09-12T07:14:47.22623+08:00,2026-09-12T07:14:37.22623+08:00,10,10.3444968,123.8074288,2026-09-11T23:14:41Z,6940,4.9,6.6,340.68,0.00,0.01,,,2026-09-12T07:14:46.310387+08:00,914,0,0,,,0,0,0,0,0,0,0,0,0,0,1581,0.5410,9.4459,-1.3080,9.8255,1.4267,9.9285,,,,,,,,,,,,,,,0.62584,0.40648,0.38976,0.53961,68.5,-2.8,96.5,0,591,410.00,2026-09-12T07:03:57.33323+08:00,649893,84.0,36.0,DISCHARGING,2026-09-12T07:14:47.22823+08:00,-2,TRAIL,0.50,2026-09-12T07:14:32.311571+08:00,14914,,,,942.0,4.9,GOOD
4616a89e-6aa7-461f-abf0-d8186b0aab26,2026-09-12T07:15:17.386712+08:00,2026-09-12T07:15:07.386712+08:00,10,10.3445176,123.8073836,2026-09-11T23:15:13Z,5100,3.8,3.7,342.37,0.49,0.86,13.2,67.1,2026-09-12T07:15:12.295651+08:00,5090,95,0,17.09,37.00,21,0,8,0,43,0,17,0,4,0,1506,0.7257,9.5757,-0.9911,9.7666,1.0591,9.8238,,,,,,,,,,,,,,,0.62584,0.40648,0.38976,0.53961,68.5,-2.8,96.5,0,591,410.00,2026-09-12T07:03:57.331712+08:00,680055,84.0,36.0,DISCHARGING,2026-09-12T07:14:47.226712+08:00,30160,TRAIL,0.50,2026-09-12T07:14:32.311571+08:00,45075,,,,950.4,3.8,GOOD
4616a89e-6aa7-461f-abf0-d8186b0aab26,2026-09-12T07:15:49.268578+08:00,2026-09-12T07:15:39.268578+08:00,10,10.3444409,123.8074861,2026-09-11T23:15:45Z,4981,4.2,5.5,346.10,0.72,0.86,184.6,53.7,2026-09-12T07:15:44.298239+08:00,4963,95,0,15.05,33.20,21,0,8,0,43,0,17,0,4,0,1590,0.5458,9.3316,-2.1966,9.8050,1.7374,9.9578,,,,,,,,,,,,,,,0.62584,0.40648,0.38976,0.53961,68.5,-2.8,96.5,0,591,410.00,2026-09-12T07:03:57.338578+08:00,711930,84.0,36.0,DISCHARGING,2026-09-12T07:15:49.275578+08:00,-7,TRAIL,0.50,2026-09-12T07:15:44.311421+08:00,4957,,,,973.6,4.2,GOOD
4616a89e-6aa7-461f-abf0-d8186b0aab26,2026-09-12T07:16:13.041499+08:00,2026-09-12T07:16:03.041499+08:00,10,10.3442928,123.8073954,2026-09-11T23:16:09Z,4755,4.8,6.8,343.47,0.00,0.90,,,2026-09-12T07:16:08.297759+08:00,4743,95,0,14.84,34.50,21,0,8,0,43,0,17,0,4,0,1196,0.6001,9.4726,-1.6131,9.8261,1.8827,10.0049,,,,,,,,,,,,,,,0.62584,0.40648,0.38976,0.53961,68.5,-2.8,96.5,0,591,410.00,2026-09-12T07:03:57.331499+08:00,735710,84.0,36.0,DISCHARGING,2026-09-12T07:15:49.268499+08:00,23773,TRAIL,0.50,2026-09-12T07:15:44.311421+08:00,28730,,,,995.4,4.8,GOOD
4616a89e-6aa7-461f-abf0-d8186b0aab26,2026-09-12T07:16:32.530344+08:00,2026-09-12T07:16:22.530344+08:00,10,10.3444224,123.8075354,2026-09-11T23:16:33Z,243,6.7,8.1,337.81,0.52,1.16,105.9,75.4,2026-09-12T07:16:32.300251+08:00,230,95,0,13.76,34.00,21,0,8,0,43,0,17,0,4,0,977,0.2287,9.5567,-1.4435,9.9467,2.6757,10.3003,,,,,,,,,,,,,,,0.62584,0.40648,0.38976,0.53961,68.5,-2.8,96.5,0,591,410.00,2026-09-12T07:03:57.331344+08:00,755199,84.0,36.0,DISCHARGING,2026-09-12T07:15:49.268344+08:00,43262,TRAIL,0.50,2026-09-12T07:16:24.315867+08:00,8214,,,,1019.3,6.7,GOOD
4616a89e-6aa7-461f-abf0-d8186b0aab26,2026-09-12T07:16:56.327375+08:00,2026-09-12T07:16:46.327375+08:00,10,10.3443283,123.8075981,2026-09-11T23:16:49Z,8040,6.2,7.5,353.76,1.46,1.21,53.8,42.4,2026-09-12T07:16:55.304062+08:00,1022,0,0,,,0,0,0,0,0,0,0,0,0,0,1189,0.5549,9.3229,-2.2999,9.8648,2.2225,10.1121,,,,,,,,,,,,,,,0.62584,0.40648,0.38976,0.53961,68.5,-2.8,96.5,0,591,410.00,2026-09-12T07:03:57.332375+08:00,778995,83.0,36.0,DISCHARGING,2026-09-12T07:16:56.328375+08:00,-1,CONCRETE,0.50,2026-09-12T07:16:48.321087+08:00,8006,,,,1032.3,6.2,GOOD
4616a89e-6aa7-461f-abf0-d8186b0aab26,2026-09-12T07:17:10.852382+08:00,2026-09-12T07:17:00.852382+08:00,10,10.3442201,123.8077153,2026-09-11T23:17:05Z,6565,5.0,6.0,355.08,0.97,0.85,141.2,43.1,2026-09-12T07:17:10.300984+08:00,551,0,0,,,0,0,0,0,0,0,0,0,0,0,722,0.8758,9.3942,-1.9549,9.9426,2.0105,10.1439,,,,,,,,,,,,,,,0.62584,0.40648,0.38976,0.53961,68.5,-2.8,96.5,0,591,410.00,2026-09-12T07:03:57.331382+08:00,793521,83.0,36.0,DISCHARGING,2026-09-12T07:16:56.327382+08:00,14525,UNPAVED,0.50,2026-09-12T07:16:56.34299+08:00,14509,,,,1052.9,5.0,GOOD
4616a89e-6aa7-461f-abf0-d8186b0aab26,2026-09-12T07:17:29.271373+08:00,2026-09-12T07:17:19.271373+08:00,10,10.3440318,123.8078308,2026-09-11T23:17:29Z,985,8.0,9.4,350.40,0.81,0.90,141.6,50.6,2026-09-12T07:17:28.293165+08:00,978,95,0,12.47,37.60,21,0,8,0,43,0,17,0,4,0,928,0.6094,9.5063,-1.5831,9.9572,2.0825,10.1727,,,,,,,,,,,,,,,0.62584,0.40648,0.38976,0.53961,68.5,-2.8,96.5,0,591,410.00,2026-09-12T07:03:57.331373+08:00,811940,83.0,36.0,DISCHARGING,2026-09-12T07:16:56.327373+08:00,32944,UNPAVED,0.50,2026-09-12T07:16:56.34299+08:00,32928,,,,1080.0,8.0,GOOD
4616a89e-6aa7-461f-abf0-d8186b0aab26,2026-09-12T07:18:01.951178+08:00,2026-09-12T07:17:51.951178+08:00,10,10.3439562,123.8080994,2026-09-11T23:18:02Z,665,6.8,8.9,364.36,0.59,0.93,72.8,62.1,2026-09-12T07:18:01.295566+08:00,654,95,0,12.36,38.00,21,0,8,0,43,0,17,0,4,0,1623,0.6875,9.5790,-1.0568,9.9739,2.0233,10.1771,,,,,,,,,,,,,,,0.62584,0.40648,0.38976,0.53961,68.5,-2.8,96.5,0,591,410.00,2026-09-12T07:03:57.332178+08:00,844619,83.0,36.0,DISCHARGING,2026-09-12T07:18:01.952178+08:00,-1,TRAIL,0.50,2026-09-12T07:18:01.310152+08:00,641,,,,1114.4,6.8,GOOD
4616a89e-6aa7-461f-abf0-d8186b0aab26,2026-09-12T07:18:16.6367+08:00,2026-09-12T07:18:06.6367+08:00,10,10.3439580,123.8081101,2026-09-11T23:18:17Z,350,6.4,7.7,362.39,1.44,1.06,129.1,35.6,2026-09-12T07:18:16.304759+08:00,332,95,0,13.89,34.40,21,0,8,0,43,0,17,0,4,0,740,0.4682,9.5734,-0.4931,9.7711,1.3136,9.8590,,,,,,,,,,,,,,,0.62584,0.40648,0.38976,0.53961,68.5,-2.8,96.5,0,591,410.00,2026-09-12T07:03:57.3307+08:00,859306,83.0,36.0,DISCHARGING,2026-09-12T07:18:01.9507+08:00,14686,CONCRETE,0.50,2026-09-12T07:18:16.318061+08:00,318,,,,1121.2,6.4,GOOD
4616a89e-6aa7-461f-abf0-d8186b0aab26,2026-09-12T07:18:37.226295+08:00,2026-09-12T07:18:27.226295+08:00,10,10.3439215,123.8082601,2026-09-11T23:18:33Z,4941,6.2,7.5,356.54,0.77,0.94,79.4,54.0,2026-09-12T07:18:32.334781+08:00,4891,95,0,14.48,35.30,21,0,8,0,43,0,17,0,4,0,1026,0.3100,9.2434,-2.5807,9.8335,1.9997,10.0348,,,,,,,,,,,,,,,0.62584,0.40648,0.38976,0.53961,68.5,-2.8,96.5,0,591,410.00,2026-09-12T07:03:57.331295+08:00,879895,83.0,36.0,DISCHARGING,2026-09-12T07:18:01.951295+08:00,35275,UNPAVED,0.50,2026-09-12T07:18:32.365226+08:00,4861,,,,1138.9,6.2,GOOD
4616a89e-6aa7-461f-abf0-d8186b0aab26,2026-09-12T07:18:47.23299+08:00,2026-09-12T07:18:37.23299+08:00,10,10.3439580,123.8083021,2026-09-11T23:18:41Z,6947,5.2,6.6,357.57,0.55,0.88,34.5,63.6,2026-09-12T07:18:46.292268+08:00,941,0,0,,,0,0,0,0,0,0,0,0,0,0,502,0.4931,9.0691,-3.0686,9.8119,2.0247,10.0186,,,,,,,,,,,,,,,0.62584,0.40648,0.38976,0.53961,68.5,-2.8,96.5,0,591,410.00,2026-09-12T07:03:57.33099+08:00,889902,83.0,36.0,DISCHARGING,2026-09-12T07:18:01.95099+08:00,45282,TRAIL,0.50,2026-09-12T07:18:40.310715+08:00,6922,,,,1145.1,5.2,GOOD
4616a89e-6aa7-461f-abf0-d8186b0aab26,2026-09-12T07:18:57.239277+08:00,2026-09-12T07:18:47.239277+08:00,10,10.3440614,123.8083270,2026-09-11T23:18:57Z,953,5.3,6.1,359.76,0.61,0.87,39.6,59.5,2026-09-12T07:18:56.292757+08:00,946,95,0,14.23,36.90,21,0,8,0,43,0,17,0,4,0,502,0.6877,9.1203,-3.0349,9.8337,2.1333,10.0624,,,,,,,,,,,,,,,0.62584,0.40648,0.38976,0.53961,68.5,-2.8,96.5,0,591,410.00,2026-09-12T07:03:57.331277+08:00,899908,83.0,36.0,DISCHARGING,2026-09-12T07:18:01.951277+08:00,55288,TRAIL,0.50,2026-09-12T07:18:40.310715+08:00,16928,,,,1157.6,5.3,GOOD
4616a89e-6aa7-461f-abf0-d8186b0aab26,2026-09-12T07:19:07.245205+08:00,2026-09-12T07:18:57.245205+08:00,10,10.3440597,123.8083582,2026-09-11T23:19:05Z,2959,10.1,9.9,358.75,0.69,0.92,16.8,57.0,2026-09-12T07:19:04.295416+08:00,2949,95,0,14.29,37.30,21,0,8,0,43,0,17,0,4,0,514,0.8450,8.7884,0.0029,9.9191,1.8306,10.0866,10,0.2712,-0.6152,0.1850,0.9842,0.9760,1.3861,12,0.1144,-0.1148,-0.0808,0.3276,0.0966,0.3415,0.36231,-0.24001,-0.45553,0.77693,-62.0,-2.5,51.5,2,593,794.00,2026-09-12T07:19:06.727205+08:00,518,83.0,36.0,DISCHARGING,2026-09-12T07:19:07.246205+08:00,-1,TRAIL,0.50,2026-09-12T07:18:40.310715+08:00,26934,,,,1161.0,10.1,GOOD
4616a89e-6aa7-461f-abf0-d8186b0aab26,2026-09-12T07:19:17.247324+08:00,2026-09-12T07:19:07.247324+08:00,10,10.3440616,123.8083721,2026-09-11T23:19:13Z,4962,6.9,7.1,357.68,0.48,0.85,20.2,67.5,2026-09-12T07:19:12.293498+08:00,4954,95,0,15.18,39.40,21,0,8,0,43,0,17,0,4,0,502,-0.0414,7.3750,5.8726,9.8408,1.1402,9.9066,201,0.0433,-0.1503,0.0647,1.4947,1.1206,1.8681,200,0.1343,0.1961,0.0609,0.7513,1.4021,1.5907,0.85722,0.07794,0.36720,0.35251,28.7,-35.1,126.1,10,603,145.00,2026-09-12T07:19:17.187324+08:00,60,83.0,36.0,DISCHARGING,2026-09-12T07:19:07.245324+08:00,10002,TRAIL,0.50,2026-09-12T07:18:40.310715+08:00,36936,,,,1162.6,6.9,GOOD
4616a89e-6aa7-461f-abf0-d8186b0aab26,2026-09-12T07:19:27.256438+08:00,2026-09-12T07:19:17.256438+08:00,10,10.3440964,123.8083764,2026-09-11T23:19:21Z,6971,7.3,7.3,364.75,0.71,1.03,18.5,60.2,2026-09-12T07:19:26.292406+08:00,964,0,0,,,0,0,0,0,0,0,0,0,0,0,502,1.0253,9.1734,-1.7404,9.9220,2.2475,10.1733,201,0.0853,-0.1327,-0.0914,2.4706,1.2555,2.7713,201,0.0274,0.1073,-0.0937,0.7233,0.4916,0.8745,0.42291,0.60051,0.58987,0.33553,114.8,-5.5,94.5,12,615,46.00,2026-09-12T07:19:25.201438+08:00,2055,83.0,36.0,DISCHARGING,2026-09-12T07:19:07.245438+08:00,20011,TRAIL,0.50,2026-09-12T07:18:40.310715+08:00,46945,,,,1166.5,7.3,GOOD
4616a89e-6aa7-461f-abf0-d8186b0aab26,2026-09-12T07:19:37.263852+08:00,2026-09-12T07:19:27.263852+08:00,10,10.3441727,123.8083708,2026-09-11T23:19:37Z,978,4.3,4.9,361.16,0.00,0.03,,,2026-09-12T07:19:36.299947+08:00,964,95,0,14.34,39.50,21,0,8,0,43,0,17,0,4,0,502,0.4083,9.6212,-0.8277,9.7772,0.9973,9.8280,201,0.0458,-0.0015,-0.0854,1.1742,0.8932,1.4753,201,-0.0043,0.1901,-0.0303,0.4091,0.3514,0.5393,0.38330,-0.58180,-0.57829,0.42447,-110.3,-2.9,88.3,10,625,444.00,2026-09-12T07:19:32.200852+08:00,5063,83.0,36.0,DISCHARGING,2026-09-12T07:19:07.244852+08:00,30019,TRAIL,0.50,2026-09-12T07:18:40.310715+08:00,56953,,,,1178.1,4.3,GOOD
4616a89e-6aa7-461f-abf0-d8186b0aab26,2026-09-12T07:19:50.589962+08:00,2026-09-12T07:19:40.589962+08:00,10,10.3441507,123.8083721,2026-09-11T23:19:45Z,6304,4.2,4.4,360.74,0.00,0.08,,,2026-09-12T07:19:50.292649+08:00,297,0,0,,,0,0,0,0,0,0,0,0,0,0,668,0.6220,9.6305,-0.7791,9.7291,0.4511,9.7395,267,-0.0043,0.0104,-0.0373,0.6120,0.5274,0.8079,263,0.0126,-0.0715,0.0048,0.2900,0.2036,0.3543,0.07758,-0.75963,-0.64132,0.07516,-167.6,-0.8,99.6,0,625,318.00,2026-09-12T07:19:49.605962+08:00,984,83.0,36.0,DISCHARGING,2026-09-12T07:19:07.244962+08:00,43345,TRAIL,0.50,2026-09-12T07:18:40.310715+08:00,70279,,,,1180.5,4.2,GOOD
4616a89e-6aa7-461f-abf0-d8186b0aab26,2026-09-12T07:20:00.596647+08:00,2026-09-12T07:19:50.596647+08:00,10,10.3441740,123.8083768,2026-09-11T23:20:01Z,311,5.3,5.8,363.39,0.00,0.01,,,2026-09-12T07:20:00.295277+08:00,302,95,0,14.32,40.80,21,0,8,0,43,0,17,0,4,0,502,0.2984,9.4760,-1.5080,9.7971,1.3555,9.8904,201,0.0420,-0.0621,-0.1598,1.6109,1.0322,1.9132,201,-0.0120,-0.0487,0.0220,0.6058,0.3628,0.7061,-0.07436,-0.74905,-0.65795,0.02207,175.2,-7.5,97.7,5,630,154.00,2026-09-12T07:20:00.400647+08:00,196,83.0,36.0,DISCHARGING,2026-09-12T07:19:07.244647+08:00,53352,TRAIL,0.50,2026-09-12T07:18:40.310715+08:00,80285,,,,1185.2,5.3,GOOD
4616a89e-6aa7-461f-abf0-d8186b0aab26,2026-09-12T07:20:10.605893+08:00,2026-09-12T07:20:00.605893+08:00,10,10.3441949,123.8083868,2026-09-11T23:20:09Z,2321,6.5,7.9,357.93,0.64,0.87,33.0,58.1,2026-09-12T07:20:08.295455+08:00,2309,95,0,15.13,40.60,21,0,8,0,43,0,17,0,4,0,502,0.6836,9.4824,-1.6236,9.8567,1.8981,10.0378,201,0.0038,-0.0236,-0.0346,2.1117,1.2250,2.4413,201,0.0080,-0.0086,-0.0001,0.4555,0.1858,0.4919,-0.05638,-0.75598,-0.65215,0.00490,175.5,-4.6,98.6,10,640,514.00,2026-09-12T07:20:10.002893+08:00,603,83.0,36.0,DISCHARGING,2026-09-12T07:20:10.607893+08:00,-2,TRAIL,0.50,2026-09-12T07:18:40.310715+08:00,90295,,,,1187.8,6.5,GOOD
4616a89e-6aa7-461f-abf0-d8186b0aab26,2026-09-12T07:20:20.615303+08:00,2026-09-12T07:20:10.615303+08:00,10,10.3442449,123.8084175,2026-09-11T23:20:17Z,4329,5.0,6.3,364.02,0.78,0.87,16.6,50.7,2026-09-12T07:20:16.293468+08:00,4322,95,0,15.49,39.80,21,0,8,0,43,0,17,0,4,0,502,0.4221,9.4126,-1.8218,9.8128,1.8253,9.9811,201,-0.0090,-0.0568,-0.0410,2.0506,1.0995,2.3268,201,-0.0009,-0.0176,0.0085,0.4808,0.2147,0.5266,0.14562,0.74238,0.64851,0.08425,161.0,-3.7,98.3,15,655,259.00,2026-09-12T07:20:18.401303+08:00,2214,83.0,36.0,DISCHARGING,2026-09-12T07:20:10.606303+08:00,10009,TRAIL,0.50,2026-09-12T07:18:40.310715+08:00,100304,,,,1194.2,5.0,GOOD
4616a89e-6aa7-461f-abf0-d8186b0aab26,2026-09-12T07:20:30.627636+08:00,2026-09-12T07:20:20.627636+08:00,10,10.3443167,123.8084341,2026-09-11T23:20:25Z,6342,4.5,5.6,364.20,0.86,1.02,20.6,52.6,2026-09-12T07:20:30.293372+08:00,335,0,0,,,0,0,0,0,0,0,0,0,0,0,501,0.8993,9.3014,-2.0664,9.8024,2.0580,10.0161,201,0.0094,-0.0758,-0.0133,2.3393,1.1355,2.6004,201,0.0044,-0.0092,0.0033,0.4990,0.2321,0.5504,0.18584,0.73261,0.64664,0.10301,156.0,-5.1,98.2,13,668,1214.00,2026-09-12T07:20:30.400636+08:00,227,83.0,36.0,DISCHARGING,2026-09-12T07:20:10.605636+08:00,20022,TRAIL,0.50,2026-09-12T07:18:40.310715+08:00,110316,,,,1202.4,4.5,GOOD
4616a89e-6aa7-461f-abf0-d8186b0aab26,2026-09-12T07:20:40.631993+08:00,2026-09-12T07:20:30.631993+08:00,10,10.3443797,123.8084392,2026-09-11T23:20:41Z,346,3.9,3.9,368.89,0.00,0.34,,,2026-09-12T07:20:40.292538+08:00,339,93,0,17.97,39.00,21,0,7,0,43,0,17,0,3,0,504,0.8475,9.4732,-1.6187,9.8320,1.6742,9.9736,201,0.0110,-0.0207,-0.1084,1.8749,1.1666,2.2082,201,0.0077,0.1304,-0.0189,0.4574,0.2072,0.5022,0.31895,-0.66922,-0.59342,0.31348,-126.9,-2.4,95.7,13,681,515.00,2026-09-12T07:20:40.600993+08:00,31,83.0,36.0,DISCHARGING,2026-09-12T07:20:10.605993+08:00,30026,TRAIL,0.50,2026-09-12T07:18:40.310715+08:00,120321,,,,1210.3,3.9,GOOD
4616a89e-6aa7-461f-abf0-d8186b0aab26,2026-09-12T07:20:52.265628+08:00,2026-09-12T07:20:42.265628+08:00,10,10.3443569,123.8084284,2026-09-11T23:20:49Z,3980,5.2,4.7,366.52,0.00,0.09,,,2026-09-12T07:20:48.297408+08:00,3969,94,0,17.74,39.90,21,0,7,0,43,0,17,0,4,0,549,0.1891,9.6406,-0.1115,9.7304,0.6444,9.7517,219,-0.0262,-0.0199,-0.1378,0.8075,0.7236,1.0843,219,-0.0133,0.0843,0.0039,0.3500,0.2774,0.4466,0.50474,-0.47945,-0.44796,0.56097,-82.0,-4.9,88.2,3,684,970.00,2026-09-12T07:20:50.800628+08:00,1465,83.0,36.0,DISCHARGING,2026-09-12T07:20:10.605628+08:00,41660,TRAIL,0.50,2026-09-12T07:18:40.310715+08:00,131954,,,,1213.1,5.2,GOOD
4616a89e-6aa7-461f-abf0-d8186b0aab26,2026-09-12T07:21:04.744769+08:00,2026-09-12T07:20:54.744769+08:00,10,10.3443460,123.8084284,2026-09-11T23:21:05Z,459,6.2,5.6,366.31,0.00,0.09,,,2026-09-12T07:21:04.297665+08:00,447,94,0,17.11,38.10,21,0,7,0,43,0,17,0,4,0,654,0.6127,9.6363,-0.4412,9.7315,0.6253,9.7516,261,0.0274,-0.0087,-0.0787,0.7636,0.4746,0.8991,260,-0.0055,-0.0154,-0.0071,0.2808,0.1607,0.3235,0.46385,-0.49977,-0.52874,0.50547,-93.4,-0.8,86.0,0,684,673.00,2026-09-12T07:21:04.600769+08:00,144,83.0,36.0,DISCHARGING,2026-09-12T07:20:10.605769+08:00,54139,TRAIL,0.50,2026-09-12T07:18:40.310715+08:00,144434,,,,1214.4,6.2,GOOD
4616a89e-6aa7-461f-abf0-d8186b0aab26,2026-09-12T07:21:14.754352+08:00,2026-09-12T07:21:04.754352+08:00,10,10.3443497,123.8084261,2026-09-11T23:21:13Z,2469,6.3,6.1,366.76,0.00,0.08,,,2026-09-12T07:21:12.294944+08:00,2458,94,0,16.32,36.00,21,0,7,0,43,0,17,0,4,0,506,0.2392,9.6477,0.7307,9.7241,0.4508,9.7345,201,0.0035,-0.0183,0.0096,0.4805,0.5987,0.7677,201,-0.0010,0.0065,-0.0016,0.1534,0.1603,0.2218,0.57580,-0.35843,-0.39161,0.62180,-64.1,0.3,85.4,0,684,748.00,2026-09-12T07:21:13.803352+08:00,951,82.0,36.0,DISCHARGING,2026-09-12T07:21:14.755352+08:00,-1,TRAIL,0.50,2026-09-12T07:18:40.310715+08:00,154443,,,,1214.9,6.3,GOOD
4616a89e-6aa7-461f-abf0-d8186b0aab26,2026-09-12T07:21:24.760662+08:00,2026-09-12T07:21:14.760662+08:00,10,10.3443513,123.8084295,2026-09-11T23:21:21Z,4475,6.3,6.3,366.78,0.00,0.09,,,2026-09-12T07:21:20.304282+08:00,4457,94,0,16.09,36.40,21,0,7,0,43,0,17,0,4,0,502,0.0068,9.6714,0.4478,9.7280,0.3214,9.7334,201,0.0063,0.0051,-0.0108,0.3781,0.5291,0.6503,201,0.0099,-0.0110,0.0030,0.1094,0.1222,0.1640,0.66437,-0.26599,-0.24054,0.65575,-42.0,-1.7,91.4,0,684,748.00,2026-09-12T07:21:13.801662+08:00,10959,82.0,36.0,DISCHARGING,2026-09-12T07:21:14.753662+08:00,10007,TRAIL,0.50,2026-09-12T07:18:40.310715+08:00,164449,,,,1215.3,6.3,GOOD
4616a89e-6aa7-461f-abf0-d8186b0aab26,2026-09-12T07:21:34.767872+08:00,2026-09-12T07:21:24.767872+08:00,10,10.3443503,123.8084264,2026-09-11T23:21:29Z,6483,6.3,6.2,366.77,0.00,0.09,,,2026-09-12T07:21:34.295569+08:00,472,0,0,,,0,0,0,0,0,0,0,0,0,0,501,0.6430,9.6423,-0.2770,9.7245,0.3505,9.7308,201,0.0268,0.0161,-0.0602,0.6001,0.4921,0.7761,201,0.0097,0.0349,-0.0104,0.2687,0.1661,0.3159,0.70062,-0.24708,-0.23388,0.62720,-39.8,1.0,96.0,0,684,924.00,2026-09-12T07:21:26.600872+08:00,8167,82.0,36.0,DISCHARGING,2026-09-12T07:21:14.753872+08:00,20014,TRAIL,0.50,2026-09-12T07:18:40.310715+08:00,174457,,,,1215.7,6.3,GOOD
4616a89e-6aa7-461f-abf0-d8186b0aab26,2026-09-12T07:21:44.774388+08:00,2026-09-12T07:21:34.774388+08:00,10,10.3443468,123.8084353,2026-09-11T23:21:45Z,489,6.5,6.3,366.83,0.00,0.09,,,2026-09-12T07:21:44.299106+08:00,475,94,0,16.72,38.80,21,0,7,0,43,0,17,0,4,0,502,0.4628,9.6242,-1.0501,9.8363,1.2910,9.9207,201,-0.0096,0.0518,-0.0709,1.3777,1.1634,1.8032,201,-0.0099,-0.2448,0.0335,0.4666,0.3371,0.5756,0.35183,0.65614,0.58371,0.32400,122.9,0.8,96.2,0,684,1771.00,2026-09-12T07:21:42.401388+08:00,2373,82.0,36.0,DISCHARGING,2026-09-12T07:21:14.754388+08:00,30020,TRAIL,0.50,2026-09-12T07:18:40.310715+08:00,184463,,,,1216.7,6.5,GOOD
4616a89e-6aa7-461f-abf0-d8186b0aab26,2026-09-12T07:21:56.122598+08:00,2026-09-12T07:21:46.122598+08:00,10,10.3443518,123.8084440,2026-09-11T23:21:53Z,3837,6.6,6.7,366.60,0.51,0.98,75.3,9.8,2026-09-12T07:21:52.294079+08:00,3829,94,0,17.51,39.80,21,0,7,0,43,0,17,0,4,0,570,0.7892,9.4718,-1.5548,9.8708,1.6977,10.0157,228,-0.0285,-0.0250,-0.0456,2.1283,1.1625,2.4251,228,0.0116,-0.0630,0.0143,0.4436,0.1992,0.4863,0.61753,0.50207,0.37952,0.47175,78.0,0.3,105.5,17,701,650.00,2026-09-12T07:21:54.200598+08:00,1922,82.0,36.0,DISCHARGING,2026-09-12T07:21:14.753598+08:00,41369,TRAIL,0.50,2026-09-12T07:18:40.310715+08:00,195811,,,,1217.8,6.6,GOOD
4616a89e-6aa7-461f-abf0-d8186b0aab26,2026-09-12T07:22:10.26395+08:00,2026-09-12T07:22:00.26395+08:00,10,10.3444205,123.8085362,2026-09-11T23:22:09Z,1979,5.4,5.7,370.22,0.00,0.11,,,2026-09-12T07:22:08.326961+08:00,1937,93,0,17.58,39.00,21,0,7,0,42,0,17,0,4,0,662,0.7441,9.4089,-1.6961,9.7860,1.8929,9.9674,264,-0.0065,-0.0707,-0.0524,2.1385,1.1292,2.4184,264,-0.0040,0.0390,0.0120,0.4250,0.1911,0.4660,0.45985,0.58464,0.59762,0.29931,114.0,-11.5,96.2,17,718,1493.00,2026-09-12T07:22:09.26895+08:00,995,82.0,36.0,DISCHARGING,2026-09-12T07:21:14.75395+08:00,55510,TRAIL,0.50,2026-09-12T07:18:40.310715+08:00,209953,,,,1230.7,5.4,GOOD
4616a89e-6aa7-461f-abf0-d8186b0aab26,2026-09-12T07:22:24.75396+08:00,2026-09-12T07:22:14.75396+08:00,10,10.3444307,123.8085718,2026-09-11T23:22:25Z,469,7.1,7.5,371.44,0.00,0.09,,,2026-09-12T07:22:24.296791+08:00,456,94,0,15.59,38.80,21,0,7,0,43,0,17,0,4,0,773,0.7546,9.4896,-1.5752,9.8452,1.7349,9.9969,309,-0.0105,-0.0140,-0.0103,2.0514,1.1252,2.3398,307,0.0017,-0.0534,0.0020,0.4088,0.1845,0.4486,0.63724,0.41637,0.39629,0.51333,70.1,-4.5,99.2,24,742,224.00,2026-09-12T07:22:24.40296+08:00,351,82.0,37.0,DISCHARGING,2026-09-12T07:22:24.75496+08:00,-1,TRAIL,0.50,2026-09-12T07:18:40.310715+08:00,224443,,,,1234.8,7.1,GOOD
4616a89e-6aa7-461f-abf0-d8186b0aab26,2026-09-12T07:22:42.90314+08:00,2026-09-12T07:22:32.90314+08:00,10,10.3444434,123.8086121,2026-09-11T23:22:41Z,2617,6.7,7.3,373.19,0.00,0.26,,,2026-09-12T07:22:40.321755+08:00,2581,94,0,16.68,38.80,21,0,7,0,43,0,17,0,4,0,905,1.0011,9.4796,-1.4481,9.8579,1.6441,9.9940,362,-0.0032,-0.0245,-0.0613,1.9899,1.1344,2.2906,358,0.0046,0.0497,-0.0087,0.4003,0.1790,0.4385,0.30704,0.69719,0.60910,0.22056,135.7,-3.8,99.3,21,763,402.00,2026-09-12T07:22:42.80714+08:00,96,82.0,37.0,DISCHARGING,2026-09-12T07:22:24.75414+08:00,18149,TRAIL,0.50,2026-09-12T07:18:40.310715+08:00,242592,,,,1239.5,6.7,GOOD
4616a89e-6aa7-461f-abf0-d8186b0aab26,2026-09-12T07:22:57.076189+08:00,2026-09-12T07:22:47.076189+08:00,10,10.3444515,123.8086403,2026-09-11T23:22:57Z,790,8.3,8.2,372.10,0.00,0.41,,,2026-09-12T07:22:56.292865+08:00,783,94,0,14.33,38.80,21,0,7,0,43,0,17,0,4,0,702,0.7740,9.4005,-1.6506,9.7895,1.5509,9.9116,,,,,,,,,,,,,,,0.30704,0.69719,0.60910,0.22056,135.7,-3.8,99.3,0,763,402.00,2026-09-12T07:22:42.807189+08:00,14269,82.0,37.0,DISCHARGING,2026-09-12T07:22:24.754189+08:00,32322,TRAIL,0.50,2026-09-12T07:18:40.310715+08:00,256765,,,,1242.7,8.3,GOOD
4616a89e-6aa7-461f-abf0-d8186b0aab26,2026-09-12T07:23:13.508131+08:00,2026-09-12T07:23:03.508131+08:00,10,10.3444638,123.8086748,2026-09-11T23:23:13Z,1222,7.9,7.7,371.59,0.00,0.82,,,2026-09-12T07:23:12.324135+08:00,1184,94,0,14.60,38.80,21,0,7,0,43,0,17,0,4,0,832,0.9962,9.3249,-2.1761,9.8660,1.8913,10.0456,,,,,,,,,,,,,,,0.30704,0.69719,0.60910,0.22056,135.7,-3.8,99.3,0,763,402.00,2026-09-12T07:22:42.807131+08:00,30701,82.0,37.0,DISCHARGING,2026-09-12T07:22:24.754131+08:00,48754,TRAIL,0.50,2026-09-12T07:18:40.310715+08:00,273197,,,,1246.8,7.9,GOOD
4616a89e-6aa7-461f-abf0-d8186b0aab26,2026-09-12T07:23:33.03257+08:00,2026-09-12T07:23:23.03257+08:00,10,10.3444918,123.8086997,2026-09-11T23:23:29Z,4747,10.6,10.2,373.33,0.00,0.09,,,2026-09-12T07:23:28.311511+08:00,4719,94,0,14.89,38.80,21,0,7,0,43,0,17,0,4,0,967,0.1273,9.5668,0.1642,9.7328,0.7884,9.7646,,,,,,,,,,,,,,,0.30704,0.69719,0.60910,0.22056,135.7,-3.8,99.3,0,763,402.00,2026-09-12T07:22:42.80857+08:00,50224,82.0,37.0,DISCHARGING,2026-09-12T07:23:33.03357+08:00,-1,TRAIL,0.50,2026-09-12T07:18:40.310715+08:00,292721,,,,1250.9,10.6,GOOD
4616a89e-6aa7-461f-abf0-d8186b0aab26,2026-09-12T07:24:03.253145+08:00,2026-09-12T07:23:53.253145+08:00,10,10.3445070,123.8087607,2026-09-11T23:24:01Z,2967,6.4,6.4,372.39,0.00,0.09,,,2026-09-12T07:24:00.298262+08:00,2955,94,0,16.94,38.80,21,0,7,0,43,0,17,0,4,0,1476,0.8058,9.4880,-1.2853,9.7987,1.4828,9.9102,,,,,,,,,,,,,,,0.30704,0.69719,0.60910,0.22056,135.7,-3.8,99.3,0,763,402.00,2026-09-12T07:22:42.807145+08:00,80446,82.0,37.0,DISCHARGING,2026-09-12T07:23:33.032145+08:00,30221,TRAIL,0.50,2026-09-12T07:18:40.310715+08:00,322942,,,,1258.1,6.4,GOOD
4616a89e-6aa7-461f-abf0-d8186b0aab26,2026-09-12T07:24:20.277184+08:00,2026-09-12T07:24:10.277184+08:00,10,10.3445185,123.8087834,2026-09-11T23:24:17Z,3991,6.7,7.3,371.62,0.00,0.23,,,2026-09-12T07:24:16.294221+08:00,3983,94,0,16.48,38.80,21,0,7,0,43,0,17,0,4,0,888,0.9393,9.5653,-0.8097,9.7814,1.0198,9.8344,,,,,,,,,,,,,,,0.30704,0.69719,0.60910,0.22056,135.7,-3.8,99.3,0,763,402.00,2026-09-12T07:22:42.807184+08:00,97470,82.0,37.0,DISCHARGING,2026-09-12T07:23:33.032184+08:00,47245,TRAIL,0.50,2026-09-12T07:18:40.310715+08:00,339966,,,,1260.9,6.7,GOOD
4616a89e-6aa7-461f-abf0-d8186b0aab26,2026-09-12T07:24:34.679603+08:00,2026-09-12T07:24:24.679603+08:00,10,10.3445254,123.8088124,2026-09-11T23:24:33Z,2394,7.5,8.1,371.55,0.00,0.09,,,2026-09-12T07:24:32.295422+08:00,2383,94,0,16.45,38.80,21,0,7,0,43,0,17,0,4,0,727,0.3214,9.5683,-1.0701,9.7438,1.1375,9.8100,,,,,,,,,,,,,,,0.30704,0.69719,0.60910,0.22056,135.7,-3.8,99.3,0,763,402.00,2026-09-12T07:22:42.808603+08:00,111871,82.0,36.0,DISCHARGING,2026-09-12T07:24:34.681603+08:00,-2,TRAIL,0.50,2026-09-12T07:18:40.310715+08:00,354368,,,,1264.1,7.5,GOOD
4616a89e-6aa7-461f-abf0-d8186b0aab26,2026-09-12T07:24:47.225217+08:00,2026-09-12T07:24:37.225217+08:00,10,10.3445353,123.8088297,2026-09-11T23:24:41Z,6940,7.3,8.0,372.32,0.00,0.09,,,2026-09-12T07:24:46.294956+08:00,930,0,0,,,0,0,0,0,0,0,0,0,0,0,627,0.2405,9.6542,-0.5759,9.7230,0.4514,9.7334,,,,,,,,,,,,,,,0.30704,0.69719,0.60910,0.22056,135.7,-3.8,99.3,0,763,402.00,2026-09-12T07:22:42.807217+08:00,124418,82.0,36.0,DISCHARGING,2026-09-12T07:24:34.680217+08:00,12545,TRAIL,0.50,2026-09-12T07:18:40.310715+08:00,366914,,,,1266.3,7.3,GOOD
4616a89e-6aa7-461f-abf0-d8186b0aab26,2026-09-12T07:25:10.253885+08:00,2026-09-12T07:25:00.253885+08:00,10,10.3445555,123.8088682,2026-09-11T23:25:05Z,5967,8.3,8.2,371.91,0.47,0.87,88.1,68.8,2026-09-12T07:25:04.298531+08:00,5955,94,0,16.13,38.80,21,0,7,0,43,0,17,0,4,0,1117,0.9344,9.4058,-1.8636,9.8416,1.8811,10.0198,,,,,,,,,,,,,,,0.30704,0.69719,0.60910,0.22056,135.7,-3.8,99.3,0,763,402.00,2026-09-12T07:22:42.806885+08:00,147447,82.0,36.0,DISCHARGING,2026-09-12T07:24:34.679885+08:00,35574,TRAIL,0.50,2026-09-12T07:18:40.310715+08:00,389943,,,,1271.2,8.3,GOOD
4616a89e-6aa7-461f-abf0-d8186b0aab26,2026-09-12T07:25:38.150975+08:00,2026-09-12T07:25:28.150975+08:00,10,10.3446558,123.8091435,2026-09-11T23:25:37Z,1865,8.1,8.1,385.95,0.00,0.18,,,2026-09-12T07:25:36.296526+08:00,1853,94,0,14.63,38.80,21,0,7,0,43,0,17,0,4,0,1429,0.8576,9.4134,-1.8520,9.8517,1.8198,10.0184,,,,,,,,,,,,,,,0.30704,0.69719,0.60910,0.22056,135.7,-3.8,99.3,0,763,402.00,2026-09-12T07:22:42.807975+08:00,175343,81.0,37.0,DISCHARGING,2026-09-12T07:25:38.151975+08:00,-1,TRAIL,0.50,2026-09-12T07:18:40.310715+08:00,417840,,,,1303.4,8.1,GOOD
4616a89e-6aa7-461f-abf0-d8186b0aab26,2026-09-12T07:26:20.875779+08:00,2026-09-12T07:26:10.875779+08:00,10,10.3446644,123.8092096,2026-09-11T23:26:17Z,4590,8.7,9.0,390.10,0.00,0.09,,,2026-09-12T07:26:16.295105+08:00,4581,94,0,13.48,38.80,21,0,7,0,43,0,17,0,4,0,2107,0.4101,8.4178,-2.5318,9.7218,0.5665,9.7383,,,,,,,,,,,,,,,0.30704,0.69719,0.60910,0.22056,135.7,-3.8,99.3,0,763,402.00,2026-09-12T07:22:42.806779+08:00,218069,81.0,37.0,DISCHARGING,2026-09-12T07:25:38.150779+08:00,42725,TRAIL,0.50,2026-09-12T07:18:40.310715+08:00,460565,,,,1310.7,8.7,GOOD
4616a89e-6aa7-461f-abf0-d8186b0aab26,2026-09-12T07:26:35.568931+08:00,2026-09-12T07:26:25.568931+08:00,10,10.3446663,123.8092258,2026-09-11T23:26:33Z,3284,7.7,7.9,390.23,0.00,0.34,,,2026-09-12T07:26:32.294716+08:00,3274,94,0,15.12,38.80,21,0,7,0,43,0,17,0,4,0,756,0.8192,7.7316,-3.9651,9.8392,1.7503,9.9937,,,,,,,,,,,,,,,0.30704,0.69719,0.60910,0.22056,135.7,-3.8,99.3,0,763,402.00,2026-09-12T07:22:42.806931+08:00,232762,81.0,37.0,DISCHARGING,2026-09-12T07:25:38.150931+08:00,57418,TRAIL,0.50,2026-09-12T07:18:40.310715+08:00,475258,,,,1312.5,7.7,GOOD
4616a89e-6aa7-461f-abf0-d8186b0aab26,2026-09-12T07:26:50.229067+08:00,2026-09-12T07:26:40.229067+08:00,10,10.3446658,123.8092413,2026-09-11T23:26:49Z,1944,8.7,9.3,392.06,0.00,0.09,,,2026-09-12T07:26:48.32453+08:00,1902,94,0,15.92,38.80,21,0,7,0,43,0,17,0,4,0,740,1.4884,9.3789,-1.1000,9.7240,0.8921,9.7649,,,,,,,,,,,,,,,0.30704,0.69719,0.60910,0.22056,135.7,-3.8,99.3,0,763,402.00,2026-09-12T07:22:42.809067+08:00,247420,81.0,37.0,DISCHARGING,2026-09-12T07:26:50.231067+08:00,-2,TRAIL,0.50,2026-09-12T07:18:40.310715+08:00,489918,,,,1314.6,8.7,GOOD
4616a89e-6aa7-461f-abf0-d8186b0aab26,2026-09-12T07:27:09.273228+08:00,2026-09-12T07:26:59.273228+08:00,10,10.3446719,123.8092640,2026-09-11T23:27:06Z,3988,7.2,7.6,395.03,0.00,0.09,,,2026-09-12T07:27:05.312314+08:00,3961,94,0,15.34,38.80,21,0,7,0,43,0,17,0,4,0,961,1.3888,9.5022,-0.0979,9.7145,0.2178,9.7170,,,,,,,,,,,,,,,0.30704,0.69719,0.60910,0.22056,135.7,-3.8,99.3,0,763,402.00,2026-09-12T07:22:42.807228+08:00,266466,81.0,37.0,DISCHARGING,2026-09-12T07:26:50.229228+08:00,19044,TRAIL,0.50,2026-09-12T07:18:40.310715+08:00,508962,,,,1317.2,7.2,GOOD
4616a89e-6aa7-461f-abf0-d8186b0aab26,2026-09-12T07:27:26.546641+08:00,2026-09-12T07:27:16.546641+08:00,10,10.3446752,123.8092723,2026-09-11T23:27:21Z,6262,9.5,8.9,395.62,0.00,0.09,,,2026-09-12T07:27:26.292893+08:00,254,0,0,,,0,0,0,0,0,0,0,0,0,0,853,0.6904,9.6306,-0.3431,9.7119,0.2420,9.7149,,,,,,,,,,,,,,,0.30704,0.69719,0.60910,0.22056,135.7,-3.8,99.3,0,763,402.00,2026-09-12T07:22:42.806641+08:00,283740,81.0,37.0,DISCHARGING,2026-09-12T07:26:50.228641+08:00,36318,TRAIL,0.50,2026-09-12T07:18:40.310715+08:00,526235,,,,1318.1,9.5,GOOD
4616a89e-6aa7-461f-abf0-d8186b0aab26,2026-09-12T07:27:55.361601+08:00,2026-09-12T07:27:45.361601+08:00,10,10.3446684,123.8093013,2026-09-11T23:27:53Z,3076,8.4,8.6,395.76,0.00,0.09,,,2026-09-12T07:27:52.292661+08:00,3065,94,0,14.42,37.40,21,0,7,0,43,0,17,0,4,0,1452,0.9628,9.4954,-1.2876,9.8084,1.4062,9.9086,,,,,,,,,,,,,,,0.30704,0.69719,0.60910,0.22056,135.7,-3.8,99.3,0,763,402.00,2026-09-12T07:22:42.810601+08:00,312551,81.0,37.0,DISCHARGING,2026-09-12T07:27:55.364601+08:00,-3,TRAIL,0.50,2026-09-12T07:18:40.310715+08:00,555050,,,,1321.6,8.4,GOOD
4616a89e-6aa7-461f-abf0-d8186b0aab26,2026-09-12T07:28:08.831134+08:00,2026-09-12T07:27:58.831134+08:00,10,10.3446530,123.8093247,2026-09-11T23:28:09Z,547,8.2,9.5,395.50,0.00,0.17,,,2026-09-12T07:28:08.301702+08:00,529,94,0,15.09,38.80,21,0,7,0,43,0,17,0,4,0,674,0.9452,9.3653,-1.8692,9.8260,1.5452,9.9467,,,,,,,,,,,,,,,0.30704,0.69719,0.60910,0.22056,135.7,-3.8,99.3,0,763,402.00,2026-09-12T07:22:42.807134+08:00,326024,81.0,37.0,DISCHARGING,2026-09-12T07:27:55.361134+08:00,13470,TRAIL,0.50,2026-09-12T07:18:40.310715+08:00,568520,,,,1324.7,8.2,GOOD
4616a89e-6aa7-461f-abf0-d8186b0aab26,2026-09-12T07:28:36.943704+08:00,2026-09-12T07:28:26.943704+08:00,10,10.3446263,123.8093625,2026-09-11T23:28:33Z,4658,10.2,10.0,393.46,0.00,0.48,,,2026-09-12T07:28:32.292174+08:00,4652,93,0,13.29,38.00,21,0,7,0,42,0,17,0,4,0,1408,0.6888,9.4111,-1.8364,9.8180,1.6653,9.9582,,,,,,,,,,,,,,,0.30704,0.69719,0.60910,0.22056,135.7,-3.8,99.3,0,763,402.00,2026-09-12T07:22:42.806704+08:00,354137,81.0,37.0,DISCHARGING,2026-09-12T07:27:55.360704+08:00,41583,TRAIL,0.50,2026-09-12T07:18:40.310715+08:00,596632,,,,1329.8,10.2,GOOD
4616a89e-6aa7-461f-abf0-d8186b0aab26,2026-09-12T07:29:04.259519+08:00,2026-09-12T07:28:54.259519+08:00,10,10.3445987,123.8094070,2026-09-11T23:28:57Z,7974,8.7,10.8,392.16,0.00,0.09,,,2026-09-12T07:29:03.294683+08:00,963,0,0,,,0,0,0,0,0,0,0,0,0,0,1317,0.7235,9.4882,-1.4642,9.7805,1.2906,9.8653,,,,,,,,,,,,,,,0.30704,0.69719,0.60910,0.22056,135.7,-3.8,99.3,0,763,402.00,2026-09-12T07:22:42.808519+08:00,381451,81.0,37.0,DISCHARGING,2026-09-12T07:29:04.260519+08:00,-1,TRAIL,0.50,2026-09-12T07:18:40.310715+08:00,623948,,,,1335.5,8.7,GOOD
4616a89e-6aa7-461f-abf0-d8186b0aab26,2026-09-12T07:29:29.271269+08:00,2026-09-12T07:29:19.271269+08:00,10,10.3445483,123.8094296,2026-09-11T23:29:22Z,7987,7.9,9.9,394.07,0.00,0.54,,,2026-09-12T07:29:28.292656+08:00,978,92,0,11.53,34.40,21,0,7,0,43,0,17,0,2,0,1251,0.8285,9.4425,-1.7076,9.7958,1.7019,9.9425,,,,,,,,,,,,,,,0.30704,0.69719,0.60910,0.22056,135.7,-3.8,99.3,0,763,402.00,2026-09-12T07:22:42.807269+08:00,406464,81.0,37.0,DISCHARGING,2026-09-12T07:29:04.259269+08:00,25012,TRAIL,0.50,2026-09-12T07:18:40.310715+08:00,648960,,,,1341.6,7.9,GOOD
4616a89e-6aa7-461f-abf0-d8186b0aab26,2026-09-12T07:29:50.557991+08:00,2026-09-12T07:29:40.557991+08:00,10,10.3445071,123.8094351,2026-09-11T23:29:45Z,6273,9.2,10.3,395.66,0.00,0.09,,,2026-09-12T07:29:50.321253+08:00,237,0,0,,,0,0,0,0,0,0,0,0,0,0,1104,1.1368,9.5163,-1.1874,9.7435,1.0277,9.7975,,,,,,,,,,,,,,,0.30704,0.69719,0.60910,0.22056,135.7,-3.8,99.3,0,763,402.00,2026-09-12T07:22:42.806991+08:00,427751,81.0,37.0,DISCHARGING,2026-09-12T07:29:04.258991+08:00,46299,TRAIL,0.50,2026-09-12T07:18:40.310715+08:00,670247,,,,1346.2,9.2,GOOD
4616a89e-6aa7-461f-abf0-d8186b0aab26,2026-09-12T07:30:14.271716+08:00,2026-09-12T07:30:04.271716+08:00,10,10.3444565,123.8094355,2026-09-11T23:30:09Z,5987,9.6,9.0,398.19,0.00,0.47,,,2026-09-12T07:30:08.293557+08:00,5975,92,0,11.73,35.00,21,0,7,0,43,0,17,0,2,0,1144,0.9174,9.4478,-1.6321,9.8063,1.5641,9.9303,,,,,,,,,,,,,,,0.30704,0.69719,0.60910,0.22056,135.7,-3.8,99.3,0,763,402.00,2026-09-12T07:22:42.809716+08:00,451462,81.0,37.0,DISCHARGING,2026-09-12T07:30:14.274716+08:00,-3,TRAIL,0.50,2026-09-12T07:18:40.310715+08:00,693961,,,,1351.9,9.6,GOOD
4616a89e-6aa7-461f-abf0-d8186b0aab26,2026-09-12T07:30:25.087347+08:00,2026-09-12T07:30:15.087347+08:00,10,10.3444454,123.8094331,2026-09-11T23:30:18Z,7802,11.6,11.5,398.35,0.00,0.21,,,2026-09-12T07:30:24.291328+08:00,796,92,0,12.10,35.70,21,0,7,0,43,0,17,0,2,0,575,0.9804,9.1735,-2.3476,9.7684,1.6922,9.9139,,,,,,,,,,,,,,,0.30704,0.69719,0.60910,0.22056,135.7,-3.8,99.3,0,763,402.00,2026-09-12T07:22:42.807347+08:00,462280,81.0,37.0,DISCHARGING,2026-09-12T07:30:14.272347+08:00,10815,TRAIL,0.50,2026-09-12T07:18:40.310715+08:00,704776,,,,1353.1,11.6,GOOD
4616a89e-6aa7-461f-abf0-d8186b0aab26,2026-09-12T07:30:35.093939+08:00,2026-09-12T07:30:25.093939+08:00,10,10.3444108,123.8094257,2026-09-11T23:30:33Z,2809,8.2,9.7,399.04,0.00,0.15,,,2026-09-12T07:30:32.293936+08:00,2800,92,0,12.59,38.10,21,0,7,0,43,0,17,0,2,0,502,1.4771,9.3900,-1.6933,9.8581,1.7586,10.0137,,,,,,,,,,,,,,,0.30704,0.69719,0.60910,0.22056,135.7,-3.8,99.3,0,763,402.00,2026-09-12T07:22:42.806939+08:00,472287,81.0,37.0,DISCHARGING,2026-09-12T07:30:14.271939+08:00,20822,TRAIL,0.50,2026-09-12T07:18:40.310715+08:00,714783,,,,1357.0,8.2,GOOD
4616a89e-6aa7-461f-abf0-d8186b0aab26,2026-09-12T07:30:52.96455+08:00,2026-09-12T07:30:42.96455+08:00,10,10.3443877,123.8094149,2026-09-11T23:30:49Z,4679,7.3,7.9,399.46,0.00,0.30,,,2026-09-12T07:30:48.327835+08:00,4636,92,0,13.97,35.60,21,0,7,0,43,0,17,0,2,0,898,0.9616,9.3963,-1.6788,9.7817,1.6378,9.9179,,,,,,,,,,,,,,,0.30704,0.69719,0.60910,0.22056,135.7,-3.8,99.3,0,763,402.00,2026-09-12T07:22:42.80755+08:00,490157,81.0,37.0,DISCHARGING,2026-09-12T07:30:14.27255+08:00,38692,TRAIL,0.50,2026-09-12T07:18:40.310715+08:00,732653,,,,1359.9,7.3,GOOD
4616a89e-6aa7-461f-abf0-d8186b0aab26,2026-09-12T07:31:17.265129+08:00,2026-09-12T07:31:07.265129+08:00,10,10.3443445,123.8093992,2026-09-11T23:31:13Z,4980,9.1,9.8,399.96,0.00,0.09,,,2026-09-12T07:31:12.296274+08:00,4963,92,0,14.40,38.50,21,0,7,0,43,0,17,0,2,0,1171,1.1446,9.4769,-1.2913,9.7899,1.2266,9.8665,,,,,,,,,,,,,,,0.30704,0.69719,0.60910,0.22056,135.7,-3.8,99.3,0,763,402.00,2026-09-12T07:22:42.813129+08:00,514452,80.0,37.0,DISCHARGING,2026-09-12T07:31:17.271129+08:00,-6,TRAIL,0.50,2026-09-12T07:18:40.310715+08:00,756954,,,,1365.0,9.1,GOOD
4616a89e-6aa7-461f-abf0-d8186b0aab26,2026-09-12T07:31:32.201079+08:00,2026-09-12T07:31:22.201079+08:00,10,10.3443099,123.8093874,2026-09-11T23:31:29Z,3916,9.8,10.0,400.20,0.00,0.09,,,2026-09-12T07:31:28.292674+08:00,3908,95,0,13.34,39.80,21,0,7,0,43,0,19,0,3,0,791,1.0459,9.3683,-1.8952,9.8228,1.6306,9.9572,,,,,,,,,,,,,,,0.30704,0.69719,0.60910,0.22056,135.7,-3.8,99.3,0,763,402.00,2026-09-12T07:22:42.807079+08:00,529394,80.0,37.0,DISCHARGING,2026-09-12T07:31:17.265079+08:00,14936,TRAIL,0.50,2026-09-12T07:18:40.310715+08:00,771890,,,,1369.0,9.8,GOOD
4616a89e-6aa7-461f-abf0-d8186b0aab26,2026-09-12T07:32:01.262034+08:00,2026-09-12T07:31:51.262034+08:00,10,10.3442353,123.8093465,2026-09-11T23:32:01Z,977,8.6,8.2,400.51,0.00,0.10,,,2026-09-12T07:32:00.300074+08:00,962,95,0,14.41,38.40,21,0,7,0,43,0,19,0,3,0,1411,0.8224,9.4126,-1.7221,9.8107,1.5838,9.9377,,,,,,,,,,,,,,,0.30704,0.69719,0.60910,0.22056,135.7,-3.8,99.3,0,763,402.00,2026-09-12T07:22:42.807034+08:00,558455,80.0,37.0,DISCHARGING,2026-09-12T07:31:17.265034+08:00,43997,TRAIL,0.50,2026-09-12T07:18:40.310715+08:00,800951,,,,1378.4,8.6,GOOD
4616a89e-6aa7-461f-abf0-d8186b0aab26,2026-09-12T07:32:24.516359+08:00,2026-09-12T07:32:14.516359+08:00,10,10.3442023,123.8093151,2026-09-11T23:32:25Z,231,8.1,8.9,401.47,0.00,0.43,,,2026-09-12T07:32:24.294677+08:00,220,96,0,13.19,35.10,21,0,7,0,43,0,19,0,4,0,1207,1.0168,9.4437,-1.5593,9.8272,1.7549,9.9827,,,,,,,,,,,,,,,0.30704,0.69719,0.60910,0.22056,135.7,-3.8,99.3,0,763,402.00,2026-09-12T07:22:42.808359+08:00,581708,80.0,37.0,DISCHARGING,2026-09-12T07:32:24.517359+08:00,-1,TRAIL,0.50,2026-09-12T07:18:40.310715+08:00,824205,,,,1383.5,8.1,GOOD
4616a89e-6aa7-461f-abf0-d8186b0aab26,2026-09-12T07:32:46.257436+08:00,2026-09-12T07:32:36.257436+08:00,10,10.3441722,123.8092972,2026-09-11T23:32:41Z,5973,9.2,9.3,401.04,0.00,0.88,,,2026-09-12T07:32:40.318519+08:00,5938,96,0,13.77,37.60,21,0,7,0,43,0,19,0,4,0,1043,1.1700,9.4002,-1.7499,9.8212,1.8625,9.9962,,,,,,,,,,,,,,,0.30704,0.69719,0.60910,0.22056,135.7,-3.8,99.3,0,763,402.00,2026-09-12T07:22:42.807436+08:00,603450,80.0,37.0,DISCHARGING,2026-09-12T07:32:24.516436+08:00,21741,TRAIL,0.50,2026-09-12T07:18:40.310715+08:00,845946,,,,1387.3,9.2,GOOD
4616a89e-6aa7-461f-abf0-d8186b0aab26,2026-09-12T07:33:02.869659+08:00,2026-09-12T07:32:52.869659+08:00,10,10.3441302,123.8092714,2026-09-11T23:32:57Z,6584,9.4,8.9,400.05,0.00,0.94,,,2026-09-12T07:33:02.290698+08:00,579,0,0,,,0,0,0,0,0,0,0,0,0,0,875,0.9638,9.4696,-1.3271,9.7959,1.8063,9.9610,,,,,,,,,,,,,,,0.30704,0.69719,0.60910,0.22056,135.7,-3.8,99.3,0,763,402.00,2026-09-12T07:22:42.806659+08:00,620063,80.0,37.0,DISCHARGING,2026-09-12T07:32:24.515659+08:00,38354,TRAIL,0.50,2026-09-12T07:18:40.310715+08:00,862558,,,,1392.8,9.4,GOOD
4616a89e-6aa7-461f-abf0-d8186b0aab26,2026-09-12T07:33:29.261962+08:00,2026-09-12T07:33:19.261962+08:00,10,10.3437213,123.8091272,2026-09-11T23:33:29Z,977,9.8,11.0,421.69,0.00,0.11,,,2026-09-12T07:33:28.295212+08:00,965,96,0,13.04,39.20,21,0,7,0,43,0,19,0,4,0,1276,0.9701,9.5036,-1.2776,9.8451,1.6595,9.9840,,,,,,,,,,,,,,,0.30704,0.69719,0.60910,0.22056,135.7,-3.8,99.3,0,763,402.00,2026-09-12T07:22:42.808962+08:00,646453,80.0,37.0,DISCHARGING,2026-09-12T07:33:29.263962+08:00,-2,TRAIL,0.50,2026-09-12T07:18:40.310715+08:00,888951,,,,1442.8,9.8,GOOD
4616a89e-6aa7-461f-abf0-d8186b0aab26,2026-09-12T07:33:48.019302+08:00,2026-09-12T07:33:38.019302+08:00,10,10.3437159,123.8091404,2026-09-11T23:33:45Z,3734,8.3,8.1,427.03,0.00,0.09,,,2026-09-12T07:33:44.295047+08:00,3724,96,0,13.51,37.10,21,0,7,0,43,0,19,0,4,0,979,0.9503,9.5609,-0.8756,9.7497,0.8619,9.7877,,,,,,,,,,,,,,,0.30704,0.69719,0.60910,0.22056,135.7,-3.8,99.3,0,763,402.00,2026-09-12T07:22:42.807302+08:00,665212,80.0,37.0,DISCHARGING,2026-09-12T07:33:29.262302+08:00,18757,TRAIL,0.50,2026-09-12T07:18:40.310715+08:00,907708,,,,1445.4,8.3,GOOD
4616a89e-6aa7-461f-abf0-d8186b0aab26,2026-09-12T07:34:15.267593+08:00,2026-09-12T07:34:05.267593+08:00,10,10.3437068,123.8091251,2026-09-11T23:34:09Z,6982,7.4,7.5,426.36,0.00,0.09,,,2026-09-12T07:34:14.303494+08:00,965,0,0,,,0,0,0,0,0,0,0,0,0,0,1326,0.6104,9.6639,-0.1788,9.7324,0.5804,9.7497,,,,,,,,,,,,,,,0.30704,0.69719,0.60910,0.22056,135.7,-3.8,99.3,0,763,402.00,2026-09-12T07:22:42.806593+08:00,692461,80.0,37.0,DISCHARGING,2026-09-12T07:33:29.261593+08:00,46006,TRAIL,0.50,2026-09-12T07:18:40.310715+08:00,934956,,,,1447.6,7.4,GOOD
4616a89e-6aa7-461f-abf0-d8186b0aab26,2026-09-12T07:34:38.278484+08:00,2026-09-12T07:34:28.278484+08:00,10,10.3437080,123.8091192,2026-09-11T23:34:33Z,5993,7.3,7.5,428.82,0.00,0.09,,,2026-09-12T07:34:32.297645+08:00,5979,96,0,14.94,41.70,21,0,7,0,43,0,19,0,4,0,1184,0.4787,9.6721,-0.1901,9.7157,0.3571,9.7222,,,,,,,,,,,,,,,0.30704,0.69719,0.60910,0.22056,135.7,-3.8,99.3,0,763,402.00,2026-09-12T07:22:42.808484+08:00,715470,80.0,36.0,DISCHARGING,2026-09-12T07:34:38.279484+08:00,-1,TRAIL,0.50,2026-09-12T07:18:40.310715+08:00,957967,,,,1448.8,7.3,GOOD
4616a89e-6aa7-461f-abf0-d8186b0aab26,2026-09-12T07:35:01.299583+08:00,2026-09-12T07:34:51.299583+08:00,10,10.3437126,123.8091268,2026-09-11T23:34:57Z,5015,7.7,7.4,429.77,0.00,0.17,,,2026-09-12T07:34:56.319134+08:00,4981,96,0,14.08,36.40,21,0,7,0,43,0,19,0,4,0,1147,0.6631,9.6034,-0.6902,9.7557,1.2849,9.8399,,,,,,,,,,,,,,,0.30704,0.69719,0.60910,0.22056,135.7,-3.8,99.3,0,763,402.00,2026-09-12T07:22:42.806583+08:00,738493,80.0,36.0,DISCHARGING,2026-09-12T07:34:38.277583+08:00,23022,TRAIL,0.50,2026-09-12T07:18:40.310715+08:00,980988,,,,1449.8,7.7,GOOD
4616a89e-6aa7-461f-abf0-d8186b0aab26,2026-09-12T07:35:29.266381+08:00,2026-09-12T07:35:19.266381+08:00,10,10.3437365,123.8091654,2026-09-11T23:35:29Z,982,8.8,8.6,427.71,0.00,0.37,,,2026-09-12T07:35:28.294419+08:00,972,96,0,14.57,37.60,21,0,7,0,43,0,19,0,4,0,1391,1.0817,9.4063,-1.6593,9.8148,1.6978,9.9605,,,,,,,,,,,,,,,0.30704,0.69719,0.60910,0.22056,135.7,-3.8,99.3,0,763,402.00,2026-09-12T07:22:42.807381+08:00,766459,80.0,36.0,DISCHARGING,2026-09-12T07:34:38.278381+08:00,50988,TRAIL,0.50,2026-09-12T07:18:40.310715+08:00,1008955,,,,1454.9,8.8,GOOD
4616a89e-6aa7-461f-abf0-d8186b0aab26,2026-09-12T07:35:39.274948+08:00,2026-09-12T07:35:29.274948+08:00,10,10.3437397,123.8091758,2026-09-11T23:35:37Z,2991,8.3,8.8,426.79,0.00,0.09,,,2026-09-12T07:35:36.295336+08:00,2978,96,0,14.55,37.80,21,0,7,0,43,0,19,0,4,0,502,1.1006,9.3428,-2.0395,9.7917,1.5357,9.9114,,,,,,,,,,,,,,,0.30704,0.69719,0.60910,0.22056,135.7,-3.8,99.3,0,763,402.00,2026-09-12T07:22:42.808948+08:00,776466,79.0,36.0,DISCHARGING,2026-09-12T07:35:39.276948+08:00,-2,TRAIL,0.50,2026-09-12T07:18:40.310715+08:00,1018964,,,,1456.0,8.3,GOOD
4616a89e-6aa7-461f-abf0-d8186b0aab26,2026-09-12T07:35:52.958457+08:00,2026-09-12T07:35:42.958457+08:00,10,10.3437493,123.8091950,2026-09-11T23:35:53Z,676,7.6,8.8,425.42,0.00,0.11,,,2026-09-12T07:35:52.294689+08:00,663,95,0,15.91,36.80,21,0,7,0,42,0,19,0,4,0,694,1.2169,9.3620,-1.7542,9.7759,1.5009,9.8905,,,,,,,,,,,,,,,0.30704,0.69719,0.60910,0.22056,135.7,-3.8,99.3,0,763,402.00,2026-09-12T07:22:42.807457+08:00,790151,79.0,36.0,DISCHARGING,2026-09-12T07:35:39.275457+08:00,13683,TRAIL,0.50,2026-09-12T07:18:40.310715+08:00,1032647,,,,1458.4,7.6,GOOD
4616a89e-6aa7-461f-abf0-d8186b0aab26,2026-09-12T07:36:17.803839+08:00,2026-09-12T07:36:07.803839+08:00,10,10.3437851,123.8092247,2026-09-11T23:36:17Z,1520,6.8,7.0,426.27,0.00,0.20,,,2026-09-12T07:36:16.290886+08:00,1513,96,0,15.76,34.40,21,0,7,0,43,0,19,0,4,0,1232,0.8689,9.5574,-0.9302,9.7825,1.1178,9.8461,,,,,,,,,,,,,,,0.30704,0.69719,0.60910,0.22056,135.7,-3.8,99.3,0,763,402.00,2026-09-12T07:22:42.806839+08:00,814997,79.0,36.0,DISCHARGING,2026-09-12T07:35:39.274839+08:00,38529,TRAIL,0.50,2026-09-12T07:18:40.310715+08:00,1057493,,,,1463.6,6.8,GOOD
4616a89e-6aa7-461f-abf0-d8186b0aab26,2026-09-12T07:36:27.811035+08:00,2026-09-12T07:36:17.811035+08:00,10,10.3437931,123.8092374,2026-09-11T23:36:25Z,3527,6.6,6.9,425.74,0.00,0.09,,,2026-09-12T07:36:24.291922+08:00,3519,96,0,15.32,36.70,21,0,7,0,43,0,19,0,4,0,504,0.9973,9.4325,-1.6504,9.8218,1.6947,9.9669,,,,,,,,,,,,,,,0.30704,0.69719,0.60910,0.22056,135.7,-3.8,99.3,0,763,402.00,2026-09-12T07:22:42.807035+08:00,825004,79.0,36.0,DISCHARGING,2026-09-12T07:35:39.275035+08:00,48536,TRAIL,0.50,2026-09-12T07:18:40.310715+08:00,1067500,,,,1465.3,6.6,GOOD
4616a89e-6aa7-461f-abf0-d8186b0aab26,2026-09-12T07:36:48.268629+08:00,2026-09-12T07:36:38.268629+08:00,10,10.3438993,123.8093523,2026-09-11T23:36:41Z,7990,5.8,6.3,432.47,0.00,0.09,,,2026-09-12T07:36:47.291188+08:00,976,0,0,,,0,0,0,0,0,0,0,0,0,0,1020,1.1134,9.3365,-1.9021,9.8150,1.6530,9.9532,,,,,,,,,,,,,,,0.30704,0.69719,0.60910,0.22056,135.7,-3.8,99.3,0,763,402.00,2026-09-12T07:22:42.808629+08:00,845460,79.0,36.0,DISCHARGING,2026-09-12T07:36:48.270629+08:00,-2,TRAIL,0.50,2026-09-12T07:18:40.310715+08:00,1087957,,,,1482.6,5.8,GOOD
4616a89e-6aa7-461f-abf0-d8186b0aab26,2026-09-12T07:37:14.486076+08:00,2026-09-12T07:37:04.486076+08:00,10,10.3440033,123.8094648,2026-09-11T23:37:13Z,2202,9.8,9.6,437.05,0.00,0.40,,,2026-09-12T07:37:12.304468+08:00,2182,94,0,13.96,35.50,21,0,7,0,43,0,19,0,2,0,1316,1.1150,9.3474,-1.9833,9.8259,1.6890,9.9700,,,,,,,,,,,,,,,0.30704,0.69719,0.60910,0.22056,135.7,-3.8,99.3,0,763,402.00,2026-09-12T07:22:42.807076+08:00,871679,79.0,36.0,DISCHARGING,2026-09-12T07:36:48.269076+08:00,26217,TRAIL,0.50,2026-09-12T07:18:40.310715+08:00,1114175,,,,1500.1,9.8,GOOD
4616a89e-6aa7-461f-abf0-d8186b0aab26,2026-09-12T07:37:42.134916+08:00,2026-09-12T07:37:32.134916+08:00,10,10.3440067,123.8095246,2026-09-11T23:37:37Z,5851,7.9,9.3,437.31,0.00,0.31,,,2026-09-12T07:37:36.321301+08:00,5814,94,0,14.89,36.80,21,0,7,0,43,0,19,0,2,0,1387,1.0326,9.3371,-2.1024,9.8515,1.5929,9.9795,,,,,,,,,,,,,,,0.30704,0.69719,0.60910,0.22056,135.7,-3.8,99.3,0,763,402.00,2026-09-12T07:22:42.806916+08:00,899328,79.0,36.0,DISCHARGING,2026-09-12T07:36:48.268916+08:00,53866,TRAIL,0.50,2026-09-12T07:18:40.310715+08:00,1141824,,,,1506.9,7.9,GOOD
4616a89e-6aa7-461f-abf0-d8186b0aab26,2026-09-12T07:38:02.029503+08:00,2026-09-12T07:37:52.029503+08:00,10,10.3440100,123.8095681,2026-09-11T23:38:01Z,1745,9.6,9.7,438.45,0.00,0.30,,,2026-09-12T07:38:00.328784+08:00,1700,94,0,12.87,36.50,21,0,7,0,43,0,19,0,2,0,996,0.8434,9.3939,-1.7199,9.8267,1.9400,10.0164,,,,,,,,,,,,,,,0.30704,0.69719,0.60910,0.22056,135.7,-3.8,99.3,0,763,402.00,2026-09-12T07:22:42.807503+08:00,919222,79.0,37.0,DISCHARGING,2026-09-12T07:38:02.029503+08:00,0,TRAIL,0.50,2026-09-12T07:18:40.310715+08:00,1161718,,,,1511.7,9.6,GOOD
4616a89e-6aa7-461f-abf0-d8186b0aab26,2026-09-12T07:38:34.258938+08:00,2026-09-12T07:38:24.258938+08:00,10,10.3439593,123.8097080,2026-09-11T23:38:34Z,975,6.0,6.0,443.89,0.85,1.40,109.6,66.9,2026-09-12T07:38:33.322902+08:00,936,94,0,13.75,35.50,21,0,7,0,43,0,19,0,2,0,1563,0.7718,9.5208,-0.8025,9.7902,1.2122,9.8650,,,,,,,,,,,,,,,0.30704,0.69719,0.60910,0.22056,135.7,-3.8,99.3,0,763,402.00,2026-09-12T07:22:42.806938+08:00,951452,79.0,37.0,DISCHARGING,2026-09-12T07:38:02.028938+08:00,32230,UNPAVED,0.50,2026-09-12T07:38:33.342703+08:00,916,,,,1528.1,6.0,GOOD
4616a89e-6aa7-461f-abf0-d8186b0aab26,2026-09-12T07:38:49.049919+08:00,2026-09-12T07:38:39.049919+08:00,10,10.3438993,123.8098879,2026-09-11T23:38:49Z,766,6.9,6.8,447.97,0.17,1.03,94.4,93.7,2026-09-12T07:38:48.293032+08:00,757,94,0,13.67,34.40,21,0,7,0,43,0,19,0,2,0,786,0.3131,8.0732,2.7162,9.9043,1.7182,10.0522,157,0.0791,-0.0510,0.2581,2.1034,1.3080,2.4769,158,0.1343,0.4154,-0.0482,0.9151,1.2046,1.5128,0.40541,0.59319,0.58373,0.37819,112.7,-1.4,91.9,9,772,1053.00,2026-09-12T07:38:48.305919+08:00,744,79.0,37.0,DISCHARGING,2026-09-12T07:38:02.028919+08:00,47021,TRAIL,0.50,2026-09-12T07:38:40.314259+08:00,8735,,,,1549.1,6.9,GOOD
4616a89e-6aa7-461f-abf0-d8186b0aab26,2026-09-12T07:38:59.058488+08:00,2026-09-12T07:38:49.058488+08:00,10,10.3439132,123.8099266,2026-09-11T23:38:57Z,2775,7.9,8.2,449.76,0.59,0.89,99.5,62.2,2026-09-12T07:38:56.302733+08:00,2755,94,0,12.99,36.90,21,0,7,0,43,0,19,0,2,0,503,0.7265,9.4409,-1.6430,9.8215,1.8328,9.9911,201,-0.0026,-0.0121,-0.0273,2.1278,1.1291,2.4088,201,0.0121,-0.0228,0.0189,0.4476,0.1975,0.4892,0.52972,0.54321,0.52338,0.38779,98.0,-7.7,98.8,12,784,276.00,2026-09-12T07:38:55.703488+08:00,3355,79.0,37.0,DISCHARGING,2026-09-12T07:38:02.029488+08:00,57029,TRAIL,0.50,2026-09-12T07:38:40.314259+08:00,18744,,,,1553.6,7.9,GOOD
4616a89e-6aa7-461f-abf0-d8186b0aab26,2026-09-12T07:39:25.267786+08:00,2026-09-12T07:39:15.267786+08:00,10,10.3438673,123.8099571,2026-09-11T23:39:21Z,4984,8.0,9.2,453.18,0.24,0.89,151.0,87.2,2026-09-12T07:39:20.308501+08:00,4954,95,0,13.04,41.50,21,0,7,0,43,0,19,0,3,0,1265,0.9389,9.4846,-1.3616,9.7933,1.2700,9.8753,505,0.0013,-0.0232,-0.1071,1.4959,1.0612,1.8341,481,-0.0015,-0.0064,-0.0001,0.4931,0.3382,0.5979,0.63798,0.37894,0.35168,0.57071,62.3,-0.9,95.8,18,802,121.00,2026-09-12T07:39:19.279786+08:00,5988,79.0,37.0,DISCHARGING,2026-09-12T07:39:25.272786+08:00,-5,TRAIL,0.50,2026-09-12T07:38:40.314259+08:00,44953,,,,1565.8,8.0,GOOD
4616a89e-6aa7-461f-abf0-d8186b0aab26,2026-09-12T07:39:46.864693+08:00,2026-09-12T07:39:36.864693+08:00,10,10.3437831,123.8100298,2026-09-11T23:39:45Z,2581,6.4,6.2,454.36,0.00,0.01,,,2026-09-12T07:39:44.29544+08:00,2570,95,0,13.27,38.40,21,0,7,0,43,0,19,0,3,0,1126,0.7271,9.4369,-1.4989,9.8103,1.5453,9.9313,447,0.0346,-0.0538,-0.0688,1.8272,1.0320,2.0985,432,0.0032,-0.0021,-0.0042,0.4893,0.2412,0.5455,0.71337,0.27260,0.23295,0.60210,42.0,-0.2,99.6,30,832,79.00,2026-09-12T07:39:45.702693+08:00,1162,79.0,37.0,DISCHARGING,2026-09-12T07:39:25.267693+08:00,21597,TRAIL,0.50,2026-09-12T07:38:40.314259+08:00,66550,,,,1578.3,6.4,GOOD
4616a89e-6aa7-461f-abf0-d8186b0aab26,2026-09-12T07:40:06.066123+08:00,2026-09-12T07:39:56.066123+08:00,10,10.3437363,123.8100906,2026-09-11T23:40:01Z,5783,7.8,8.7,458.87,0.44,0.87,161.2,71.1,2026-09-12T07:40:00.290619+08:00,5775,96,0,12.58,39.20,21,0,7,0,43,0,19,0,4,0,959,0.7546,9.4426,-1.5046,9.8883,1.6829,10.0305,384,-0.0137,-0.0452,-0.0398,2.1306,1.1686,2.4301,372,-0.0057,-0.0096,0.0159,0.5198,0.2969,0.5986,0.71400,0.23924,0.29097,0.59017,43.7,-7.7,97.8,26,858,65.00,2026-09-12T07:40:04.703123+08:00,1363,79.0,37.0,DISCHARGING,2026-09-12T07:39:25.268123+08:00,40798,TRAIL,0.50,2026-09-12T07:38:40.314259+08:00,85751,,,,1586.8,7.8,GOOD
4616a89e-6aa7-461f-abf0-d8186b0aab26,2026-09-12T07:40:31.158943+08:00,2026-09-12T07:40:21.158943+08:00,10,10.3436262,123.8101561,2026-09-11T23:40:25Z,6875,7.1,8.3,457.92,0.39,0.88,120.0,74.5,2026-09-12T07:40:30.294654+08:00,863,0,0,,,0,0,0,0,0,0,0,0,0,0,1248,0.8803,9.4546,-1.4005,9.8481,1.8285,10.0164,494,-0.0150,-0.0407,-0.0466,2.1671,1.1678,2.4617,475,-0.0003,-0.0000,-0.0098,0.4847,0.2184,0.5316,0.68211,0.28405,0.26695,0.61869,45.9,-0.7,95.3,33,891,35.00,2026-09-12T07:40:28.266943+08:00,2892,79.0,37.0,DISCHARGING,2026-09-12T07:40:31.159943+08:00,-1,TRAIL,0.50,2026-09-12T07:38:40.314259+08:00,110844,,,,1601.8,7.1,GOOD
4616a89e-6aa7-461f-abf0-d8186b0aab26,2026-09-12T07:40:41.165419+08:00,2026-09-12T07:40:31.165419+08:00,10,10.3435669,123.8102062,2026-09-11T23:40:41Z,882,9.3,10.6,454.50,0.47,1.39,146.5,83.3,2026-09-12T07:40:40.297787+08:00,867,94,0,11.67,35.20,21,0,7,0,43,0,19,0,2,0,502,0.6620,9.4900,-1.4462,9.8498,1.8120,10.0151,201,-0.0318,-0.0241,-0.0536,2.1284,1.2271,2.4568,201,0.0107,-0.0137,0.0114,0.4435,0.2109,0.4911,0.74195,0.25364,0.25814,0.56440,42.1,-5.6,103.3,12,903,35.00,2026-09-12T07:40:38.703419+08:00,2462,79.0,37.0,DISCHARGING,2026-09-12T07:40:31.159419+08:00,10006,TRAIL,0.50,2026-09-12T07:38:40.314259+08:00,120851,,,,1611.0,9.3,GOOD
4616a89e-6aa7-461f-abf0-d8186b0aab26,2026-09-12T07:40:51.172917+08:00,2026-09-12T07:40:41.172917+08:00,10,10.3435356,123.8102631,2026-09-11T23:40:50Z,1889,6.4,8.2,458.24,0.47,0.93,157.2,70.0,2026-09-12T07:40:49.295667+08:00,1877,94,0,12.64,35.70,21,0,7,0,43,0,19,0,2,0,502,0.8313,9.4251,-1.6213,9.8675,1.8804,10.0450,201,-0.0062,-0.0740,-0.1051,2.1410,1.2900,2.4996,201,-0.0109,-0.0288,0.0212,0.5188,0.2853,0.5921,0.76366,0.07080,0.17262,0.61807,19.1,-10.1,100.3,12,915,30.00,2026-09-12T07:40:49.103917+08:00,2069,79.0,37.0,DISCHARGING,2026-09-12T07:40:31.158917+08:00,20014,TRAIL,0.50,2026-09-12T07:38:40.314259+08:00,130858,,,,1618.1,6.4,GOOD
4616a89e-6aa7-461f-abf0-d8186b0aab26,2026-09-12T07:41:01.180894+08:00,2026-09-12T07:40:51.180894+08:00,10,10.3435264,123.8102692,2026-09-11T23:40:55Z,6898,6.9,8.4,458.90,0.00,6.17,,,2026-09-12T07:40:54.294806+08:00,6886,0,0,,,0,0,0,0,0,0,0,0,0,0,502,0.5463,9.5234,-1.3616,9.8237,1.4913,9.9363,201,0.0147,-0.0293,-0.0713,1.8295,1.0698,2.1193,201,-0.0237,0.0385,-0.0352,0.6077,0.4211,0.7393,0.64953,0.27590,0.23510,0.66837,42.4,3.6,89.8,12,927,20.00,2026-09-12T07:40:59.702894+08:00,1478,79.0,37.0,DISCHARGING,2026-09-12T07:40:31.158894+08:00,30022,TRAIL,0.50,2026-09-12T07:38:40.314259+08:00,140866,,,,1619.4,6.9,GOOD
4616a89e-6aa7-461f-abf0-d8186b0aab26,2026-09-12T07:41:11.188+08:00,2026-09-12T07:41:01.188+08:00,10,10.3434948,123.8102750,2026-09-11T23:41:06Z,5904,8.7,10.0,461.34,0.66,1.17,225.8,67.0,2026-09-12T07:41:10.297019+08:00,891,0,0,,,0,0,0,0,0,0,0,0,0,0,502,0.4826,9.4930,-0.8199,9.8276,1.8459,9.9995,201,-0.0160,-0.0346,-0.0693,1.9854,1.3116,2.3795,201,0.0071,0.0195,0.0046,0.4907,0.2475,0.5496,0.67619,0.30480,0.27181,0.61318,48.2,0.4,95.8,15,942,29.00,2026-09-12T07:41:09.304+08:00,1884,79.0,37.0,DISCHARGING,2026-09-12T07:40:31.159+08:00,40029,TRAIL,0.50,2026-09-12T07:38:40.314259+08:00,150873,,,,1622.9,8.7,GOOD
4616a89e-6aa7-461f-abf0-d8186b0aab26,2026-09-12T07:41:21.194374+08:00,2026-09-12T07:41:11.194374+08:00,10,10.3434177,123.8103187,2026-09-11T23:41:21Z,911,10.3,12.8,469.78,0.33,0.88,172.1,79.3,2026-09-12T07:41:20.297225+08:00,897,95,0,11.36,38.40,21,0,7,0,43,0,19,0,3,0,506,1.0566,9.3938,-1.6670,9.8248,1.7300,9.9760,201,0.0142,-0.0509,-0.0023,2.0408,1.1144,2.3252,201,0.0140,0.0025,0.0050,0.4269,0.1985,0.4708,0.69659,0.26818,0.28558,0.60107,46.0,-4.3,96.6,13,955,26.00,2026-09-12T07:41:19.905374+08:00,1289,79.0,37.0,DISCHARGING,2026-09-12T07:40:31.159374+08:00,50035,TRAIL,0.50,2026-09-12T07:38:40.314259+08:00,160880,,,,1633.8,10.3,GOOD
4616a89e-6aa7-461f-abf0-d8186b0aab26,2026-09-12T07:41:31.203133+08:00,2026-09-12T07:41:21.203133+08:00,10,10.3434054,123.8103456,2026-09-11T23:41:30Z,1919,9.6,12.0,470.89,0.36,0.87,149.4,76.9,2026-09-12T07:41:29.295098+08:00,1907,95,0,12.03,39.60,21,0,7,0,43,0,19,0,3,0,502,0.6583,9.4680,-1.8859,9.8879,1.6223,10.0201,200,-0.0151,0.0175,-0.1270,1.9063,1.1216,2.2118,200,0.0023,-0.0219,-0.0020,0.4833,0.2724,0.5548,0.76223,0.23306,0.17917,0.57671,34.2,-0.2,105.7,10,965,49.00,2026-09-12T07:41:29.505133+08:00,1698,78.0,37.0,DISCHARGING,2026-09-12T07:41:31.204133+08:00,-1,TRAIL,0.50,2026-09-12T07:38:40.314259+08:00,170888,,,,1637.0,9.6,GOOD
4616a89e-6aa7-461f-abf0-d8186b0aab26,2026-09-12T07:41:41.209738+08:00,2026-09-12T07:41:31.209738+08:00,10,10.3433857,123.8103741,2026-09-11T23:41:37Z,4926,8.7,9.4,470.54,0.00,0.01,,,2026-09-12T07:41:36.295761+08:00,4914,94,0,12.72,40.40,21,0,7,0,43,0,19,0,2,0,502,0.6085,9.3993,-1.4658,9.7685,1.4763,9.8794,201,-0.0180,-0.1051,-0.0432,1.8226,1.0507,2.1037,201,-0.0123,0.0378,-0.0089,0.4535,0.1977,0.4948,0.69273,0.33800,0.29547,0.56443,53.3,-1.6,100.9,12,977,56.00,2026-09-12T07:41:38.702738+08:00,2507,78.0,37.0,DISCHARGING,2026-09-12T07:41:31.202738+08:00,10007,TRAIL,0.50,2026-09-12T07:38:40.314259+08:00,180895,,,,1640.8,8.7,GOOD
4616a89e-6aa7-461f-abf0-d8186b0aab26,2026-09-12T07:41:51.216514+08:00,2026-09-12T07:41:41.216514+08:00,10,10.3433675,123.8103854,2026-09-11T23:41:45Z,6933,7.8,8.6,473.08,0.35,0.87,230.2,77.3,2026-09-12T07:41:50.291808+08:00,924,0,0,,,0,0,0,0,0,0,0,0,0,0,502,0.2501,9.5352,-1.2276,9.8088,1.4745,9.9190,201,-0.0168,-0.0279,-0.1163,1.6994,1.1469,2.0502,201,-0.0286,-0.0383,0.0017,0.4064,0.1998,0.4529,0.66031,0.17108,0.20819,0.70099,31.2,-2.0,86.0,12,989,56.00,2026-09-12T07:41:38.703514+08:00,12513,78.0,37.0,DISCHARGING,2026-09-12T07:41:31.203514+08:00,20013,TRAIL,0.50,2026-09-12T07:38:40.314259+08:00,190902,,,,1643.2,7.8,GOOD
4616a89e-6aa7-461f-abf0-d8186b0aab26,2026-09-12T07:42:01.222805+08:00,2026-09-12T07:41:51.222805+08:00,10,10.3433493,123.8104390,2026-09-11T23:42:01Z,939,8.7,10.9,479.80,0.39,0.85,99.2,74.2,2026-09-12T07:42:00.294474+08:00,929,94,0,12.78,35.90,21,0,7,0,43,0,19,0,2,0,502,1.2134,9.4240,-0.6543,9.8259,1.3453,9.9175,201,0.0182,-0.0637,0.0020,1.7116,1.0433,2.0045,201,0.0300,0.0478,0.0120,0.4754,0.2075,0.5187,0.70720,0.26051,0.33130,0.56766,49.1,-10.0,97.9,10,999,88.00,2026-09-12T07:41:59.702805+08:00,1520,78.0,37.0,DISCHARGING,2026-09-12T07:41:31.202805+08:00,30020,TRAIL,0.50,2026-09-12T07:38:40.314259+08:00,200908,,,,1650.2,8.7,GOOD
4616a89e-6aa7-461f-abf0-d8186b0aab26,2026-09-12T07:42:11.230817+08:00,2026-09-12T07:42:01.230817+08:00,10,10.3433084,123.8104560,2026-09-11T23:42:09Z,2947,6.1,9.1,478.08,0.28,0.88,135.8,83.2,2026-09-12T07:42:08.295918+08:00,2934,94,0,12.29,38.30,21,0,7,0,43,0,19,0,2,0,501,0.5568,9.4396,-1.6263,9.8484,1.5365,9.9675,201,-0.0048,-0.0646,-0.0870,1.8062,1.1223,2.1265,201,-0.0130,-0.0598,-0.0034,0.4575,0.2587,0.5256,0.72109,0.05866,0.04711,0.68874,8.6,0.7,92.7,10,1009,89.00,2026-09-12T07:42:09.503817+08:00,1727,78.0,37.0,DISCHARGING,2026-09-12T07:41:31.203817+08:00,40027,TRAIL,0.50,2026-09-12T07:38:40.314259+08:00,210916,,,,1655.1,6.1,GOOD
4616a89e-6aa7-461f-abf0-d8186b0aab26,2026-09-12T07:42:21.237259+08:00,2026-09-12T07:42:11.237259+08:00,10,10.3432668,123.8104768,2026-09-11T23:42:17Z,4956,8.1,10.9,479.84,0.44,0.87,135.7,70.9,2026-09-12T07:42:16.297248+08:00,4940,94,0,12.40,39.80,21,0,7,0,43,0,19,0,2,0,502,0.2554,9.5577,-1.2093,9.8235,1.4719,9.9331,201,-0.0141,-0.0140,-0.0363,1.8007,0.9571,2.0392,201,0.0112,0.0372,0.0077,0.4064,0.1881,0.4478,0.70445,0.27818,0.28571,0.58714,46.8,-4.4,98.5,13,1022,60.00,2026-09-12T07:42:14.503259+08:00,6734,78.0,37.0,DISCHARGING,2026-09-12T07:41:31.203259+08:00,50034,TRAIL,0.50,2026-09-12T07:38:40.314259+08:00,220923,,,,1660.3,8.1,GOOD
4616a89e-6aa7-461f-abf0-d8186b0aab26,2026-09-12T07:42:31.249173+08:00,2026-09-12T07:42:21.249173+08:00,10,10.3432332,123.8105386,2026-09-11T23:42:25Z,6966,9.5,12.1,486.93,0.50,0.88,128.5,66.8,2026-09-12T07:42:30.290836+08:00,957,0,0,,,0,0,0,0,0,0,0,0,0,0,494,0.9204,9.3869,-1.7714,9.7988,1.6439,9.9357,194,-0.0099,-0.0589,-0.1227,1.9465,1.0728,2.2226,193,-0.0126,0.0241,0.0039,0.4852,0.2079,0.5279,0.67486,0.30656,0.37546,0.55643,57.5,-9.5,95.8,13,1035,74.00,2026-09-12T07:42:28.105173+08:00,3144,78.0,37.0,DISCHARGING,2026-09-12T07:42:31.250173+08:00,-1,TRAIL,0.50,2026-09-12T07:38:40.314259+08:00,230934,,,,1668.0,9.5,GOOD
4616a89e-6aa7-461f-abf0-d8186b0aab26,2026-09-12T07:42:41.255438+08:00,2026-09-12T07:42:31.255438+08:00,10,10.3431844,123.8105609,2026-09-11T23:42:41Z,972,8.6,11.1,479.88,0.44,0.86,163.2,70.6,2026-09-12T07:42:40.29403+08:00,961,94,0,12.47,40.10,21,0,7,0,43,0,19,0,2,0,502,0.8982,9.5071,-1.4963,9.8812,1.6547,10.0188,,,,,,,,,,,,,,,0.67486,0.30656,0.37546,0.55643,57.5,-9.5,95.8,0,1035,74.00,2026-09-12T07:42:28.104438+08:00,13151,78.0,37.0,DISCHARGING,2026-09-12T07:42:31.249438+08:00,10006,TRAIL,0.50,2026-09-12T07:38:40.314259+08:00,240941,,,,1673.9,8.6,GOOD
4616a89e-6aa7-461f-abf0-d8186b0aab26,2026-09-12T07:42:51.260823+08:00,2026-09-12T07:42:41.260823+08:00,10,10.3431391,123.8106098,2026-09-11T23:42:49Z,2977,7.1,10.1,486.39,0.43,0.87,163.9,71.6,2026-09-12T07:42:48.294315+08:00,2967,94,0,12.23,38.30,21,0,7,0,43,0,19,0,2,0,502,-0.2369,9.4209,-1.4616,9.7667,1.3967,9.8660,,,,,,,,,,,,,,,0.67486,0.30656,0.37546,0.55643,57.5,-9.5,95.8,0,1035,74.00,2026-09-12T07:42:28.103823+08:00,23157,78.0,37.0,DISCHARGING,2026-09-12T07:42:31.248823+08:00,20012,TRAIL,0.50,2026-09-12T07:38:40.314259+08:00,250946,,,,1681.2,7.1,GOOD
4616a89e-6aa7-461f-abf0-d8186b0aab26,2026-09-12T07:43:01.266942+08:00,2026-09-12T07:42:51.266942+08:00,10,10.3431084,123.8106040,2026-09-11T23:42:57Z,4983,6.4,9.2,486.50,0.00,0.01,,,2026-09-12T07:42:56.30062+08:00,4966,94,0,12.45,40.10,21,0,7,0,43,0,19,0,2,0,502,0.8997,9.5042,-1.4482,9.8297,1.3892,9.9274,,,,,,,,,,,,,,,0.67486,0.30656,0.37546,0.55643,57.5,-9.5,95.8,0,1035,74.00,2026-09-12T07:42:28.103942+08:00,33163,78.0,37.0,DISCHARGING,2026-09-12T07:42:31.248942+08:00,30018,TRAIL,0.50,2026-09-12T07:38:40.314259+08:00,260952,,,,1684.7,6.4,GOOD
4616a89e-6aa7-461f-abf0-d8186b0aab26,2026-09-12T07:43:11.272624+08:00,2026-09-12T07:43:01.272624+08:00,10,10.3431011,123.8106011,2026-09-11T23:43:05Z,6989,5.5,8.2,484.62,0.21,0.89,130.4,88.4,2026-09-12T07:43:10.293231+08:00,980,0,0,,,0,0,0,0,0,0,0,0,0,0,502,0.8273,9.4456,-1.4316,9.7724,1.3653,9.8673,,,,,,,,,,,,,,,0.67486,0.30656,0.37546,0.55643,57.5,-9.5,95.8,0,1035,74.00,2026-09-12T07:42:28.103624+08:00,43169,78.0,37.0,DISCHARGING,2026-09-12T07:42:31.248624+08:00,40024,TRAIL,0.50,2026-09-12T07:38:40.314259+08:00,270958,,,,1685.6,5.5,GOOD
4616a89e-6aa7-461f-abf0-d8186b0aab26,2026-09-12T07:43:21.278894+08:00,2026-09-12T07:43:11.278894+08:00,10,10.3430784,123.8105923,2026-09-11T23:43:21Z,995,7.0,8.7,476.68,0.64,0.93,198.0,59.9,2026-09-12T07:43:20.293656+08:00,985,95,0,12.99,35.80,21,0,7,0,43,0,19,0,3,0,502,0.5871,9.3809,-2.1192,9.8266,1.5971,9.9555,,,,,,,,,,,,,,,0.67486,0.30656,0.37546,0.55643,57.5,-9.5,95.8,0,1035,74.00,2026-09-12T07:42:28.103894+08:00,53175,78.0,37.0,DISCHARGING,2026-09-12T07:42:31.248894+08:00,50030,TRAIL,0.50,2026-09-12T07:38:40.314259+08:00,280964,,,,1688.8,7.0,GOOD
4616a89e-6aa7-461f-abf0-d8186b0aab26,2026-09-12T07:43:31.288668+08:00,2026-09-12T07:43:21.288668+08:00,10,10.3430784,123.8105544,2026-09-11T23:43:29Z,3006,6.1,7.9,475.41,0.00,0.01,,,2026-09-12T07:43:28.293301+08:00,2993,94,0,13.28,36.70,21,0,7,0,43,0,19,0,2,0,502,0.8825,9.2999,-2.1642,9.7848,1.5525,9.9072,,,,,,,,,,,,,,,0.67486,0.30656,0.37546,0.55643,57.5,-9.5,95.8,0,1035,74.00,2026-09-12T07:42:28.106668+08:00,63182,78.0,37.0,DISCHARGING,2026-09-12T07:43:31.291668+08:00,-3,TRAIL,0.50,2026-09-12T07:38:40.314259+08:00,290974,,,,1692.9,6.1,GOOD
4616a89e-6aa7-461f-abf0-d8186b0aab26,2026-09-12T07:43:41.296117+08:00,2026-09-12T07:43:31.296117+08:00,10,10.3431020,123.8105311,2026-09-11T23:43:37Z,5013,8.1,11.1,479.60,0.00,0.07,,,2026-09-12T07:43:36.293345+08:00,5003,94,0,12.36,36.70,21,0,7,0,43,0,19,0,2,0,514,0.5056,9.4710,-1.3955,9.8240,1.6897,9.9682,,,,,,,,,,,,,,,0.67486,0.30656,0.37546,0.55643,57.5,-9.5,95.8,0,1035,74.00,2026-09-12T07:42:28.104117+08:00,73192,78.0,37.0,DISCHARGING,2026-09-12T07:43:31.289117+08:00,10007,TRAIL,0.50,2026-09-12T07:38:40.314259+08:00,300981,,,,1696.6,8.1,GOOD
4616a89e-6aa7-461f-abf0-d8186b0aab26,2026-09-12T07:43:51.302827+08:00,2026-09-12T07:43:41.302827+08:00,10,10.3430886,123.8105068,2026-09-11T23:43:45Z,7020,10.7,12.5,480.46,0.00,0.08,,,2026-09-12T07:43:51.293397+08:00,10,0,0,,,0,0,0,0,0,0,0,0,0,0,502,0.5694,9.5820,-0.5674,9.7684,1.4355,9.8733,,,,,,,,,,,,,,,0.67486,0.30656,0.37546,0.55643,57.5,-9.5,95.8,0,1035,74.00,2026-09-12T07:42:28.103827+08:00,83199,78.0,37.0,DISCHARGING,2026-09-12T07:43:31.288827+08:00,20014,TRAIL,0.50,2026-09-12T07:38:40.314259+08:00,310988,,,,1699.6,10.7,GOOD
4616a89e-6aa7-461f-abf0-d8186b0aab26,2026-09-12T07:44:01.308456+08:00,2026-09-12T07:43:51.308456+08:00,10,10.3430878,123.8104855,2026-09-11T23:44:01Z,1026,5.0,6.5,480.98,0.00,0.01,,,2026-09-12T07:44:00.295305+08:00,1013,94,0,14.63,41.20,21,0,7,0,43,0,19,0,2,0,502,0.3780,9.5004,-1.5433,9.7507,1.2810,9.8345,,,,,,,,,,,,,,,0.67486,0.30656,0.37546,0.55643,57.5,-9.5,95.8,0,1035,74.00,2026-09-12T07:42:28.104456+08:00,93204,78.0,37.0,DISCHARGING,2026-09-12T07:43:31.289456+08:00,30019,TRAIL,0.50,2026-09-12T07:38:40.314259+08:00,320994,,,,1705.8,5.0,GOOD
4616a89e-6aa7-461f-abf0-d8186b0aab26,2026-09-12T07:44:11.314393+08:00,2026-09-12T07:44:01.314393+08:00,10,10.3431244,123.8104390,2026-09-11T23:44:09Z,3031,6.2,9.1,482.81,0.22,0.86,336.3,88.2,2026-09-12T07:44:08.292365+08:00,3022,94,0,14.17,38.40,21,0,7,0,43,0,19,0,2,0,502,0.7339,9.5265,-1.4369,9.8028,1.4529,9.9099,,,,,,,,,,,,,,,0.67486,0.30656,0.37546,0.55643,57.5,-9.5,95.8,0,1035,74.00,2026-09-12T07:42:28.104393+08:00,103210,78.0,37.0,DISCHARGING,2026-09-12T07:43:31.289393+08:00,40025,TRAIL,0.50,2026-09-12T07:38:40.314259+08:00,331000,,,,1712.3,6.2,GOOD
4616a89e-6aa7-461f-abf0-d8186b0aab26,2026-09-12T07:44:21.319785+08:00,2026-09-12T07:44:11.319785+08:00,10,10.3430741,123.8103834,2026-09-11T23:44:17Z,5037,6.4,9.2,484.75,0.00,0.07,,,2026-09-12T07:44:16.292212+08:00,5028,94,0,11.44,38.60,21,0,7,0,43,0,19,0,2,0,502,0.4835,9.6655,-0.3206,9.7099,0.2022,9.7120,,,,,,,,,,,,,,,0.67486,0.30656,0.37546,0.55643,57.5,-9.5,95.8,0,1035,74.00,2026-09-12T07:42:28.103785+08:00,113216,78.0,37.0,DISCHARGING,2026-09-12T07:43:31.288785+08:00,50031,TRAIL,0.50,2026-09-12T07:38:40.314259+08:00,341005,,,,1720.5,6.4,GOOD
4616a89e-6aa7-461f-abf0-d8186b0aab26,2026-09-12T07:44:31.327329+08:00,2026-09-12T07:44:21.327329+08:00,10,10.3430772,123.8103931,2026-09-11T23:44:25Z,7045,8.4,10.8,483.64,0.00,0.08,,,2026-09-12T07:44:31.289163+08:00,36,0,0,,,0,0,0,0,0,0,0,0,0,0,501,0.6146,9.6263,-0.6261,9.7871,1.0791,9.8464,,,,,,,,,,,,,,,0.67486,0.30656,0.37546,0.55643,57.5,-9.5,95.8,0,1035,74.00,2026-09-12T07:42:28.106329+08:00,123221,77.0,37.0,DISCHARGING,2026-09-12T07:44:31.329329+08:00,-2,TRAIL,0.50,2026-09-12T07:38:40.314259+08:00,351013,,,,1721.7,8.4,GOOD
4616a89e-6aa7-461f-abf0-d8186b0aab26,2026-09-12T07:44:41.333313+08:00,2026-09-12T07:44:31.333313+08:00,10,10.3431230,123.8103962,2026-09-11T23:44:41Z,1050,7.3,10.4,481.36,0.34,0.93,272.7,78.9,2026-09-12T07:44:40.29588+08:00,1037,94,0,12.16,37.70,21,0,7,0,43,0,19,0,2,0,502,0.6984,9.4448,-1.7638,9.8360,1.7229,9.9858,,,,,,,,,,,,,,,0.67486,0.30656,0.37546,0.55643,57.5,-9.5,95.8,0,1035,74.00,2026-09-12T07:42:28.104313+08:00,133229,77.0,37.0,DISCHARGING,2026-09-12T07:44:31.327313+08:00,10006,TRAIL,0.50,2026-09-12T07:38:40.314259+08:00,361019,,,,1727.8,7.3,GOOD
4616a89e-6aa7-461f-abf0-d8186b0aab26,2026-09-12T07:44:51.338924+08:00,2026-09-12T07:44:41.338924+08:00,10,10.3431402,123.8103572,2026-09-11T23:44:49Z,3056,7.1,9.7,483.82,0.00,0.08,,,2026-09-12T07:44:48.292608+08:00,3046,94,0,13.20,36.20,21,0,7,0,43,0,19,0,2,0,502,1.1587,9.4314,-1.2187,9.6842,0.5695,9.7009,,,,,,,,,,,,,,,0.67486,0.30656,0.37546,0.55643,57.5,-9.5,95.8,0,1035,74.00,2026-09-12T07:42:28.103924+08:00,143235,77.0,37.0,DISCHARGING,2026-09-12T07:44:31.326924+08:00,20012,TRAIL,0.50,2026-09-12T07:38:40.314259+08:00,371024,,,,1732.5,7.1,GOOD
4616a89e-6aa7-461f-abf0-d8186b0aab26,2026-09-12T07:45:01.346182+08:00,2026-09-12T07:44:51.346182+08:00,10,10.3431468,123.8103540,2026-09-11T23:44:57Z,5063,4.8,6.9,486.06,0.37,0.87,263.6,76.3,2026-09-12T07:44:56.292184+08:00,5054,92,0,13.44,36.70,19,0,7,0,43,0,19,0,2,0,502,1.0422,9.5376,-0.9560,9.8358,1.4462,9.9415,,,,,,,,,,,,,,,0.67486,0.30656,0.37546,0.55643,57.5,-9.5,95.8,0,1035,74.00,2026-09-12T07:42:28.104182+08:00,153242,77.0,37.0,DISCHARGING,2026-09-12T07:44:31.327182+08:00,30019,TRAIL,0.50,2026-09-12T07:38:40.314259+08:00,381031,,,,1733.3,4.8,GOOD
4616a89e-6aa7-461f-abf0-d8186b0aab26,2026-09-12T07:45:11.351762+08:00,2026-09-12T07:45:01.351762+08:00,10,10.3431481,123.8103630,2026-09-11T23:45:05Z,7069,6.1,9.1,490.78,0.00,0.08,,,2026-09-12T07:45:11.289158+08:00,63,0,0,,,0,0,0,0,0,0,0,0,0,0,502,0.9328,9.5601,-0.7710,9.7460,0.8803,9.7857,,,,,,,,,,,,,,,0.67486,0.30656,0.37546,0.55643,57.5,-9.5,95.8,0,1035,74.00,2026-09-12T07:42:28.103762+08:00,163248,77.0,37.0,DISCHARGING,2026-09-12T07:44:31.326762+08:00,40025,TRAIL,0.50,2026-09-12T07:38:40.314259+08:00,391037,,,,1734.3,6.1,GOOD
4616a89e-6aa7-461f-abf0-d8186b0aab26,2026-09-12T07:45:31.261486+08:00,2026-09-12T07:45:21.261486+08:00,10,10.3431916,123.8102261,2026-09-11T23:45:29Z,2980,6.4,8.0,487.53,0.41,0.87,288.5,73.4,2026-09-12T07:45:28.28928+08:00,2972,92,0,13.32,37.00,19,0,7,0,43,0,19,0,2,0,976,0.8223,9.4041,-1.7925,9.8178,1.7099,9.9656,,,,,,,,,,,,,,,0.67486,0.30656,0.37546,0.55643,57.5,-9.5,95.8,0,1035,74.00,2026-09-12T07:42:28.104486+08:00,183157,77.0,37.0,DISCHARGING,2026-09-12T07:44:31.327486+08:00,59934,TRAIL,0.50,2026-09-12T07:38:40.314259+08:00,410947,,,,1752.6,6.4,GOOD
4616a89e-6aa7-461f-abf0-d8186b0aab26,2026-09-12T07:46:03.244608+08:00,2026-09-12T07:45:53.244608+08:00,10,10.3432665,123.8101774,2026-09-11T23:46:01Z,2961,4.5,5.1,492.56,0.00,0.01,,,2026-09-12T07:46:00.292812+08:00,2950,92,0,14.11,41.30,19,0,7,0,43,0,19,0,2,0,1572,0.8626,9.4356,-1.5966,9.8170,1.5167,9.9335,,,,,,,,,,,,,,,0.67486,0.30656,0.37546,0.55643,57.5,-9.5,95.8,0,1035,74.00,2026-09-12T07:42:28.105608+08:00,215139,77.0,37.0,DISCHARGING,2026-09-12T07:46:03.246608+08:00,-2,TRAIL,0.50,2026-09-12T07:38:40.314259+08:00,442930,,,,1767.3,4.5,GOOD
4616a89e-6aa7-461f-abf0-d8186b0aab26,2026-09-12T07:46:29.404662+08:00,2026-09-12T07:46:19.404662+08:00,10,10.3432999,123.8100813,2026-09-11T23:46:25Z,5122,7.6,8.7,487.53,0.64,1.12,290.9,66.4,2026-09-12T07:46:24.292685+08:00,5112,92,0,12.90,38.60,19,0,7,0,43,0,19,0,2,0,1349,1.1043,9.3916,-1.7589,9.8487,1.5224,9.9657,,,,,,,,,,,,,,,0.67486,0.30656,0.37546,0.55643,57.5,-9.5,95.8,0,1035,74.00,2026-09-12T07:42:28.103662+08:00,241301,77.0,37.0,DISCHARGING,2026-09-12T07:46:03.244662+08:00,26160,TRAIL,0.50,2026-09-12T07:38:40.314259+08:00,469090,,,,1778.5,7.6,GOOD
4616a89e-6aa7-461f-abf0-d8186b0aab26,2026-09-12T07:46:39.976077+08:00,2026-09-12T07:46:29.976077+08:00,10,10.3433225,123.8100253,2026-09-11T23:46:33Z,7694,5.6,7.0,493.80,0.00,0.01,,,2026-09-12T07:46:39.2886+08:00,687,0,0,,,0,0,0,0,0,0,0,0,0,0,527,0.8632,9.4175,-1.8178,9.8903,1.5229,10.0069,,,,,,,,,,,,,,,0.67486,0.30656,0.37546,0.55643,57.5,-9.5,95.8,0,1035,74.00,2026-09-12T07:42:28.104077+08:00,251872,77.0,37.0,DISCHARGING,2026-09-12T07:46:03.245077+08:00,36731,TRAIL,0.50,2026-09-12T07:38:40.314259+08:00,479661,,,,1785.1,5.6,GOOD
4616a89e-6aa7-461f-abf0-d8186b0aab26,2026-09-12T07:46:49.98134+08:00,2026-09-12T07:46:39.98134+08:00,10,10.3433649,123.8099572,2026-09-11T23:46:49Z,1699,7.1,8.8,493.72,0.45,0.86,280.7,70.0,2026-09-12T07:46:48.292339+08:00,1689,92,0,14.05,38.30,19,0,7,0,43,0,19,0,2,0,502,1.0404,9.3403,-2.0430,9.8562,1.5778,9.9817,,,,,,,,,,,,,,,0.67486,0.30656,0.37546,0.55643,57.5,-9.5,95.8,0,1035,74.00,2026-09-12T07:42:28.10434+08:00,261877,77.0,37.0,DISCHARGING,2026-09-12T07:46:03.24534+08:00,46736,TRAIL,0.50,2026-09-12T07:38:40.314259+08:00,489667,,,,1795.3,7.1,GOOD
4616a89e-6aa7-461f-abf0-d8186b0aab26,2026-09-12T07:47:01.274033+08:00,2026-09-12T07:46:51.274033+08:00,10,10.3433675,123.8099109,2026-09-11T23:46:57Z,4991,6.0,7.3,495.86,0.55,0.91,245.8,64.9,2026-09-12T07:46:56.295883+08:00,4978,92,0,13.76,36.80,19,0,7,0,43,0,19,0,2,0,575,0.7293,9.3191,-1.8563,9.8143,1.6930,9.9592,,,,,,,,,,,,,,,0.67486,0.30656,0.37546,0.55643,57.5,-9.5,95.8,0,1035,74.00,2026-09-12T07:42:28.104033+08:00,273170,77.0,37.0,DISCHARGING,2026-09-12T07:46:03.245033+08:00,58029,TRAIL,0.50,2026-09-12T07:38:40.314259+08:00,500959,,,,1800.4,6.0,GOOD
4616a89e-6aa7-461f-abf0-d8186b0aab26,2026-09-12T07:47:17.57961+08:00,2026-09-12T07:47:07.57961+08:00,10,10.3433079,123.8098562,2026-09-11T23:47:13Z,5297,5.8,7.0,492.56,0.00,0.01,,,2026-09-12T07:47:12.292706+08:00,5284,94,0,15.06,37.40,19,0,7,0,43,0,19,0,4,0,815,1.0305,9.4495,-1.5636,9.8316,1.6340,9.9665,,,,,,,,,,,,,,,0.67486,0.30656,0.37546,0.55643,57.5,-9.5,95.8,0,1035,74.00,2026-09-12T07:42:28.10661+08:00,289473,77.0,37.0,DISCHARGING,2026-09-12T07:47:17.58261+08:00,-3,TRAIL,0.50,2026-09-12T07:38:40.314259+08:00,517265,,,,1809.9,5.8,GOOD
4616a89e-6aa7-461f-abf0-d8186b0aab26,2026-09-12T07:47:35.955953+08:00,2026-09-12T07:47:25.955953+08:00,10,10.3432224,123.8098489,2026-09-11T23:47:29Z,7673,6.8,8.8,493.24,0.43,0.88,156.4,71.8,2026-09-12T07:47:35.288024+08:00,668,0,0,,,0,0,0,0,0,0,0,0,0,0,914,1.2945,9.3988,-1.5495,9.7823,1.1967,9.8552,,,,,,,,,,,,,,,0.67486,0.30656,0.37546,0.55643,57.5,-9.5,95.8,0,1035,74.00,2026-09-12T07:42:28.103953+08:00,307852,77.0,37.0,DISCHARGING,2026-09-12T07:47:17.579953+08:00,18376,TRAIL,0.50,2026-09-12T07:38:40.314259+08:00,535641,,,,1819.6,6.8,GOOD
4616a89e-6aa7-461f-abf0-d8186b0aab26,2026-09-12T07:47:55.893007+08:00,2026-09-12T07:47:45.893007+08:00,10,10.3432276,123.8098757,2026-09-11T23:47:53Z,3611,3.8,3.9,493.04,0.00,0.08,,,2026-09-12T07:47:52.311309+08:00,3582,92,0,15.99,36.00,19,0,6,0,42,0,19,0,4,0,999,0.3850,9.5075,-1.6880,9.7306,0.5381,9.7455,118,-0.0331,-0.0012,0.0128,0.5169,0.3642,0.6323,,,,,,,,0.63035,-0.41242,-0.33106,0.56830,-63.8,-2.9,97.8,0,1035,74.00,2026-09-12T07:42:28.104007+08:00,327789,77.0,37.0,DISCHARGING,2026-09-12T07:47:17.580007+08:00,38313,TRAIL,0.50,2026-09-12T07:38:40.314259+08:00,555578,,,,1828.4,3.8,GOOD
4616a89e-6aa7-461f-abf0-d8186b0aab26,2026-09-12T07:48:05.899781+08:00,2026-09-12T07:47:55.899781+08:00,10,10.3432294,123.8098682,2026-09-11T23:48:01Z,5618,3.8,3.9,491.97,0.00,0.07,,,2026-09-12T07:48:00.292478+08:00,5608,92,0,16.66,36.70,19,0,6,0,42,0,19,0,4,0,502,0.2238,9.6076,-1.1758,9.6979,0.2203,9.7004,411,-0.0147,0.0088,-0.0159,0.3935,0.3223,0.5086,,,,,,,,0.63314,-0.41581,-0.35477,0.54807,-66.3,-0.4,98.5,0,1035,74.00,2026-09-12T07:42:28.103781+08:00,337796,77.0,37.0,DISCHARGING,2026-09-12T07:47:17.579781+08:00,48320,TRAIL,0.50,2026-09-12T07:38:40.314259+08:00,565585,,,,1829.3,3.8,GOOD
4616a89e-6aa7-461f-abf0-d8186b0aab26,2026-09-12T07:48:25.532332+08:00,2026-09-12T07:48:15.532332+08:00,10,10.3432304,123.8098552,2026-09-11T23:48:25Z,1249,3.8,3.0,492.76,0.00,0.08,,,2026-09-12T07:48:24.292896+08:00,1238,93,0,15.61,37.80,19,0,6,0,43,0,19,0,4,0,976,0.4440,9.6516,-0.6275,9.7197,0.4444,9.7298,,,,,,,,,,,,,,,0.63314,-0.41581,-0.35477,0.54807,-66.3,-0.4,98.5,0,1035,74.00,2026-09-12T07:42:28.105332+08:00,357427,77.0,37.0,DISCHARGING,2026-09-12T07:48:25.533332+08:00,-1,TRAIL,0.50,2026-09-12T07:38:40.314259+08:00,585218,,,,1830.7,3.8,GOOD
4616a89e-6aa7-461f-abf0-d8186b0aab26,2026-09-12T07:48:43.258571+08:00,2026-09-12T07:48:33.258571+08:00,10,10.3432579,123.8098621,2026-09-11T23:48:41Z,2975,3.8,3.5,493.89,0.00,0.08,,,2026-09-12T07:48:40.291682+08:00,2966,93,0,17.61,39.80,19,0,6,0,43,0,19,0,4,0,850,0.3876,9.6338,-0.6690,9.7452,0.7017,9.7704,,,,,,,,,,,,,,,0.63314,-0.41581,-0.35477,0.54807,-66.3,-0.4,98.5,0,1035,74.00,2026-09-12T07:42:28.104571+08:00,375154,77.0,37.0,DISCHARGING,2026-09-12T07:48:25.532571+08:00,17726,TRAIL,0.50,2026-09-12T07:38:40.314259+08:00,602944,,,,1834.3,3.8,GOOD
4616a89e-6aa7-461f-abf0-d8186b0aab26,2026-09-12T07:49:09.321683+08:00,2026-09-12T07:48:59.321683+08:00,10,10.3432605,123.8098583,2026-09-11T23:49:05Z,5042,3.8,2.9,495.62,0.00,0.08,,,2026-09-12T07:49:04.291596+08:00,5030,93,0,15.32,40.70,19,0,6,0,43,0,19,0,4,0,1352,1.0504,9.6007,-0.3262,9.7565,0.6527,9.7784,,,,,,,,,,,,,,,0.63314,-0.41581,-0.35477,0.54807,-66.3,-0.4,98.5,0,1035,74.00,2026-09-12T07:42:28.103683+08:00,401218,77.0,37.0,DISCHARGING,2026-09-12T07:48:25.531683+08:00,43790,TRAIL,0.50,2026-09-12T07:38:40.314259+08:00,629007,,,,1835.5,3.8,GOOD
4616a89e-6aa7-461f-abf0-d8186b0aab26,2026-09-12T07:49:32.269675+08:00,2026-09-12T07:49:22.269675+08:00,10,10.3432608,123.8098300,2026-09-11T23:49:29Z,3986,3.8,4.1,493.73,0.00,0.02,,,2026-09-12T07:49:28.319955+08:00,3948,93,0,18.00,39.80,19,0,6,0,43,0,19,0,4,0,1137,0.8646,9.4288,-1.3559,9.8306,1.3891,9.9282,,,,,,,,,,,,,,,0.63314,-0.41581,-0.35477,0.54807,-66.3,-0.4,98.5,0,1035,74.00,2026-09-12T07:42:28.105675+08:00,424164,76.0,37.0,DISCHARGING,2026-09-12T07:49:32.271675+08:00,-2,TRAIL,0.50,2026-09-12T07:38:40.314259+08:00,651955,,,,1839.4,3.8,GOOD
4616a89e-6aa7-461f-abf0-d8186b0aab26,2026-09-12T07:49:51.560883+08:00,2026-09-12T07:49:41.560883+08:00,10,10.3432592,123.8098323,2026-09-11T23:49:45Z,7277,3.8,2.8,494.17,0.00,0.08,,,2026-09-12T07:49:51.287939+08:00,273,0,0,,,0,0,0,0,0,0,0,0,0,0,978,1.0917,9.6287,-0.1688,9.7136,0.4059,9.7220,,,,,,,,,,,,,,,0.63314,-0.41581,-0.35477,0.54807,-66.3,-0.4,98.5,0,1035,74.00,2026-09-12T07:42:28.103883+08:00,443457,76.0,37.0,DISCHARGING,2026-09-12T07:49:32.269883+08:00,19291,TRAIL,0.50,2026-09-12T07:38:40.314259+08:00,671246,,,,1840.3,3.8,GOOD
4616a89e-6aa7-461f-abf0-d8186b0aab26,2026-09-12T07:50:02.133134+08:00,2026-09-12T07:49:52.133134+08:00,10,10.3432577,123.8098397,2026-09-11T23:50:01Z,1850,3.8,2.5,495.50,0.00,0.08,,,2026-09-12T07:50:00.300861+08:00,1832,93,0,17.04,39.50,19,0,6,0,43,0,19,0,4,0,527,1.0292,9.6323,-0.3216,9.7240,0.2175,9.7265,,,,,,,,,,,,,,,0.63314,-0.41581,-0.35477,0.54807,-66.3,-0.4,98.5,0,1035,74.00,2026-09-12T07:42:28.104134+08:00,454029,76.0,37.0,DISCHARGING,2026-09-12T07:49:32.270134+08:00,29863,TRAIL,0.50,2026-09-12T07:38:40.314259+08:00,681818,,,,1841.4,3.8,GOOD
4616a89e-6aa7-461f-abf0-d8186b0aab26,2026-09-12T07:50:13.244445+08:00,2026-09-12T07:50:03.244445+08:00,10,10.3432639,123.8098478,2026-09-11T23:50:09Z,4961,3.8,2.5,495.44,0.00,0.08,,,2026-09-12T07:50:08.294994+08:00,4949,94,0,16.04,39.10,19,0,7,0,43,0,19,0,4,0,551,0.3919,9.5784,-0.6005,9.7068,0.4601,9.7177,,,,,,,,,,,,,,,0.63314,-0.41581,-0.35477,0.54807,-66.3,-0.4,98.5,0,1035,74.00,2026-09-12T07:42:28.104445+08:00,465140,76.0,37.0,DISCHARGING,2026-09-12T07:49:32.270445+08:00,40974,TRAIL,0.50,2026-09-12T07:38:40.314259+08:00,692930,,,,1842.6,3.8,GOOD
4616a89e-6aa7-461f-abf0-d8186b0aab26,2026-09-12T07:50:35.244787+08:00,2026-09-12T07:50:25.244787+08:00,10,10.3432603,123.8098545,2026-09-11T23:50:33Z,2961,3.8,2.5,496.81,0.00,0.08,,,2026-09-12T07:50:33.318256+08:00,1925,0,0,,,0,0,0,0,0,0,0,0,0,0,1104,0.8149,9.6437,-0.0140,9.7114,0.3175,9.7166,,,,,,,,,,,,,,,0.63314,-0.41581,-0.35477,0.54807,-66.3,-0.4,98.5,0,1035,74.00,2026-09-12T07:42:28.105787+08:00,487139,76.0,37.0,DISCHARGING,2026-09-12T07:50:35.246787+08:00,-2,TRAIL,0.50,2026-09-12T07:38:40.314259+08:00,714930,,,,1843.6,3.8,GOOD
4616a89e-6aa7-461f-abf0-d8186b0aab26,2026-09-12T07:50:53.216762+08:00,2026-09-12T07:50:43.216762+08:00,10,10.3432271,123.8098635,2026-09-11T23:50:49Z,4934,5.8,5.6,495.31,0.00,0.09,,,2026-09-12T07:50:48.306525+08:00,4910,94,0,17.43,40.10,19,0,7,0,43,0,19,0,4,0,898,0.9399,9.6382,0.1221,9.7128,0.2709,9.7166,,,,,,,,,,,,,,,0.63314,-0.41581,-0.35477,0.54807,-66.3,-0.4,98.5,0,1035,74.00,2026-09-12T07:42:28.103762+08:00,505113,76.0,37.0,DISCHARGING,2026-09-12T07:50:35.244762+08:00,17972,TRAIL,0.50,2026-09-12T07:38:40.314259+08:00,732902,,,,1847.9,5.8,GOOD
4616a89e-6aa7-461f-abf0-d8186b0aab26,2026-09-12T07:51:23.209427+08:00,2026-09-12T07:51:13.209427+08:00,10,10.3432563,123.8098505,2026-09-11T23:51:21Z,2926,6.0,6.7,497.15,0.00,0.09,,,2026-09-12T07:51:20.31652+08:00,2892,94,0,17.16,41.40,19,0,7,0,43,0,19,0,4,0,1502,0.6131,9.6646,-0.0131,9.7137,0.3246,9.7191,,,,,,,,,,,,,,,0.63314,-0.41581,-0.35477,0.54807,-66.3,-0.4,98.5,0,1035,74.00,2026-09-12T07:42:28.104427+08:00,535105,76.0,37.0,DISCHARGING,2026-09-12T07:50:35.245427+08:00,47964,TRAIL,0.50,2026-09-12T07:38:40.314259+08:00,762895,,,,1851.7,6.0,GOOD
4616a89e-6aa7-461f-abf0-d8186b0aab26,2026-09-12T07:51:50.059524+08:00,2026-09-12T07:51:40.059524+08:00,10,10.3432541,123.8098504,2026-09-11T23:51:45Z,5777,7.5,7.7,497.65,0.00,0.09,,,2026-09-12T07:51:44.292711+08:00,5765,94,0,16.30,39.10,19,0,7,0,43,0,19,0,4,0,1339,0.6815,9.6371,-0.2552,9.7363,0.5151,9.7500,,,,,,,,,,,,,,,0.63314,-0.41581,-0.35477,0.54807,-66.3,-0.4,98.5,0,1035,74.00,2026-09-12T07:42:28.105524+08:00,561954,76.0,37.0,DISCHARGING,2026-09-12T07:51:50.060524+08:00,-1,TRAIL,0.50,2026-09-12T07:38:40.314259+08:00,789745,,,,1852.2,7.5,GOOD
4616a89e-6aa7-461f-abf0-d8186b0aab26,2026-09-12T07:52:26.987741+08:00,2026-09-12T07:52:16.987741+08:00,10,10.3432479,123.8098502,2026-09-11T23:52:25Z,2706,6.5,6.9,497.33,0.00,0.09,,,2026-09-12T07:52:24.32618+08:00,2662,93,0,16.77,40.60,19,0,7,0,43,0,19,0,3,0,1849,0.4978,9.6537,-0.2195,9.7054,0.2596,9.7089,,,,,,,,,,,,,,,0.63314,-0.41581,-0.35477,0.54807,-66.3,-0.4,98.5,0,1035,74.00,2026-09-12T07:42:28.103741+08:00,598884,76.0,37.0,DISCHARGING,2026-09-12T07:51:50.058741+08:00,36929,TRAIL,0.50,2026-09-12T07:38:40.314259+08:00,826673,,,,1853.3,6.5,GOOD
4616a89e-6aa7-461f-abf0-d8186b0aab26,2026-09-12T07:52:56.968887+08:00,2026-09-12T07:52:46.968887+08:00,10,10.3432257,123.8098599,2026-09-11T23:52:57Z,687,8.2,8.6,496.58,0.00,0.09,,,2026-09-12T07:52:56.289926+08:00,678,94,0,16.17,39.40,19,0,7,0,43,0,19,0,4,0,1501,0.6347,9.5090,-1.2197,9.7776,1.2805,9.8611,,,,,,,,,,,,,,,0.63314,-0.41581,-0.35477,0.54807,-66.3,-0.4,98.5,0,1035,74.00,2026-09-12T07:42:28.104887+08:00,628864,76.0,37.0,DISCHARGING,2026-09-12T07:52:56.969887+08:00,-1,TRAIL,0.50,2026-09-12T07:38:40.314259+08:00,856654,,,,1856.1,8.2,GOOD
4616a89e-6aa7-461f-abf0-d8186b0aab26,2026-09-12T07:53:26.977273+08:00,2026-09-12T07:53:16.977273+08:00,10,10.3431959,123.8098840,2026-09-11T23:53:21Z,6695,6.7,7.7,494.69,0.00,0.09,,,2026-09-12T07:53:26.288646+08:00,688,0,0,,,0,0,0,0,0,0,0,0,0,0,1495,0.3834,9.2807,-2.4053,9.8361,1.8815,10.0145,,,,,,,,,,,,,,,0.63314,-0.41581,-0.35477,0.54807,-66.3,-0.4,98.5,0,1035,74.00,2026-09-12T07:42:28.104273+08:00,658873,76.0,37.0,DISCHARGING,2026-09-12T07:52:56.969273+08:00,30008,TRAIL,0.50,2026-09-12T07:38:40.314259+08:00,886663,,,,1860.5,6.7,GOOD
4616a89e-6aa7-461f-abf0-d8186b0aab26,2026-09-12T07:53:58.844681+08:00,2026-09-12T07:53:48.844681+08:00,10,10.3429603,123.8101318,2026-09-11T23:53:53Z,6563,4.2,5.7,504.77,0.70,0.85,142.9,54.2,2026-09-12T07:53:58.296151+08:00,547,0,0,,,0,0,0,0,0,0,0,0,0,0,1591,0.1988,9.3943,-2.0262,9.8706,1.8215,10.0373,,,,,,,,,,,,,,,0.63314,-0.41581,-0.35477,0.54807,-66.3,-0.4,98.5,0,1035,74.00,2026-09-12T07:42:28.105681+08:00,690739,76.0,37.0,DISCHARGING,2026-09-12T07:53:58.846681+08:00,-2,TRAIL,0.50,2026-09-12T07:38:40.314259+08:00,918530,,,,1898.1,4.2,GOOD
4616a89e-6aa7-461f-abf0-d8186b0aab26,2026-09-12T07:54:28.946826+08:00,2026-09-12T07:54:18.946826+08:00,10,10.3428081,123.8102172,2026-09-11T23:54:25Z,4665,5.3,6.6,514.37,0.00,0.01,,,2026-09-12T07:54:24.299204+08:00,4648,94,0,17.64,40.90,19,0,7,0,43,0,19,0,4,0,1500,0.9000,9.3370,-1.8860,9.8113,1.4737,9.9214,,,,,,,,,,,,,,,0.63314,-0.41581,-0.35477,0.54807,-66.3,-0.4,98.5,0,1035,74.00,2026-09-12T07:42:28.103826+08:00,720843,76.0,37.0,DISCHARGING,2026-09-12T07:53:58.844826+08:00,30102,TRAIL,0.50,2026-09-12T07:38:40.314259+08:00,948632,,,,1917.6,5.3,GOOD
4616a89e-6aa7-461f-abf0-d8186b0aab26,2026-09-12T07:54:41.421623+08:00,2026-09-12T07:54:31.421623+08:00,10,10.3428202,123.8102447,2026-09-11T23:54:39.422Z,2720,5.9,7.9,510.73,0.89,0.83,49.8,39.5,2026-09-12T07:54:41.291411+08:00,131,94,42,17.35,42.00,19,8,7,3,43,25,19,6,4,0,621,0.5975,9.4662,-1.6346,9.8564,1.9814,10.0536,,,,,,,,212,0.0297,-0.0257,0.0005,0.5021,0.2290,0.5519,0.63314,-0.41581,-0.35477,0.54807,-66.3,-0.4,98.5,0,1035,74.00,2026-09-12T07:42:28.103623+08:00,733318,76.0,37.0,DISCHARGING,2026-09-12T07:53:58.844623+08:00,42577,UNPAVED,0.50,2026-09-12T07:54:39.243292+08:00,2178,,,,1922.8,5.9,GOOD
4616a89e-6aa7-461f-abf0-d8186b0aab26,2026-09-12T07:54:57.811653+08:00,2026-09-12T07:54:47.811653+08:00,10,10.3427013,123.8102872,2026-09-11T23:54:58Z,529,4.0,4.0,512.89,0.00,0.34,,,2026-09-12T07:54:57.29215+08:00,518,87,0,15.71,38.30,19,0,7,0,36,0,19,0,4,0,831,0.8827,9.5241,-0.7694,9.7702,1.1785,9.8410,,,,,,,,288,-0.0363,-0.0800,0.0138,0.4378,0.2052,0.4835,0.63314,-0.41581,-0.35477,0.54807,-66.3,-0.4,98.5,0,1035,74.00,2026-09-12T07:42:28.103653+08:00,749708,76.0,37.0,DISCHARGING,2026-09-12T07:53:58.844653+08:00,58967,TRAIL,0.50,2026-09-12T07:54:43.304423+08:00,14507,,,,1936.7,4.0,GOOD
4616a89e-6aa7-461f-abf0-d8186b0aab26,2026-09-12T07:55:36.738912+08:00,2026-09-12T07:55:26.738912+08:00,10,10.3425910,123.8102914,2026-09-11T23:55:30Z,7456,6.1,7.3,514.08,0.44,0.86,159.6,70.8,2026-09-12T07:55:36.287694+08:00,450,0,0,,,0,0,0,0,0,0,0,0,0,0,1949,0.9665,9.4091,-1.6125,9.8514,1.8490,10.0234,,,,,,,,,,,,,,,0.63314,-0.41581,-0.35477,0.54807,-66.3,-0.4,98.5,0,1035,74.00,2026-09-12T07:42:28.104912+08:00,788634,75.0,37.0,DISCHARGING,2026-09-12T07:55:36.739912+08:00,-1,TRAIL,0.50,2026-09-12T07:54:43.304423+08:00,53434,,,,1950.7,6.1,GOOD
4616a89e-6aa7-461f-abf0-d8186b0aab26,2026-09-12T07:55:46.743797+08:00,2026-09-12T07:55:36.743797+08:00,10,10.3424811,123.8103691,2026-09-11T23:55:46Z,1463,7.0,8.1,522.51,0.67,0.85,164.1,55.9,2026-09-12T07:55:45.292273+08:00,1452,86,0,13.63,38.00,19,0,7,0,35,0,19,0,4,0,502,1.2538,9.3691,-1.8362,9.8601,1.9399,10.0491,2,0.0021,0.0694,0.0748,0.1020,0.1020,0.1443,,,,,,,,0.63314,-0.41581,-0.35477,0.54807,-66.3,-0.4,98.5,0,1035,74.00,2026-09-12T07:42:28.103797+08:00,798640,75.0,37.0,DISCHARGING,2026-09-12T07:55:36.738797+08:00,10005,TRAIL,0.50,2026-09-12T07:54:43.304423+08:00,63439,,,,1965.6,7.0,GOOD
4616a89e-6aa7-461f-abf0-d8186b0aab26,2026-09-12T07:56:11.746397+08:00,2026-09-12T07:56:01.746397+08:00,10,10.3424023,123.8104481,2026-09-11T23:56:10Z,2464,7.3,9.6,522.82,0.45,0.93,92.7,71.1,2026-09-12T07:56:09.30691+08:00,2439,86,0,13.01,38.00,19,0,7,0,35,0,19,0,4,0,1250,0.4905,9.3934,-1.9597,9.8546,1.8801,10.0324,,,,,,,,,,,,,,,0.63314,-0.41581,-0.35477,0.54807,-66.3,-0.4,98.5,0,1035,74.00,2026-09-12T07:42:28.104397+08:00,823642,75.0,37.0,DISCHARGING,2026-09-12T07:55:36.739397+08:00,35007,TRAIL,0.50,2026-09-12T07:56:09.323906+08:00,2422,,,,1982.2,7.3,GOOD
4616a89e-6aa7-461f-abf0-d8186b0aab26,2026-09-12T07:56:38.450095+08:00,2026-09-12T07:56:28.450095+08:00,10,10.3423619,123.8104557,2026-09-11T23:56:34Z,5168,6.9,7.3,527.68,0.31,0.86,224.8,80.7,2026-09-12T07:56:33.302932+08:00,5145,86,0,14.44,38.60,19,0,7,0,35,0,19,0,4,0,1324,0.5000,9.1510,-1.7124,9.8105,1.2822,9.8940,,,,,,,,,,,,,,,0.63314,-0.41581,-0.35477,0.54807,-66.3,-0.4,98.5,0,1035,74.00,2026-09-12T07:42:28.106095+08:00,850344,75.0,37.0,DISCHARGING,2026-09-12T07:56:38.452095+08:00,-2,TRAIL,0.50,2026-09-12T07:56:09.323906+08:00,29126,,,,1998.6,6.9,GOOD
4616a89e-6aa7-461f-abf0-d8186b0aab26,2026-09-12T07:56:58.937725+08:00,2026-09-12T07:56:48.937725+08:00,10,10.3423787,123.8104716,2026-09-11T23:56:58Z,1655,4.2,4.6,526.52,0.00,0.90,,,2026-09-12T07:56:57.316615+08:00,1621,87,0,13.34,38.00,19,0,7,0,36,0,19,0,4,0,1026,0.4177,9.6280,-0.6244,9.7323,0.5370,9.7471,,,,,,,,,,,,,,,0.63314,-0.41581,-0.35477,0.54807,-66.3,-0.4,98.5,0,1035,74.00,2026-09-12T07:42:28.103725+08:00,870834,75.0,37.0,DISCHARGING,2026-09-12T07:56:38.449725+08:00,20488,TRAIL,0.50,2026-09-12T07:56:09.323906+08:00,49613,,,,2001.4,4.2,GOOD
4616a89e-6aa7-461f-abf0-d8186b0aab26,2026-09-12T07:57:28.479694+08:00,2026-09-12T07:57:18.479694+08:00,10,10.3424007,123.8104660,2026-09-11T23:57:22Z,7198,4.1,5.2,522.64,0.00,0.08,,,2026-09-12T07:57:28.287225+08:00,193,0,0,,,0,0,0,0,0,0,0,0,0,0,1477,0.6721,9.4634,-0.4204,9.7751,0.6936,9.7997,,,,,,,,,,,,,,,0.63314,-0.41581,-0.35477,0.54807,-66.3,-0.4,98.5,0,1035,74.00,2026-09-12T07:42:28.103694+08:00,900376,75.0,37.0,DISCHARGING,2026-09-12T07:56:38.449694+08:00,50030,TRAIL,0.50,2026-09-12T07:56:09.323906+08:00,79155,,,,2005.2,4.1,GOOD
4616a89e-6aa7-461f-abf0-d8186b0aab26,2026-09-12T07:58:09.499954+08:00,2026-09-12T07:57:59.499954+08:00,10,10.3423976,123.8104781,2026-09-11T23:58:10Z,218,3.8,3.9,522.44,0.00,0.04,,,2026-09-12T07:58:09.348365+08:00,151,84,0,12.27,38.70,19,0,7,0,35,0,19,0,2,0,2060,2.4291,9.2932,-0.4065,9.7329,0.3294,9.7385,,,,,,,,,,,,,,,0.63314,-0.41581,-0.35477,0.54807,-66.3,-0.4,98.5,0,1035,74.00,2026-09-12T07:42:28.104954+08:00,941395,75.0,37.0,DISCHARGING,2026-09-12T07:58:09.500954+08:00,-1,TRAIL,0.50,2026-09-12T07:56:09.323906+08:00,120176,,,,2008.4,3.8,GOOD
4616a89e-6aa7-461f-abf0-d8186b0aab26,2026-09-12T07:58:37.999737+08:00,2026-09-12T07:58:27.999737+08:00,10,10.3423915,123.8104852,2026-09-11T23:58:34Z,4718,3.8,3.5,523.78,0.00,0.07,,,2026-09-12T07:58:33.302152+08:00,4698,86,0,13.36,38.00,19,0,7,0,35,0,19,0,4,0,1425,1.2863,9.5295,-0.3600,9.7299,0.3568,9.7364,,,,,,,,,,,,,,,0.63314,-0.41581,-0.35477,0.54807,-66.3,-0.4,98.5,0,1035,74.00,2026-09-12T07:42:28.103737+08:00,969896,75.0,37.0,DISCHARGING,2026-09-12T07:58:09.499737+08:00,28500,TRAIL,0.50,2026-09-12T07:56:09.323906+08:00,148675,,,,2009.7,3.8,GOOD
4616a89e-6aa7-461f-abf0-d8186b0aab26,2026-09-12T07:59:00.443013+08:00,2026-09-12T07:58:50.443013+08:00,10,10.3424179,123.8104938,2026-09-11T23:58:58Z,3161,6.4,6.6,523.57,0.00,0.87,,,2026-09-12T07:58:57.321224+08:00,3122,86,0,13.38,38.00,19,0,7,0,35,0,19,0,4,0,1116,1.1080,9.5374,-0.2878,9.7209,0.3462,9.7270,,,,,,,,,,,,,,,0.63314,-0.41581,-0.35477,0.54807,-66.3,-0.4,98.5,0,1035,74.00,2026-09-12T07:42:28.104013+08:00,992339,75.0,37.0,DISCHARGING,2026-09-12T07:58:09.500013+08:00,50943,TRAIL,0.50,2026-09-12T07:56:09.323906+08:00,171119,,,,2012.9,6.4,GOOD
4616a89e-6aa7-461f-abf0-d8186b0aab26,2026-09-12T07:59:16.826112+08:00,2026-09-12T07:59:06.826112+08:00,10,10.3423893,123.8104567,2026-09-11T23:59:14Z,3544,6.8,7.6,520.33,0.00,0.04,,,2026-09-12T07:59:13.313823+08:00,3511,87,0,13.61,40.20,19,0,7,0,36,0,19,0,4,0,824,1.5485,9.5308,-0.1387,9.7370,0.3919,9.7449,,,,,,,,,,,,,,,0.63314,-0.41581,-0.35477,0.54807,-66.3,-0.4,98.5,0,1035,74.00,2026-09-12T07:42:28.105112+08:00,1008721,75.0,38.0,DISCHARGING,2026-09-12T07:59:16.827112+08:00,-1,TRAIL,0.50,2026-09-12T07:56:09.323906+08:00,187502,,,,2019.9,6.8,GOOD
4616a89e-6aa7-461f-abf0-d8186b0aab26,2026-09-12T07:59:42.358134+08:00,2026-09-12T07:59:32.358134+08:00,10,10.3423620,123.8105035,2026-09-11T23:59:38Z,5076,6.5,6.6,515.93,0.21,1.05,109.1,91.8,2026-09-12T07:59:37.305433+08:00,5053,88,0,11.55,38.00,19,0,7,0,37,0,19,0,4,0,1272,1.2217,9.5371,-0.7499,9.8203,1.2037,9.8938,,,,,,,,,,,,,,,0.63314,-0.41581,-0.35477,0.54807,-66.3,-0.4,98.5,0,1035,74.00,2026-09-12T07:42:28.104134+08:00,1034254,75.0,38.0,DISCHARGING,2026-09-12T07:59:16.826134+08:00,25532,TRAIL,0.50,2026-09-12T07:56:09.323906+08:00,213034,,,,2026.1,6.5,GOOD
4616a89e-6aa7-461f-abf0-d8186b0aab26,2026-09-12T07:59:58.884744+08:00,2026-09-12T07:59:48.884744+08:00,10,10.3422888,123.8105480,2026-09-11T23:59:54Z,5604,9.2,10.2,523.05,0.23,1.18,45.1,92.4,2026-09-12T07:59:53.293242+08:00,5592,86,0,12.77,38.00,19,0,7,0,35,0,19,0,4,0,824,0.9856,9.3668,-2.1373,9.8497,1.7509,10.0041,,,,,,,,,,,,,,,0.63314,-0.41581,-0.35477,0.54807,-66.3,-0.4,98.5,0,1035,74.00,2026-09-12T07:42:28.103744+08:00,1050781,75.0,38.0,DISCHARGING,2026-09-12T07:59:16.825744+08:00,42059,TRAIL,0.50,2026-09-12T07:56:09.323906+08:00,229560,,,,2036.5,9.2,GOOD
4616a89e-6aa7-461f-abf0-d8186b0aab26,2026-09-12T08:00:08.889697+08:00,2026-09-12T07:59:58.889697+08:00,10,10.3422899,123.8105797,2026-09-12T00:00:02Z,7609,10.0,11.6,521.70,0.52,0.88,163.3,65.1,2026-09-12T08:00:08.287723+08:00,602,0,0,,,0,0,0,0,0,0,0,0,0,0,503,1.1499,9.4731,-1.1055,9.7539,1.4506,9.8612,,,,,,,,,,,,,,,0.63314,-0.41581,-0.35477,0.54807,-66.3,-0.4,98.5,0,1035,1292.00,2026-09-12T08:00:01.239697+08:00,7650,75.0,38.0,DISCHARGING,2026-09-12T07:59:16.825697+08:00,52064,TRAIL,0.50,2026-09-12T07:56:09.323906+08:00,239565,,,,2040.0,10.0,GOOD
4616a89e-6aa7-461f-abf0-d8186b0aab26,2026-09-12T08:00:18.898046+08:00,2026-09-12T08:00:08.898046+08:00,10,10.3422044,123.8105618,2026-09-12T00:00:18Z,1617,6.8,9.0,520.74,0.60,1.31,201.2,75.7,2026-09-12T08:00:17.290963+08:00,1605,86,0,13.58,38.00,19,0,7,0,35,0,19,0,4,0,501,0.8587,9.6446,-0.1983,9.8369,1.2555,9.9167,,,,,,,,,,,,,,,0.63314,-0.41581,-0.35477,0.54807,-66.3,-0.4,98.5,0,1035,704.00,2026-09-12T08:00:18.489046+08:00,409,74.0,38.0,DISCHARGING,2026-09-12T08:00:18.900046+08:00,-2,TRAIL,0.50,2026-09-12T07:56:09.323906+08:00,249574,,,,2050.1,6.8,GOOD
4616a89e-6aa7-461f-abf0-d8186b0aab26,2026-09-12T08:00:28.905645+08:00,2026-09-12T08:00:18.905645+08:00,10,10.3421793,123.8105575,2026-09-12T00:00:26Z,3625,5.7,8.3,521.72,0.67,1.12,168.4,65.8,2026-09-12T08:00:25.288424+08:00,3618,87,0,13.94,38.00,19,0,7,0,36,0,19,0,4,0,507,0.1359,7.3869,5.0771,9.8798,1.3661,9.9738,109,-0.1208,-0.0971,0.0541,1.6215,0.8409,1.8266,110,0.2161,0.5323,0.1189,0.9376,1.4789,1.7511,0.73616,0.36853,0.53024,0.20274,77.6,-39.1,117.3,6,1041,0.00,2026-09-12T08:00:28.836645+08:00,69,74.0,38.0,DISCHARGING,2026-09-12T08:00:18.897645+08:00,10008,TRAIL,0.50,2026-09-12T07:56:09.323906+08:00,259581,,,,2053.0,5.7,GOOD
4616a89e-6aa7-461f-abf0-d8186b0aab26,2026-09-12T08:00:38.922554+08:00,2026-09-12T08:00:28.922554+08:00,10,10.3421255,123.8105715,2026-09-12T00:00:34Z,5642,7.6,8.5,513.11,0.64,1.45,159.0,76.9,2026-09-12T08:00:33.290852+08:00,5631,85,0,14.00,38.00,19,0,7,0,34,0,19,0,4,0,503,1.2420,9.1253,-2.4729,9.8847,2.0573,10.0965,201,0.0400,-0.0884,-0.0181,2.4242,1.2582,2.7312,201,0.0249,0.0988,-0.0958,0.7435,0.4858,0.8881,0.67083,0.37469,0.35052,0.53547,61.7,-4.0,100.4,13,1054,718.00,2026-09-12T08:00:38.875554+08:00,47,74.0,38.0,DISCHARGING,2026-09-12T08:00:18.898554+08:00,20024,TRAIL,0.50,2026-09-12T07:56:09.323906+08:00,269598,,,,2059.1,7.6,GOOD
4616a89e-6aa7-461f-abf0-d8186b0aab26,2026-09-12T08:00:50.272383+08:00,2026-09-12T08:00:40.272383+08:00,10,10.3420568,123.8105963,2026-09-12T00:00:50Z,992,7.5,9.8,536.57,0.77,0.87,194.6,51.4,2026-09-12T08:00:49.303227+08:00,969,86,0,14.35,38.00,19,0,7,0,35,0,19,0,4,0,571,1.1453,9.1320,-2.6833,9.8297,1.8256,9.9978,228,-0.0563,-0.0390,-0.0234,2.1400,1.1032,2.4076,228,-0.0093,-0.1131,0.0395,0.4816,0.2226,0.5306,0.70316,-0.34972,-0.22471,0.57687,-48.9,-5.0,103.6,15,1069,978.00,2026-09-12T08:00:46.056383+08:00,4216,74.0,38.0,DISCHARGING,2026-09-12T08:00:18.898383+08:00,31374,TRAIL,0.50,2026-09-12T07:56:09.323906+08:00,280948,,,,2067.2,7.5,GOOD
4616a89e-6aa7-461f-abf0-d8186b0aab26,2026-09-12T08:01:03.163419+08:00,2026-09-12T08:00:53.163419+08:00,10,10.3420296,123.8105577,2026-09-12T00:00:58Z,5883,6.0,7.3,532.86,0.72,0.87,221.9,54.1,2026-09-12T08:00:57.299999+08:00,5863,87,0,15.05,38.00,19,0,7,0,36,0,19,0,4,0,647,1.1581,9.2620,-2.2611,9.8229,2.0202,10.0285,334,-0.1124,-0.0847,0.0453,2.1713,1.1794,2.4710,257,-0.0101,-0.0324,0.0119,0.5201,0.2203,0.5648,0.62544,-0.41979,-0.28130,0.59453,-60.4,-8.5,97.8,19,1088,291.00,2026-09-12T08:01:03.074419+08:00,89,74.0,38.0,DISCHARGING,2026-09-12T08:00:18.898419+08:00,44265,TRAIL,0.50,2026-09-12T07:56:09.323906+08:00,293839,,,,2072.4,6.0,GOOD
4616a89e-6aa7-461f-abf0-d8186b0aab26,2026-09-12T08:01:17.256311+08:00,2026-09-12T08:01:07.256311+08:00,10,10.3420204,123.8104933,2026-09-12T00:01:14Z,3975,5.6,6.8,532.59,0.44,0.91,208.4,72.3,2026-09-12T08:01:13.3397+08:00,3916,87,0,12.15,38.00,19,0,7,0,36,0,19,0,4,0,656,0.1062,9.1883,-2.5784,9.7689,1.2403,9.8474,435,0.0003,-0.0294,-0.0983,1.1319,1.1572,1.6187,260,-0.0120,0.0099,-0.0117,0.4557,0.3115,0.5520,0.68573,-0.33597,-0.18064,0.61989,-44.0,-9.7,99.7,7,1095,537.00,2026-09-12T08:01:16.262311+08:00,994,74.0,38.0,DISCHARGING,2026-09-12T08:00:18.898311+08:00,58358,TRAIL,0.50,2026-09-12T07:56:09.323906+08:00,307932,,,,2080.3,5.6,GOOD
4616a89e-6aa7-461f-abf0-d8186b0aab26,2026-09-12T08:01:39.982686+08:00,2026-09-12T08:01:29.982686+08:00,10,10.3419399,123.8104209,2026-09-12T00:01:38Z,2706,6.1,7.3,538.65,0.52,0.86,215.6,65.1,2026-09-12T08:01:37.303514+08:00,2677,87,0,14.63,41.00,19,0,7,0,36,0,19,0,4,0,1151,0.5421,9.3033,-2.3324,9.8309,1.8622,10.0057,458,-0.0415,-0.0416,-0.0462,2.1629,1.1405,2.4452,445,0.0025,-0.0123,-0.0027,0.4485,0.1976,0.4901,0.64848,-0.41529,-0.37188,0.51837,-67.7,3.0,100.7,33,1128,1287.00,2026-09-12T08:01:37.276686+08:00,2706,74.0,38.0,DISCHARGING,2026-09-12T08:01:39.984686+08:00,-2,TRAIL,0.50,2026-09-12T07:56:09.323906+08:00,330658,,,,2094.4,6.1,GOOD
4616a89e-6aa7-461f-abf0-d8186b0aab26,2026-09-12T08:02:03.633458+08:00,2026-09-12T08:01:53.633458+08:00,10,10.3418781,123.8103298,2026-09-12T00:02:02Z,2353,7.5,8.1,536.39,0.76,1.25,253.8,64.6,2026-09-12T08:02:01.313666+08:00,2319,87,0,11.91,37.10,19,0,7,0,36,0,19,0,4,0,1215,0.7431,9.3952,-2.0370,9.8151,1.6834,9.9584,486,-0.0545,-0.0270,-0.0812,1.9000,1.1156,2.2033,474,-0.0034,-0.0064,0.0169,0.4224,0.2122,0.4727,0.58448,-0.48109,-0.35449,0.54889,-73.3,-6.5,98.5,28,1156,684.00,2026-09-12T08:02:02.631458+08:00,1002,74.0,38.0,DISCHARGING,2026-09-12T08:01:39.983458+08:00,23650,TRAIL,0.50,2026-09-12T07:56:09.323906+08:00,354309,,,,2108.1,7.5,GOOD
4616a89e-6aa7-461f-abf0-d8186b0aab26,2026-09-12T08:02:30.538802+08:00,2026-09-12T08:02:20.538802+08:00,10,10.3418141,123.8102349,2026-09-12T00:02:26Z,5258,6.4,8.0,540.55,0.94,1.04,231.4,49.0,2026-09-12T08:02:25.322224+08:00,5217,86,0,13.84,37.80,19,0,7,0,35,0,19,0,4,0,1342,0.7751,9.4311,-1.6870,9.8076,1.6790,9.9503,529,-0.0855,-0.0238,-0.0804,1.9472,1.0985,2.2357,502,-0.0006,0.0029,-0.0003,0.4343,0.2072,0.4812,0.62575,-0.41984,-0.34280,0.56095,-65.6,-2.4,97.8,32,1188,801.00,2026-09-12T08:02:29.073802+08:00,1465,74.0,38.0,DISCHARGING,2026-09-12T08:01:39.982802+08:00,50556,TRAIL,0.50,2026-09-12T07:56:09.323906+08:00,381214,,,,2121.6,6.4,GOOD
4616a89e-6aa7-461f-abf0-d8186b0aab26,2026-09-12T08:02:51.335328+08:00,2026-09-12T08:02:41.335328+08:00,10,10.3417822,123.8101262,2026-09-12T00:02:50Z,2055,6.0,7.9,547.91,0.31,0.98,247.5,82.4,2026-09-12T08:02:49.296247+08:00,2038,86,0,15.14,38.40,19,0,7,0,35,0,19,0,4,0,1041,0.5645,9.4529,-1.7713,9.8227,1.6541,9.9610,414,-0.0117,-0.0342,-0.0630,1.9590,0.9731,2.1874,407,0.0069,0.0027,0.0057,0.4237,0.1751,0.4585,0.66068,-0.45490,-0.28140,0.52667,-64.5,-6.2,106.8,26,1214,690.00,2026-09-12T08:02:50.876328+08:00,459,74.0,38.0,DISCHARGING,2026-09-12T08:02:51.336328+08:00,-1,TRAIL,0.50,2026-09-12T07:56:09.323906+08:00,402011,,,,2134.7,6.0,GOOD
4616a89e-6aa7-461f-abf0-d8186b0aab26,2026-09-12T08:03:14.169852+08:00,2026-09-12T08:03:04.169852+08:00,10,10.3417504,123.8100169,2026-09-12T00:03:14Z,890,4.4,5.3,556.36,0.56,0.85,260.5,62.5,2026-09-12T08:03:13.288983+08:00,881,85,0,14.17,39.70,19,0,7,0,36,0,19,0,2,0,1143,1.0100,9.2276,-2.3937,9.7872,1.8038,9.9520,455,0.0282,-0.0673,-0.0749,2.0278,1.0870,2.3008,445,-0.0023,-0.0147,0.0014,0.5052,0.2691,0.5724,0.58851,-0.53920,-0.37588,0.47078,-82.2,-3.7,105.9,29,1243,943.00,2026-09-12T08:03:06.304852+08:00,7865,74.0,38.0,DISCHARGING,2026-09-12T08:02:51.334852+08:00,22835,TRAIL,0.50,2026-09-12T07:56:09.323906+08:00,424845,,,,2148.3,4.4,GOOD
4616a89e-6aa7-461f-abf0-d8186b0aab26,2026-09-12T08:03:30.591657+08:00,2026-09-12T08:03:20.591657+08:00,10,10.3417348,123.8099341,2026-09-12T00:03:30Z,1311,6.5,7.2,557.30,0.30,0.89,233.6,82.1,2026-09-12T08:03:29.291086+08:00,1301,84,0,13.82,38.10,19,0,7,0,35,0,19,0,2,0,822,1.1200,9.2504,-2.3547,9.8505,1.9138,10.0347,328,-0.0096,-0.0465,-0.1270,2.1623,1.1380,2.4435,325,-0.0027,-0.0119,-0.0041,0.4583,0.2100,0.5042,0.57211,-0.55818,-0.41539,0.43425,-88.2,-0.5,106.1,23,1266,214.00,2026-09-12T08:03:30.264657+08:00,327,74.0,38.0,DISCHARGING,2026-09-12T08:02:51.334657+08:00,39257,TRAIL,0.50,2026-09-12T07:56:09.323906+08:00,441267,,,,2157.7,6.5,GOOD
4616a89e-6aa7-461f-abf0-d8186b0aab26,2026-09-12T08:03:54.269234+08:00,2026-09-12T08:03:44.269234+08:00,10,10.3416932,123.8098634,2026-09-12T00:03:54Z,989,5.0,5.4,548.66,0.64,0.85,268.4,57.5,2026-09-12T08:03:53.317374+08:00,951,84,0,15.57,40.10,19,0,7,0,35,0,19,0,2,0,1182,0.9099,9.2473,-2.3402,9.8014,1.6612,9.9412,468,0.0148,-0.0520,-0.0073,2.0167,0.9735,2.2394,452,-0.0041,-0.0322,0.0051,0.4737,0.2140,0.5198,0.30773,-0.70473,-0.57553,0.27824,-131.0,-2.2,100.5,29,1295,796.00,2026-09-12T08:03:54.268234+08:00,1,74.0,38.0,DISCHARGING,2026-09-12T08:03:54.270234+08:00,-1,TRAIL,0.50,2026-09-12T07:56:09.323906+08:00,464945,,,,2168.3,5.0,GOOD
4616a89e-6aa7-461f-abf0-d8186b0aab26,2026-09-12T08:04:08.673572+08:00,2026-09-12T08:03:58.673572+08:00,10,10.3416933,123.8098100,2026-09-12T00:04:02Z,7393,6.8,7.8,550.72,0.41,0.88,248.3,73.0,2026-09-12T08:04:08.288687+08:00,384,0,0,,,0,0,0,0,0,0,0,0,0,0,716,1.1812,9.3993,-1.7519,9.8592,1.5987,9.9880,286,0.0876,-0.0417,-0.0968,2.0894,1.0105,2.3209,281,0.0225,0.2316,-0.0341,0.5349,0.2892,0.6080,0.70584,0.27710,0.33494,0.55931,50.9,-9.4,98.7,20,1315,107.00,2026-09-12T08:04:07.475572+08:00,1198,74.0,38.0,DISCHARGING,2026-09-12T08:03:54.269572+08:00,14404,TRAIL,0.50,2026-09-12T07:56:09.323906+08:00,479349,,,,2174.2,6.8,GOOD
4616a89e-6aa7-461f-abf0-d8186b0aab26,2026-09-12T08:04:28.119587+08:00,2026-09-12T08:04:18.119587+08:00,10,10.3416069,123.8098487,2026-09-12T00:04:26Z,2839,7.0,7.9,559.80,0.30,0.97,84.2,83.8,2026-09-12T08:04:26.257026+08:00,1862,85,0,12.04,35.20,19,0,7,0,36,0,19,0,2,0,973,0.9418,9.1905,-2.5819,9.9042,1.9371,10.0919,388,-0.0239,-0.0288,-0.0785,2.3359,1.1978,2.6251,380,0.0034,0.0265,-0.0209,0.5277,0.2535,0.5854,0.58724,0.53526,0.42137,0.43713,85.9,-1.5,105.2,25,1340,60.00,2026-09-12T08:04:25.269587+08:00,2850,74.0,38.0,DISCHARGING,2026-09-12T08:03:54.269587+08:00,33850,TRAIL,0.50,2026-09-12T07:56:09.323906+08:00,498795,,,,2190.5,7.0,GOOD
4616a89e-6aa7-461f-abf0-d8186b0aab26,2026-09-12T08:04:43.925666+08:00,2026-09-12T08:04:33.925666+08:00,10,10.3415684,123.8099624,2026-09-12T00:04:42Z,2645,8.3,10.8,547.70,0.91,0.91,179.6,46.2,2026-09-12T08:04:41.317841+08:00,2608,87,0,12.62,35.20,19,0,7,0,38,0,19,0,2,0,790,0.6303,9.1475,-2.5447,9.8255,1.6383,9.9612,315,-0.1404,-0.0705,-0.0418,2.1613,1.0517,2.4036,312,-0.0142,-0.0247,0.0199,0.4657,0.2284,0.5186,0.66405,0.32048,0.37950,0.55884,59.2,-8.4,95.1,22,1362,699.00,2026-09-12T08:04:43.674666+08:00,251,74.0,38.0,DISCHARGING,2026-09-12T08:03:54.268666+08:00,49657,TRAIL,0.50,2026-09-12T07:56:09.323906+08:00,514601,,,,2203.8,8.3,GOOD
4616a89e-6aa7-461f-abf0-d8186b0aab26,2026-09-12T08:04:54.295444+08:00,2026-09-12T08:04:44.295444+08:00,10,10.3415300,123.8100180,2026-09-12T00:04:50Z,5015,6.6,8.2,555.11,0.55,0.94,145.6,64.4,2026-09-12T08:04:49.293338+08:00,5001,86,0,12.58,37.00,19,0,7,0,37,0,19,0,2,0,521,0.6603,9.3980,-2.1179,9.9224,1.8886,10.1005,209,-0.0139,-0.0022,-0.0181,2.3521,1.1967,2.6390,209,0.0021,0.0102,-0.0110,0.4776,0.2126,0.5227,0.64524,0.41155,0.38629,0.51486,68.7,-4.3,99.9,14,1376,194.00,2026-09-12T08:04:54.275444+08:00,20,73.0,38.0,DISCHARGING,2026-09-12T08:04:54.296444+08:00,-1,TRAIL,0.50,2026-09-12T07:56:09.323906+08:00,524971,,,,2211.2,6.6,GOOD
4616a89e-6aa7-461f-abf0-d8186b0aab26,2026-09-12T08:05:10.387753+08:00,2026-09-12T08:05:00.387753+08:00,10,10.3415512,123.8101387,2026-09-12T00:05:06Z,5108,9.0,10.9,567.95,0.34,0.90,135.1,78.2,2026-09-12T08:05:05.295754+08:00,5092,87,0,12.83,37.90,19,0,7,0,38,0,19,0,2,0,804,0.8332,9.4875,-1.5976,9.9061,1.8747,10.0819,319,0.0483,-0.0100,-0.0318,2.3640,1.1740,2.6394,314,0.0144,0.0129,-0.0069,0.4566,0.2149,0.5046,0.63750,0.48649,0.36706,0.47136,75.1,-0.5,106.6,23,1399,346.00,2026-09-12T08:05:08.674753+08:00,1713,73.0,38.0,DISCHARGING,2026-09-12T08:04:54.294753+08:00,16093,TRAIL,0.50,2026-09-12T07:56:09.323906+08:00,541063,,,,2224.6,9.0,GOOD
4616a89e-6aa7-461f-abf0-d8186b0aab26,2026-09-12T08:05:25.725774+08:00,2026-09-12T08:05:15.725774+08:00,10,10.3414575,123.8102049,2026-09-12T00:05:22Z,4445,10.5,10.9,557.38,0.59,0.87,108.8,61.0,2026-09-12T08:05:21.28688+08:00,4439,88,0,12.34,36.80,19,0,7,0,38,0,19,0,3,0,765,1.0009,9.4425,-1.6343,9.9175,1.9197,10.1016,304,-0.1201,-0.0230,-0.1247,2.4287,1.2067,2.7120,300,-0.0114,0.0340,0.0120,0.4742,0.2600,0.5408,0.48310,0.56213,0.55509,0.37748,104.5,-6.4,95.7,21,1420,725.00,2026-09-12T08:05:25.674774+08:00,51,73.0,38.0,DISCHARGING,2026-09-12T08:04:54.294774+08:00,31431,TRAIL,0.50,2026-09-12T07:56:09.323906+08:00,556401,,,,2238.0,10.5,GOOD
4616a89e-6aa7-461f-abf0-d8186b0aab26,2026-09-12T08:05:44.10192+08:00,2026-09-12T08:05:34.10192+08:00,10,10.3415066,123.8103481,2026-09-12T00:05:38Z,6821,6.0,8.1,562.12,0.93,0.87,70.7,44.5,2026-09-12T08:05:43.343175+08:00,759,0,0,,,0,0,0,0,0,0,0,0,0,0,918,0.7121,9.5755,-1.0815,9.8946,1.7264,10.0441,366,-0.0281,0.0041,0.0514,2.2986,1.0662,2.5338,356,0.0023,-0.0090,-0.0050,0.4625,0.2379,0.5201,0.51797,0.56568,0.48743,0.41727,96.6,-1.9,100.2,31,1451,1258.00,2026-09-12T08:05:43.22392+08:00,878,73.0,38.0,DISCHARGING,2026-09-12T08:04:54.29492+08:00,49807,TRAIL,0.50,2026-09-12T07:56:09.323906+08:00,574778,,,,2255.6,6.0,GOOD
4616a89e-6aa7-461f-abf0-d8186b0aab26,2026-09-12T08:06:20.942968+08:00,2026-09-12T08:06:10.942968+08:00,10,10.3414499,123.8106168,2026-09-12T00:06:18Z,3663,8.6,9.3,557.71,0.90,0.89,77.5,47.0,2026-09-12T08:06:17.303824+08:00,3638,89,0,14.25,37.40,19,0,7,0,38,0,19,0,4,0,1838,0.7631,9.4966,-1.6264,9.8826,1.7475,10.0359,1,1.2157,0.0841,0.9843,1.5665,0.0000,1.5665,1,-0.0535,0.4447,-0.1851,0.4847,0.0000,0.4847,0.51094,0.57232,0.48823,0.41595,97.6,-1.3,100.2,0,1451,1258.00,2026-09-12T08:05:43.224968+08:00,37718,73.0,38.0,DISCHARGING,2026-09-12T08:06:20.943968+08:00,-1,UNPAVED,0.50,2026-09-12T08:06:17.318496+08:00,3624,,,,2287.7,8.6,GOOD
4616a89e-6aa7-461f-abf0-d8186b0aab26,2026-09-12T08:06:46.156922+08:00,2026-09-12T08:06:36.156922+08:00,10,10.3414310,123.8108434,2026-09-12T00:06:43Z,3876,12.8,15.5,561.91,1.00,0.87,103.6,42.2,2026-09-12T08:06:42.293562+08:00,3863,84,0,12.72,38.10,19,0,7,0,33,0,19,0,4,0,1261,1.0081,9.3572,-2.1042,9.9192,2.0436,10.1276,,,,,,,,,,,,,,,0.51094,0.57232,0.48823,0.41595,97.6,-1.3,100.2,0,1451,1258.00,2026-09-12T08:05:43.223922+08:00,62933,73.0,38.0,DISCHARGING,2026-09-12T08:06:20.942922+08:00,25214,UNPAVED,0.50,2026-09-12T08:06:31.333817+08:00,14823,,,,2312.6,12.8,GOOD
4616a89e-6aa7-461f-abf0-d8186b0aab26,2026-09-12T08:07:10.463933+08:00,2026-09-12T08:07:00.463933+08:00,10,10.3413764,123.8109453,2026-09-12T00:07:05Z,6184,10.0,16.8,565.60,0.89,2.20,89.8,62.0,2026-09-12T08:07:04.313664+08:00,6150,0,0,,,0,0,0,0,0,0,0,0,0,0,1214,1.1195,9.2944,-2.1827,9.8573,1.7284,10.0077,,,,,,,,,,,,,,,0.51094,0.57232,0.48823,0.41595,97.6,-1.3,100.2,0,1451,1258.00,2026-09-12T08:05:43.223933+08:00,87240,73.0,38.0,DISCHARGING,2026-09-12T08:06:20.942933+08:00,49521,UNPAVED,0.50,2026-09-12T08:06:31.333817+08:00,39130,,,,2325.5,10.0,GOOD
4616a89e-6aa7-461f-abf0-d8186b0aab26,2026-09-12T08:07:34.794308+08:00,2026-09-12T08:07:24.794308+08:00,10,10.3413347,123.8110642,2026-09-12T00:07:31Z,4514,6.1,9.4,572.17,0.00,0.08,,,2026-09-12T08:07:30.312883+08:00,4480,96,0,14.02,37.80,19,0,7,0,45,0,19,0,4,0,1222,1.1249,9.3883,-1.7695,9.7879,1.3490,9.8804,,,,,,,,,,,,,,,0.51094,0.57232,0.48823,0.41595,97.6,-1.3,100.2,0,1451,1258.00,2026-09-12T08:05:43.225308+08:00,111569,73.0,40.0,DISCHARGING,2026-09-12T08:07:34.795308+08:00,-1,UNPAVED,0.50,2026-09-12T08:07:20.320825+08:00,14473,,,,2340.6,6.1,GOOD
4616a89e-6aa7-461f-abf0-d8186b0aab26,2026-09-12T08:07:44.799002+08:00,2026-09-12T08:07:34.799002+08:00,10,10.3413365,123.8110679,2026-09-12T00:07:38Z,7519,3.9,5.3,570.30,0.00,0.87,,,2026-09-12T08:07:44.290397+08:00,509,0,0,,,0,0,0,0,0,0,0,0,0,0,503,0.0858,8.5476,4.0421,9.7857,0.6758,9.8090,120,0.0071,0.0046,-0.0057,0.2027,0.1033,0.2275,122,0.0146,0.0046,-0.0001,0.0780,0.0479,0.0916,0.42442,-0.28255,-0.50862,0.69379,-71.1,2.3,61.3,0,1451,5260.00,2026-09-12T08:07:41.819002+08:00,2980,73.0,40.0,DISCHARGING,2026-09-12T08:07:34.794002+08:00,10005,UNPAVED,0.50,2026-09-12T08:07:20.320825+08:00,24478,,,,2341.1,3.9,GOOD
4616a89e-6aa7-461f-abf0-d8186b0aab26,2026-09-12T08:07:54.80624+08:00,2026-09-12T08:07:44.80624+08:00,10,10.3413428,123.8110733,2026-09-12T00:07:54Z,1528,3.8,3.3,571.16,0.00,0.85,,,2026-09-12T08:07:53.28902+08:00,1517,88,0,15.71,36.80,19,0,7,0,37,0,19,0,4,0,503,-0.2125,8.3372,4.5069,9.7515,0.3717,9.7586,201,0.0222,-0.0340,0.0253,0.5259,0.6789,0.8587,201,0.0890,0.2186,0.1185,0.5477,1.0307,1.1672,0.74226,0.23790,0.49692,0.38147,61.8,-33.8,105.0,0,1451,1243.00,2026-09-12T08:07:54.60424+08:00,202,73.0,40.0,DISCHARGING,2026-09-12T08:07:34.79424+08:00,20012,UNPAVED,0.50,2026-09-12T08:07:20.320825+08:00,34485,,,,2342.8,3.8,GOOD
4616a89e-6aa7-461f-abf0-d8186b0aab26,2026-09-12T08:08:04.817303+08:00,2026-09-12T08:07:54.817303+08:00,10,10.3413536,123.8110771,2026-09-12T00:08:02Z,3538,6.1,5.8,572.35,0.00,0.07,,,2026-09-12T08:08:01.290495+08:00,3524,87,0,13.02,35.20,19,0,7,0,36,0,19,0,4,0,504,1.0883,9.5240,-0.2236,9.7508,0.9142,9.7936,201,0.0103,-0.0229,-0.0027,0.6651,0.8369,1.0690,201,-0.0257,0.0444,-0.0608,0.4379,0.7507,0.8691,0.46506,0.51421,0.57638,0.43254,101.2,-5.2,87.8,0,1451,641.00,2026-09-12T08:08:02.617303+08:00,2200,73.0,40.0,DISCHARGING,2026-09-12T08:07:34.794303+08:00,30023,UNPAVED,0.50,2026-09-12T08:07:20.320825+08:00,44496,,,,2344.0,6.1,GOOD
4616a89e-6aa7-461f-abf0-d8186b0aab26,2026-09-12T08:08:17.431682+08:00,2026-09-12T08:08:07.431682+08:00,10,10.3413512,123.8110860,2026-09-12T00:08:18Z,152,4.1,4.4,574.68,0.00,0.86,,,2026-09-12T08:08:17.288927+08:00,143,88,0,13.01,35.20,19,0,7,0,37,0,19,0,4,0,631,0.7124,9.6162,0.4579,9.7360,0.4025,9.7443,254,-0.0040,-0.0176,-0.0068,0.4709,0.6103,0.7708,253,0.0064,0.0152,0.0021,0.2132,0.2178,0.3048,0.45387,0.54856,0.60826,0.35087,110.3,-9.6,90.8,0,1451,576.00,2026-09-12T08:08:17.415682+08:00,16,73.0,40.0,DISCHARGING,2026-09-12T08:07:34.793682+08:00,42638,UNPAVED,0.50,2026-09-12T08:07:20.320825+08:00,57110,,,,2345.1,4.1,GOOD
4616a89e-6aa7-461f-abf0-d8186b0aab26,2026-09-12T08:08:38.702224+08:00,2026-09-12T08:08:28.702224+08:00,10,10.3413358,123.8110642,2026-09-12T00:08:34Z,5423,4.2,5.2,575.56,0.00,0.08,,,2026-09-12T08:08:33.316404+08:00,5385,87,0,12.66,35.40,18,0,8,0,36,0,19,0,4,0,1055,0.9548,9.6051,-0.5890,9.7054,0.2158,9.7078,420,0.0057,-0.0015,-0.0275,0.4069,0.3620,0.5446,400,0.0039,0.0073,-0.0049,0.1877,0.1529,0.2421,0.65470,-0.35365,-0.25937,0.61566,-51.8,-5.5,96.2,0,1451,561.00,2026-09-12T08:08:35.018224+08:00,3684,73.0,40.0,DISCHARGING,2026-09-12T08:08:38.703224+08:00,-1,UNPAVED,0.50,2026-09-12T08:07:20.320825+08:00,78381,,,,2348.1,4.2,GOOD
4616a89e-6aa7-461f-abf0-d8186b0aab26,2026-09-12T08:08:53.360023+08:00,2026-09-12T08:08:43.360023+08:00,10,10.3413277,123.8110661,2026-09-12T00:08:50Z,4080,4.2,4.8,576.81,0.00,0.08,,,2026-09-12T08:08:49.289316+08:00,4071,87,0,11.17,37.50,18,0,8,0,36,0,19,0,4,0,734,0.7764,9.6069,-0.8071,9.6970,0.1907,9.6989,291,0.0020,-0.0065,-0.0045,0.3082,0.3187,0.4434,285,-0.0081,0.0145,0.0006,0.1291,0.1179,0.1748,0.65219,-0.28005,-0.21150,0.67193,-40.8,-5.8,90.4,0,1451,693.00,2026-09-12T08:08:49.016023+08:00,4344,73.0,40.0,DISCHARGING,2026-09-12T08:08:38.702023+08:00,14658,UNPAVED,0.50,2026-09-12T08:07:20.320825+08:00,93039,,,,2349.0,4.2,GOOD
4616a89e-6aa7-461f-abf0-d8186b0aab26,2026-09-12T08:09:09.245842+08:00,2026-09-12T08:08:59.245842+08:00,10,10.3413059,123.8112411,2026-09-12T00:09:07Z,2966,6.1,8.1,573.28,0.29,0.97,69.5,84.2,2026-09-12T08:09:06.314711+08:00,2931,96,0,11.27,35.20,18,0,8,0,45,0,19,0,4,0,766,1.0889,9.3599,-1.9275,9.8322,1.6967,9.9775,306,0.0024,-0.0384,-0.1451,1.9950,1.0989,2.2776,297,0.0064,0.0600,-0.0096,0.4681,0.2428,0.5273,0.58835,0.45212,0.50676,0.43889,85.5,-11.5,95.9,16,1467,238.00,2026-09-12T08:09:08.616842+08:00,629,73.0,40.0,DISCHARGING,2026-09-12T08:08:38.701842+08:00,30544,TRAIL,1.00,2026-09-12T08:09:01.682686+08:00,7563,,,,2368.4,6.1,GOOD
4616a89e-6aa7-461f-abf0-d8186b0aab26,2026-09-12T08:09:27.033732+08:00,2026-09-12T08:09:17.033732+08:00,10,10.3412724,123.8111639,2026-09-12T00:09:22Z,5754,8.5,8.0,578.93,0.41,1.08,158.5,79.3,2026-09-12T08:09:21.325768+08:00,5708,87,0,9.85,37.70,18,0,8,0,36,0,19,0,4,0,919,1.3510,9.1163,-2.5758,9.7969,1.7268,9.9479,367,-0.0366,-0.0722,-0.0953,1.8899,1.1799,2.2280,355,0.0208,-0.0253,-0.0046,0.5366,0.3431,0.6369,0.74856,0.36333,0.30186,0.46533,56.1,-6.5,112.8,21,1488,114.00,2026-09-12T08:09:26.258732+08:00,775,73.0,40.0,DISCHARGING,2026-09-12T08:08:38.701732+08:00,48332,TRAIL,1.00,2026-09-12T08:09:01.682686+08:00,25351,,,,2379.4,8.5,GOOD
4616a89e-6aa7-461f-abf0-d8186b0aab26,2026-09-12T08:09:46.763789+08:00,2026-09-12T08:09:36.763789+08:00,10,10.3412693,123.8112854,2026-09-12T00:09:46Z,1484,7.9,9.6,584.08,0.55,0.87,73.5,63.7,2026-09-12T08:09:45.291359+08:00,1471,87,0,13.08,36.90,18,0,7,0,37,0,19,0,4,0,988,1.1842,9.0071,-2.9897,9.8320,1.8266,10.0002,392,-0.0495,-0.0553,-0.0786,2.1786,1.0483,2.4178,386,0.0023,0.0237,-0.0027,0.4773,0.2060,0.5198,0.58626,0.53950,0.45146,0.40178,89.4,-5.5,105.7,27,1515,1669.00,2026-09-12T08:09:46.217789+08:00,546,72.0,40.0,DISCHARGING,2026-09-12T08:09:46.765789+08:00,-2,TRAIL,1.00,2026-09-12T08:09:01.682686+08:00,45081,,,,2393.7,7.9,GOOD
4616a89e-6aa7-461f-abf0-d8186b0aab26,2026-09-12T08:10:04.272227+08:00,2026-09-12T08:09:54.272227+08:00,10,10.3412599,123.8113691,2026-09-12T00:10:02Z,2994,9.6,11.3,584.28,0.50,0.91,95.7,66.6,2026-09-12T08:10:01.29278+08:00,2979,87,0,12.16,35.20,18,0,7,0,37,0,19,0,4,0,877,1.1150,9.3570,-1.8142,9.8440,1.6454,9.9806,349,0.0003,-0.0341,-0.0568,1.9523,1.1076,2.2446,341,-0.0159,-0.0159,-0.0011,0.4575,0.2538,0.5232,0.61236,0.40671,0.41905,0.53291,71.4,-4.6,94.6,22,1537,577.00,2026-09-12T08:10:04.263227+08:00,9,72.0,40.0,DISCHARGING,2026-09-12T08:09:46.764227+08:00,17508,TRAIL,1.00,2026-09-12T08:09:01.682686+08:00,62589,,,,2403.1,9.6,GOOD
4616a89e-6aa7-461f-abf0-d8186b0aab26,2026-09-12T08:10:23.317047+08:00,2026-09-12T08:10:13.317047+08:00,10,10.3412555,123.8114127,2026-09-12T00:10:18Z,6037,5.0,6.4,582.80,0.15,0.89,330.7,93.3,2026-09-12T08:10:17.28915+08:00,6028,85,0,15.29,36.70,18,0,7,0,35,0,19,0,4,0,950,0.3514,9.6618,-0.3061,9.7459,0.6858,9.7700,378,0.0451,-0.0047,-0.0605,0.7778,0.8543,1.1553,366,0.0127,0.1232,-0.0095,0.3852,0.5124,0.6410,0.18114,-0.69022,-0.66947,0.20641,-148.2,-2.4,91.1,2,1539,268.00,2026-09-12T08:10:20.217047+08:00,3100,72.0,40.0,DISCHARGING,2026-09-12T08:09:46.764047+08:00,36553,TRAIL,1.00,2026-09-12T08:09:01.682686+08:00,81634,,,,2410.4,5.0,GOOD
4616a89e-6aa7-461f-abf0-d8186b0aab26,2026-09-12T08:10:46.41884+08:00,2026-09-12T08:10:36.41884+08:00,10,10.3412642,123.8113751,2026-09-12T00:10:42Z,5140,5.8,8.6,583.25,0.21,0.93,197.9,89.1,2026-09-12T08:10:41.299781+08:00,5119,89,0,12.83,35.20,18,0,7,0,39,0,19,0,4,0,1153,0.7978,9.3964,-1.7593,9.8260,1.5737,9.9512,458,0.0022,-0.0305,-0.1281,1.8135,1.0960,2.1190,442,0.0235,-0.0655,0.0167,0.6742,0.5567,0.8744,0.58193,0.55077,0.48075,0.35622,94.0,-9.6,106.7,11,1550,186.00,2026-09-12T08:10:44.26084+08:00,2158,72.0,40.0,DISCHARGING,2026-09-12T08:09:46.76384+08:00,59655,TRAIL,1.00,2026-09-12T08:09:01.682686+08:00,104736,,,,2415.1,5.8,GOOD
4616a89e-6aa7-461f-abf0-d8186b0aab26,2026-09-12T08:11:01.274409+08:00,2026-09-12T08:10:51.274409+08:00,10,10.3412829,123.8114614,2026-09-12T00:10:59Z,2994,5.6,6.4,580.62,0.48,0.97,54.9,69.7,2026-09-12T08:10:58.291872+08:00,2981,95,0,13.64,35.20,18,0,7,0,45,0,19,0,4,0,746,1.4054,9.0411,-2.9390,9.8351,1.7659,9.9924,297,-0.0024,-0.0767,-0.1226,2.1647,1.0464,2.4043,274,-0.0047,-0.0014,0.0002,0.4749,0.2033,0.5166,0.58762,0.57856,0.47383,0.30895,96.9,-11.5,111.6,19,1569,41.00,2026-09-12T08:10:59.018409+08:00,2256,72.0,40.0,DISCHARGING,2026-09-12T08:11:01.275409+08:00,-1,TRAIL,1.00,2026-09-12T08:09:01.682686+08:00,119591,,,,2424.8,5.6,GOOD
4616a89e-6aa7-461f-abf0-d8186b0aab26,2026-09-12T08:11:11.276647+08:00,2026-09-12T08:11:01.276647+08:00,10,10.3413018,123.8114748,2026-09-12T00:11:06Z,5997,10.6,10.6,587.64,0.74,2.09,9.3,84.2,2026-09-12T08:11:05.289947+08:00,5987,87,0,10.56,35.20,18,0,7,0,37,0,19,0,4,0,499,1.3280,9.2054,-2.4884,9.8150,1.7090,9.9627,33,-0.4104,0.0701,-0.0974,2.1588,0.9373,2.3535,52,0.0156,0.0207,0.0030,0.5904,0.2729,0.6504,0.58261,0.54428,0.48497,0.35936,93.7,-10.0,106.0,2,1571,47.00,2026-09-12T08:11:02.815647+08:00,8461,72.0,40.0,DISCHARGING,2026-09-12T08:11:01.273647+08:00,10003,TRAIL,1.00,2026-09-12T08:09:01.682686+08:00,129593,,,,2427.4,10.6,GOOD
4616a89e-6aa7-461f-abf0-d8186b0aab26,2026-09-12T08:11:30.957647+08:00,2026-09-12T08:11:20.957647+08:00,10,10.3413002,123.8116092,2026-09-12T00:11:30Z,1677,5.7,6.8,589.91,0.58,0.88,135.4,61.7,2026-09-12T08:11:29.289591+08:00,1668,87,0,14.03,35.60,18,0,7,0,37,0,19,0,4,0,972,1.5689,9.0575,-2.7740,9.7828,1.7324,9.9350,,,,,,,,,,,,,,,0.58261,0.54428,0.48497,0.35936,93.7,-10.0,106.0,0,1571,47.00,2026-09-12T08:11:02.815647+08:00,28142,72.0,40.0,DISCHARGING,2026-09-12T08:11:01.273647+08:00,29684,TRAIL,1.00,2026-09-12T08:09:01.682686+08:00,149274,,,,2445.7,5.7,GOOD
4616a89e-6aa7-461f-abf0-d8186b0aab26,2026-09-12T08:11:53.155886+08:00,2026-09-12T08:11:43.155886+08:00,10,10.3412901,123.8116319,2026-09-12T00:11:46Z,7876,5.3,5.9,595.31,0.00,0.07,,,2026-09-12T08:11:52.286238+08:00,870,0,0,,,0,0,0,0,0,0,0,0,0,0,1115,1.5901,9.3296,-1.8466,9.7319,0.5367,9.7467,,,,,,,,,,,,,,,0.58261,0.54428,0.48497,0.35936,93.7,-10.0,106.0,0,1571,47.00,2026-09-12T08:11:02.815886+08:00,50340,72.0,40.0,DISCHARGING,2026-09-12T08:11:01.273886+08:00,51882,TRAIL,1.00,2026-09-12T08:09:01.682686+08:00,171473,,,,2450.8,5.3,GOOD
4616a89e-6aa7-461f-abf0-d8186b0aab26,2026-09-12T08:12:08.334007+08:00,2026-09-12T08:11:58.334007+08:00,10,10.3413069,123.8116717,2026-09-12T00:12:02Z,7054,8.8,7.6,590.00,0.29,0.94,66.6,83.3,2026-09-12T08:12:08.284631+08:00,47,0,0,,,0,0,0,0,0,0,0,0,0,0,761,1.5390,8.6008,-3.8018,9.8078,1.5741,9.9333,,,,,,,,,,,,,,,0.58261,0.54428,0.48497,0.35936,93.7,-10.0,106.0,0,1571,47.00,2026-09-12T08:11:02.818007+08:00,65516,72.0,40.0,DISCHARGING,2026-09-12T08:12:08.336007+08:00,-2,TRAIL,1.00,2026-09-12T08:09:01.682686+08:00,186651,,,,2455.5,8.8,GOOD
4616a89e-6aa7-461f-abf0-d8186b0aab26,2026-09-12T08:12:32.273152+08:00,2026-09-12T08:12:22.273152+08:00,10,10.3413342,123.8117673,2026-09-12T00:12:26Z,6993,6.6,9.2,603.67,0.22,0.93,79.4,89.2,2026-09-12T08:12:31.333663+08:00,939,0,0,,,0,0,0,0,0,0,0,0,0,0,1202,1.3126,9.0168,-2.8519,9.8378,1.7238,9.9876,,,,,,,,,,,,,,,0.58261,0.54428,0.48497,0.35936,93.7,-10.0,106.0,0,1571,47.00,2026-09-12T08:11:02.816152+08:00,89457,72.0,40.0,DISCHARGING,2026-09-12T08:12:08.334152+08:00,23939,TRAIL,1.00,2026-09-12T08:09:01.682686+08:00,210590,,,,2474.8,6.6,GOOD
4616a89e-6aa7-461f-abf0-d8186b0aab26,2026-09-12T08:12:54.811365+08:00,2026-09-12T08:12:44.811365+08:00,10,10.3413138,123.8118033,2026-09-12T00:12:50Z,5531,7.9,8.6,601.19,0.00,0.93,,,2026-09-12T08:12:49.316656+08:00,5494,90,0,12.00,35.20,20,0,7,0,38,0,19,0,4,0,1124,0.7540,9.4979,-1.0595,9.7169,0.7994,9.7497,,,,,,,,,,,,,,,0.58261,0.54428,0.48497,0.35936,93.7,-10.0,106.0,0,1571,47.00,2026-09-12T08:11:02.816365+08:00,111995,72.0,40.0,DISCHARGING,2026-09-12T08:12:08.334365+08:00,46477,TRAIL,1.00,2026-09-12T08:09:01.682686+08:00,233128,,,,2485.6,7.9,GOOD
4616a89e-6aa7-461f-abf0-d8186b0aab26,2026-09-12T08:13:14.251367+08:00,2026-09-12T08:13:04.251367+08:00,10,10.3413490,123.8118123,2026-09-12T00:13:12Z,2971,4.7,5.8,592.28,0.00,0.07,,,2026-09-12T08:13:11.289669+08:00,2956,0,0,,,0,0,0,0,0,0,0,0,0,0,927,0.9159,9.4710,-1.1288,9.7690,1.0458,9.8248,,,,,,,,,,,,,,,0.58261,0.54428,0.48497,0.35936,93.7,-10.0,106.0,0,1571,47.00,2026-09-12T08:11:02.821367+08:00,131430,72.0,40.0,DISCHARGING,2026-09-12T08:13:14.256367+08:00,-5,TRAIL,1.00,2026-09-12T08:09:01.682686+08:00,252568,,,,2491.5,4.7,GOOD
4616a89e-6aa7-461f-abf0-d8186b0aab26,2026-09-12T08:13:37.660995+08:00,2026-09-12T08:13:27.660995+08:00,10,10.3413294,123.8118969,2026-09-12T00:13:38Z,381,7.2,8.5,597.79,0.31,0.90,78.6,81.8,2026-09-12T08:13:37.290673+08:00,370,90,0,13.83,35.20,20,0,7,0,38,0,19,0,4,0,1212,1.4106,8.3232,-3.7975,9.8319,1.8928,10.0125,,,,,,,,,,,,,,,0.58261,0.54428,0.48497,0.35936,93.7,-10.0,106.0,0,1571,47.00,2026-09-12T08:11:02.815995+08:00,154845,72.0,40.0,DISCHARGING,2026-09-12T08:13:14.250995+08:00,23410,TRAIL,1.00,2026-09-12T08:09:01.682686+08:00,275978,,,,2501.0,7.2,GOOD
4616a89e-6aa7-461f-abf0-d8186b0aab26,2026-09-12T08:14:15.216081+08:00,2026-09-12T08:14:05.216081+08:00,10,10.3413773,123.8120535,2026-09-12T00:14:10Z,5937,7.2,7.8,602.01,0.00,0.07,,,2026-09-12T08:14:09.308092+08:00,5906,90,0,14.03,36.10,20,0,7,0,38,0,19,0,4,0,1838,0.6917,9.2582,-2.1095,9.7510,1.3674,9.8464,,,,,,,,,,,,,,,0.58261,0.54428,0.48497,0.35936,93.7,-10.0,106.0,0,1571,47.00,2026-09-12T08:11:02.818081+08:00,192398,72.0,40.0,DISCHARGING,2026-09-12T08:14:15.218081+08:00,-2,TRAIL,1.00,2026-09-12T08:09:01.682686+08:00,313533,,,,2521.5,7.2,GOOD
4616a89e-6aa7-461f-abf0-d8186b0aab26,2026-09-12T08:14:41.392651+08:00,2026-09-12T08:14:31.392651+08:00,10,10.3413250,123.8120672,2026-09-12T00:14:34Z,8114,7.1,7.9,615.44,0.00,0.95,,,2026-09-12T08:14:41.319292+08:00,74,88,0,15.67,35.20,20,0,7,0,36,0,19,0,4,0,1351,0.5288,9.3991,-1.8382,9.7597,1.4221,9.8628,,,,,,,,,,,,,,,0.58261,0.54428,0.48497,0.35936,93.7,-10.0,106.0,0,1571,47.00,2026-09-12T08:11:02.815651+08:00,218577,72.0,40.0,DISCHARGING,2026-09-12T08:14:15.215651+08:00,26177,TRAIL,1.00,2026-09-12T08:09:01.682686+08:00,339709,,,,2531.6,7.1,GOOD
4616a89e-6aa7-461f-abf0-d8186b0aab26,2026-09-12T08:14:52.750519+08:00,2026-09-12T08:14:42.750519+08:00,10,10.3413390,123.8120644,2026-09-12T00:14:50Z,3471,8.5,9.5,609.84,0.33,1.04,340.2,82.6,2026-09-12T08:14:49.287712+08:00,3462,90,0,13.68,35.20,20,0,7,0,38,0,19,0,4,0,572,0.6572,9.2125,-2.5351,9.7375,1.4968,9.8519,,,,,,,,,,,,,,,0.58261,0.54428,0.48497,0.35936,93.7,-10.0,106.0,0,1571,47.00,2026-09-12T08:11:02.816519+08:00,229934,72.0,40.0,DISCHARGING,2026-09-12T08:14:15.216519+08:00,37534,TRAIL,1.00,2026-09-12T08:09:01.682686+08:00,351067,,,,2535.1,8.5,GOOD
4616a89e-6aa7-461f-abf0-d8186b0aab26,2026-09-12T08:15:02.756149+08:00,2026-09-12T08:14:52.756149+08:00,10,10.3413587,123.8120998,2026-09-12T00:14:58Z,5477,7.0,8.4,619.82,0.00,0.08,,,2026-09-12T08:14:57.290573+08:00,5465,91,0,15.27,35.20,20,0,7,0,39,0,19,0,4,0,502,0.2791,9.5685,-1.1986,9.7133,0.7449,9.7418,,,,,,,,,,,,,,,0.58261,0.54428,0.48497,0.35936,93.7,-10.0,106.0,0,1571,47.00,2026-09-12T08:11:02.816149+08:00,239940,72.0,40.0,DISCHARGING,2026-09-12T08:14:15.216149+08:00,47540,TRAIL,1.00,2026-09-12T08:09:01.682686+08:00,361073,,,,2539.6,7.0,GOOD
4616a89e-6aa7-461f-abf0-d8186b0aab26,2026-09-12T08:15:12.760695+08:00,2026-09-12T08:15:02.760695+08:00,10,10.3413585,123.8121179,2026-09-12T00:15:06Z,7482,4.1,5.0,617.27,0.00,0.08,,,2026-09-12T08:15:12.283833+08:00,477,0,0,,,0,0,0,0,0,0,0,0,0,0,502,0.1006,9.6553,-0.2589,9.7014,0.3201,9.7067,,,,,,,,,,,,,,,0.58261,0.54428,0.48497,0.35936,93.7,-10.0,106.0,0,1571,47.00,2026-09-12T08:11:02.815695+08:00,249945,72.0,40.0,DISCHARGING,2026-09-12T08:14:15.215695+08:00,57545,TRAIL,1.00,2026-09-12T08:09:01.682686+08:00,371078,,,,2541.6,4.1,GOOD
4616a89e-6aa7-461f-abf0-d8186b0aab26,2026-09-12T08:15:22.767663+08:00,2026-09-12T08:15:12.767663+08:00,10,10.3413637,123.8121074,2026-09-12T00:15:22Z,1489,3.8,3.7,613.42,0.00,0.08,,,2026-09-12T08:15:21.28882+08:00,1477,90,0,14.07,37.10,20,0,7,0,38,0,19,0,4,0,502,-0.5348,9.6383,-0.0065,9.6927,0.3956,9.7008,,,,,,,,,,,,,,,0.58261,0.54428,0.48497,0.35936,93.7,-10.0,106.0,0,1571,47.00,2026-09-12T08:11:02.817663+08:00,259950,71.0,39.0,DISCHARGING,2026-09-12T08:15:22.769663+08:00,-2,TRAIL,1.00,2026-09-12T08:09:01.682686+08:00,381084,,,,2543.0,3.8,GOOD
4616a89e-6aa7-461f-abf0-d8186b0aab26,2026-09-12T08:15:32.773455+08:00,2026-09-12T08:15:22.773455+08:00,10,10.3413669,123.8121129,2026-09-12T00:15:30Z,3495,3.8,3.1,613.39,0.00,0.08,,,2026-09-12T08:15:29.286798+08:00,3486,91,0,13.42,36.70,20,0,7,0,39,0,19,0,4,0,502,-0.7724,9.5952,-0.8608,9.6891,0.2101,9.6914,,,,,,,,,,,,,,,0.58261,0.54428,0.48497,0.35936,93.7,-10.0,106.0,0,1571,47.00,2026-09-12T08:11:02.816455+08:00,269957,71.0,39.0,DISCHARGING,2026-09-12T08:15:22.768455+08:00,10005,TRAIL,1.00,2026-09-12T08:09:01.682686+08:00,391090,,,,2543.7,3.8,GOOD
4616a89e-6aa7-461f-abf0-d8186b0aab26,2026-09-12T08:15:42.779853+08:00,2026-09-12T08:15:32.779853+08:00,10,10.3413543,123.8121174,2026-09-12T00:15:38Z,5501,3.8,3.3,612.32,0.00,0.08,,,2026-09-12T08:15:37.287907+08:00,5492,89,0,14.50,37.70,20,0,7,0,37,0,19,0,4,0,502,-0.6912,9.6246,-0.3072,9.6921,0.6616,9.7147,,,,,,,,,,,,,,,0.58261,0.54428,0.48497,0.35936,93.7,-10.0,106.0,0,1571,47.00,2026-09-12T08:11:02.815853+08:00,279964,71.0,39.0,DISCHARGING,2026-09-12T08:15:22.767853+08:00,20012,TRAIL,1.00,2026-09-12T08:09:01.682686+08:00,401097,,,,2545.2,3.8,GOOD
4616a89e-6aa7-461f-abf0-d8186b0aab26,2026-09-12T08:15:52.784662+08:00,2026-09-12T08:15:42.784662+08:00,10,10.3413494,123.8121187,2026-09-12T00:15:46Z,7506,3.8,3.1,612.70,0.00,0.08,,,2026-09-12T08:15:52.286178+08:00,499,0,0,,,0,0,0,0,0,0,0,0,0,0,502,-0.7361,9.6238,-0.1604,9.7017,0.2383,9.7047,,,,,,,,,,,,,,,0.58261,0.54428,0.48497,0.35936,93.7,-10.0,106.0,0,1571,47.00,2026-09-12T08:11:02.815662+08:00,289969,71.0,39.0,DISCHARGING,2026-09-12T08:15:22.767662+08:00,30017,TRAIL,1.00,2026-09-12T08:09:01.682686+08:00,411101,,,,2545.8,3.8,GOOD
4616a89e-6aa7-461f-abf0-d8186b0aab26,2026-09-12T08:16:02.789578+08:00,2026-09-12T08:15:52.789578+08:00,10,10.3413579,123.8121188,2026-09-12T00:16:02Z,1511,3.8,2.8,614.36,0.00,0.08,,,2026-09-12T08:16:01.289408+08:00,1500,87,0,11.82,38.30,20,0,7,0,37,0,19,0,2,0,501,-0.1894,9.6646,-0.1643,9.7092,0.3057,9.7140,,,,,,,,,,,,,,,0.58261,0.54428,0.48497,0.35936,93.7,-10.0,106.0,0,1571,47.00,2026-09-12T08:11:02.816578+08:00,299973,71.0,39.0,DISCHARGING,2026-09-12T08:15:22.768578+08:00,40021,TRAIL,1.00,2026-09-12T08:09:01.682686+08:00,421106,,,,2547.1,3.8,GOOD
4616a89e-6aa7-461f-abf0-d8186b0aab26,2026-09-12T08:16:12.7948+08:00,2026-09-12T08:16:02.7948+08:00,10,10.3413502,123.8121202,2026-09-12T00:16:10Z,3516,5.0,4.4,614.09,0.72,1.45,217.3,73.0,2026-09-12T08:16:09.288656+08:00,3506,87,0,11.30,35.20,20,0,7,0,37,0,19,0,2,0,502,0.6006,9.4013,-1.5351,9.7626,1.3198,9.8515,,,,,,,,,,,,,,,0.58261,0.54428,0.48497,0.35936,93.7,-10.0,106.0,0,1571,47.00,2026-09-12T08:11:02.8158+08:00,309979,71.0,39.0,DISCHARGING,2026-09-12T08:15:22.7678+08:00,50027,TRAIL,1.00,2026-09-12T08:09:01.682686+08:00,431112,,,,2547.9,5.0,GOOD
4616a89e-6aa7-461f-abf0-d8186b0aab26,2026-09-12T08:16:22.80065+08:00,2026-09-12T08:16:12.80065+08:00,10,10.3413262,123.8121246,2026-09-12T00:16:18Z,5522,7.6,8.8,616.20,0.32,0.93,85.4,80.7,2026-09-12T08:16:17.287424+08:00,5512,88,0,12.63,35.20,20,0,7,0,38,0,19,0,2,0,502,1.0318,9.2682,-2.0415,9.7554,1.3746,9.8518,,,,,,,,,,,,,,,0.58261,0.54428,0.48497,0.35936,93.7,-10.0,106.0,0,1571,47.00,2026-09-12T08:11:02.81765+08:00,319983,71.0,39.0,DISCHARGING,2026-09-12T08:16:22.80265+08:00,-2,TRAIL,1.00,2026-09-12T08:09:01.682686+08:00,441117,,,,2550.6,7.6,GOOD
4616a89e-6aa7-461f-abf0-d8186b0aab26,2026-09-12T08:16:32.80575+08:00,2026-09-12T08:16:22.80575+08:00,10,10.3413417,123.8121781,2026-09-12T00:16:26Z,7527,9.9,16.3,618.64,0.61,0.99,90.6,61.2,2026-09-12T08:16:32.2856+08:00,520,0,0,,,0,0,0,0,0,0,0,0,0,0,502,0.8590,9.2347,-2.6069,9.8200,1.5609,9.9433,,,,,,,,,,,,,,,0.58261,0.54428,0.48497,0.35936,93.7,-10.0,106.0,0,1571,47.00,2026-09-12T08:11:02.81575+08:00,329990,71.0,39.0,DISCHARGING,2026-09-12T08:16:22.80075+08:00,10005,TRAIL,1.00,2026-09-12T08:09:01.682686+08:00,451123,,,,2556.7,9.9,GOOD
4616a89e-6aa7-461f-abf0-d8186b0aab26,2026-09-12T08:16:49.034579+08:00,2026-09-12T08:16:39.034579+08:00,10,10.3414189,123.8122270,2026-09-12T00:16:42Z,7755,6.1,9.3,613.23,0.58,0.96,49.4,63.1,2026-09-12T08:16:48.287519+08:00,746,0,0,,,0,0,0,0,0,0,0,0,0,0,814,0.4132,9.2568,-2.0535,9.7837,1.4168,9.8858,,,,,,,,,,,,,,,0.58261,0.54428,0.48497,0.35936,93.7,-10.0,106.0,0,1571,47.00,2026-09-12T08:11:02.816579+08:00,346218,71.0,39.0,DISCHARGING,2026-09-12T08:16:22.801579+08:00,26233,TRAIL,0.50,2026-09-12T08:16:41.303811+08:00,7730,,,,2567.2,6.1,GOOD
4616a89e-6aa7-461f-abf0-d8186b0aab26,2026-09-12T08:17:13.82468+08:00,2026-09-12T08:17:03.82468+08:00,10,10.3414622,123.8122696,2026-09-12T00:17:06Z,8546,6.9,10.9,613.60,0.34,0.96,81.2,79.5,2026-09-12T08:17:13.289099+08:00,536,90,0,11.34,35.40,20,0,7,0,38,0,19,0,4,0,1239,0.5261,9.0610,-2.7742,9.7795,1.5947,9.9087,,,,,,,,,,,,,,,0.58261,0.54428,0.48497,0.35936,93.7,-10.0,106.0,0,1571,47.00,2026-09-12T08:11:02.81568+08:00,371009,71.0,39.0,DISCHARGING,2026-09-12T08:16:22.80068+08:00,51024,TRAIL,0.50,2026-09-12T08:16:41.303811+08:00,32520,,,,2578.4,6.9,GOOD
4616a89e-6aa7-461f-abf0-d8186b0aab26,2026-09-12T08:17:35.23184+08:00,2026-09-12T08:17:25.23184+08:00,10,10.3414788,123.8124319,2026-09-12T00:17:31Z,4953,7.3,9.5,617.00,0.43,1.05,76.9,76.7,2026-09-12T08:17:30.312497+08:00,4917,97,0,11.10,35.20,20,0,7,0,45,0,19,0,4,0,1028,0.2292,9.2273,-2.2502,9.7946,1.8004,9.9587,,,,,,,,,,,,,,,0.58261,0.54428,0.48497,0.35936,93.7,-10.0,106.0,0,1571,47.00,2026-09-12T08:11:02.81784+08:00,392414,71.0,39.0,DISCHARGING,2026-09-12T08:17:35.23384+08:00,-2,TRAIL,0.50,2026-09-12T08:16:41.303811+08:00,53928,,,,2597.7,7.3,GOOD
4616a89e-6aa7-461f-abf0-d8186b0aab26,2026-09-12T08:17:58.279965+08:00,2026-09-12T08:17:48.279965+08:00,10,10.3415191,123.8125335,2026-09-12T00:17:55Z,4001,18.1,13.2,621.86,0.24,1.45,26.2,94.6,2026-09-12T08:17:54.31014+08:00,3970,95,0,9.75,35.20,20,0,7,0,45,0,19,0,2,0,1202,0.1550,9.1067,-2.6197,9.8340,1.7581,9.9899,,,,,,,,,,,,,,,0.58261,0.54428,0.48497,0.35936,93.7,-10.0,106.0,0,1571,47.00,2026-09-12T08:11:02.815965+08:00,415464,71.0,39.0,DISCHARGING,2026-09-12T08:17:35.231965+08:00,23048,TRAIL,0.50,2026-09-12T08:16:41.303811+08:00,76976,,,,2609.7,18.1,GOOD
4616a89e-6aa7-461f-abf0-d8186b0aab26,2026-09-12T08:18:31.072487+08:00,2026-09-12T08:18:21.072487+08:00,10,10.3416374,123.8126046,2026-09-12T00:18:26Z,5793,8.8,8.5,631.44,1.11,0.99,131.8,41.6,2026-09-12T08:18:25.313698+08:00,5758,86,0,12.45,35.20,20,0,7,0,36,0,19,0,2,0,1633,0.3272,9.2091,-2.4164,9.8009,1.5474,9.9223,,,,,,,,,,,,,,,0.58261,0.54428,0.48497,0.35936,93.7,-10.0,106.0,0,1571,47.00,2026-09-12T08:11:02.816487+08:00,448256,71.0,39.0,DISCHARGING,2026-09-12T08:17:35.232487+08:00,55840,UNPAVED,0.50,2026-09-12T08:18:18.313564+08:00,12758,,,,2632.5,8.8,GOOD
4616a89e-6aa7-461f-abf0-d8186b0aab26,2026-09-12T08:18:50.316709+08:00,2026-09-12T08:18:40.316709+08:00,10,10.3417760,123.8126553,2026-09-12T00:18:50Z,1037,9.2,8.6,632.12,0.44,0.99,49.7,74.2,2026-09-12T08:18:49.289483+08:00,1026,87,0,9.37,35.20,20,0,7,0,37,0,19,0,2,0,959,0.0751,9.0921,-2.6219,9.7924,1.4367,9.8972,,,,,,,,,,,,,,,0.58261,0.54428,0.48497,0.35936,93.7,-10.0,106.0,0,1571,47.00,2026-09-12T08:11:02.817709+08:00,467499,71.0,39.0,DISCHARGING,2026-09-12T08:18:50.318709+08:00,-2,TRAIL,0.50,2026-09-12T08:18:33.327129+08:00,16989,,,,2655.6,9.2,GOOD
4616a89e-6aa7-461f-abf0-d8186b0aab26,2026-09-12T08:19:06.24057+08:00,2026-09-12T08:18:56.24057+08:00,10,10.3417655,123.8126972,2026-09-12T00:19:06Z,961,10.5,13.7,639.41,0.00,0.08,,,2026-09-12T08:19:05.302984+08:00,937,87,0,9.42,35.20,20,0,7,0,36,0,19,0,3,0,755,0.2326,9.3482,-1.8402,9.7596,1.3356,9.8506,,,,,,,,,,,,,,,0.58261,0.54428,0.48497,0.35936,93.7,-10.0,106.0,0,1571,47.00,2026-09-12T08:11:02.81657+08:00,483424,71.0,39.0,DISCHARGING,2026-09-12T08:18:50.31757+08:00,15923,TRAIL,0.50,2026-09-12T08:18:33.327129+08:00,32913,,,,2662.0,10.5,GOOD
4616a89e-6aa7-461f-abf0-d8186b0aab26,2026-09-12T08:19:23.270767+08:00,2026-09-12T08:19:13.270767+08:00,10,10.3417782,123.8126842,2026-09-12T00:19:22Z,1992,9.4,14.0,640.84,0.00,0.97,,,2026-09-12T08:19:21.287237+08:00,1984,88,0,10.37,35.20,20,0,7,0,37,0,19,0,3,0,898,0.0713,9.1991,-1.9886,9.8465,1.4224,9.9487,,,,,,,,,,,,,,,0.58261,0.54428,0.48497,0.35936,93.7,-10.0,106.0,0,1571,47.00,2026-09-12T08:11:02.815767+08:00,500455,71.0,39.0,DISCHARGING,2026-09-12T08:18:50.316767+08:00,32954,TRAIL,0.50,2026-09-12T08:18:33.327129+08:00,49943,,,,2664.0,9.4,GOOD
4616a89e-6aa7-461f-abf0-d8186b0aab26,2026-09-12T08:19:44.467123+08:00,2026-09-12T08:19:34.467123+08:00,10,10.3417700,123.8127678,2026-09-12T00:19:38Z,7188,9.5,9.7,640.48,0.70,1.39,147.4,72.2,2026-09-12T08:19:44.288827+08:00,178,0,0,,,0,0,0,0,0,0,0,0,0,0,1060,0.4766,8.7292,-3.0470,9.8532,1.4923,9.9656,,,,,,,,,,,,,,,0.58261,0.54428,0.48497,0.35936,93.7,-10.0,106.0,0,1571,47.00,2026-09-12T08:11:02.816123+08:00,521651,71.0,39.0,DISCHARGING,2026-09-12T08:18:50.317123+08:00,54150,TRAIL,0.50,2026-09-12T08:19:37.303116+08:00,7164,,,,2675.0,9.5,GOOD
4616a89e-6aa7-461f-abf0-d8186b0aab26,2026-09-12T08:19:59.220313+08:00,2026-09-12T08:19:49.220313+08:00,10,10.3418336,123.8127280,2026-09-12T00:19:54Z,5942,5.0,6.8,642.05,0.00,0.08,,,2026-09-12T08:19:53.317407+08:00,5902,88,0,10.61,35.20,20,0,7,0,37,0,19,0,3,0,726,0.4570,9.3680,-1.1241,9.7543,0.9612,9.8015,,,,,,,,,,,,,,,0.58261,0.54428,0.48497,0.35936,93.7,-10.0,106.0,0,1571,47.00,2026-09-12T08:11:02.817313+08:00,536403,70.0,38.0,DISCHARGING,2026-09-12T08:19:59.221313+08:00,-1,TRAIL,0.50,2026-09-12T08:19:37.303116+08:00,21917,,,,2683.3,5.0,GOOD
4616a89e-6aa7-461f-abf0-d8186b0aab26,2026-09-12T08:20:35.148847+08:00,2026-09-12T08:20:25.148847+08:00,10,10.3419167,123.8128013,2026-09-12T00:20:34Z,1870,6.6,8.1,642.41,0.00,0.07,,,2026-09-12T08:20:34.28581+08:00,863,0,0,,,0,0,0,0,0,0,0,0,0,0,1803,1.1165,9.2365,-1.2397,9.7982,1.3079,9.8851,,,,,,,,,,,,,,,0.58261,0.54428,0.48497,0.35936,93.7,-10.0,106.0,0,1571,47.00,2026-09-12T08:11:02.815847+08:00,572333,70.0,38.0,DISCHARGING,2026-09-12T08:19:59.219847+08:00,35929,TRAIL,0.50,2026-09-12T08:19:37.303116+08:00,57845,,,,2695.6,6.6,GOOD
4616a89e-6aa7-461f-abf0-d8186b0aab26,2026-09-12T08:20:53.072346+08:00,2026-09-12T08:20:43.072346+08:00,10,10.3419790,123.8128018,2026-09-12T00:20:50Z,3793,9.4,9.9,641.41,0.00,0.54,,,2026-09-12T08:20:49.288189+08:00,3784,90,0,14.02,36.40,20,0,7,0,38,0,19,0,4,0,884,0.7507,9.2276,-2.3065,9.8390,1.6613,9.9782,,,,,,,,,,,,,,,0.58261,0.54428,0.48497,0.35936,93.7,-10.0,106.0,0,1571,47.00,2026-09-12T08:11:02.816346+08:00,590256,70.0,38.0,DISCHARGING,2026-09-12T08:19:59.220346+08:00,53852,TRAIL,0.50,2026-09-12T08:19:37.303116+08:00,75769,,,,2703.9,9.4,GOOD
4616a89e-6aa7-461f-abf0-d8186b0aab26,2026-09-12T08:21:12.980263+08:00,2026-09-12T08:21:02.980263+08:00,10,10.3420058,123.8128300,2026-09-12T00:21:06Z,7702,7.6,8.3,635.98,0.00,0.13,,,2026-09-12T08:21:12.314823+08:00,664,0,0,,,0,0,0,0,0,0,0,0,0,0,1001,0.2473,9.3242,-2.1276,9.8384,1.8371,10.0084,,,,,,,,,,,,,,,0.58261,0.54428,0.48497,0.35936,93.7,-10.0,106.0,0,1571,47.00,2026-09-12T08:11:02.817263+08:00,610163,70.0,38.0,DISCHARGING,2026-09-12T08:21:12.981263+08:00,-1,TRAIL,0.50,2026-09-12T08:19:37.303116+08:00,95677,,,,2708.1,7.6,GOOD
4616a89e-6aa7-461f-abf0-d8186b0aab26,2026-09-12T08:21:39.995134+08:00,2026-09-12T08:21:29.995134+08:00,10,10.3423183,123.8127497,2026-09-12T00:21:38Z,2717,4.8,5.9,641.49,0.84,0.95,349.2,51.1,2026-09-12T08:21:37.287537+08:00,2707,91,0,14.58,40.20,20,0,7,0,39,0,19,0,4,0,1359,0.5585,9.6345,-0.8362,9.9032,1.8530,10.0751,,,,,,,,,,,,,,,0.58261,0.54428,0.48497,0.35936,93.7,-10.0,106.0,0,1571,47.00,2026-09-12T08:11:02.816134+08:00,637179,70.0,38.0,DISCHARGING,2026-09-12T08:21:12.980134+08:00,27015,UNPAVED,0.50,2026-09-12T08:21:37.302314+08:00,2692,,,,2744.3,4.8,GOOD
4616a89e-6aa7-461f-abf0-d8186b0aab26,2026-09-12T08:22:13.255123+08:00,2026-09-12T08:22:03.255123+08:00,10,10.3425662,123.8128601,2026-09-12T00:22:10Z,3977,5.1,7.1,642.54,0.73,0.91,54.1,53.8,2026-09-12T08:22:09.290596+08:00,3963,91,0,12.94,35.70,20,0,7,0,39,0,19,0,4,0,1615,0.5139,9.5728,-1.2168,9.8814,1.8421,10.0517,,,,,,,,,,,,,,,0.58261,0.54428,0.48497,0.35936,93.7,-10.0,106.0,0,1571,47.00,2026-09-12T08:11:02.817123+08:00,670438,70.0,38.0,DISCHARGING,2026-09-12T08:22:13.256123+08:00,-1,TRAIL,0.50,2026-09-12T08:22:01.305933+08:00,11949,,,,2777.0,5.1,GOOD
4616a89e-6aa7-461f-abf0-d8186b0aab26,2026-09-12T08:22:50.675489+08:00,2026-09-12T08:22:40.675489+08:00,10,10.3424879,123.8129521,2026-09-12T00:22:50Z,1397,7.5,7.7,642.85,0.54,1.01,290.3,68.2,2026-09-12T08:22:49.313803+08:00,1361,90,0,10.97,35.20,20,0,7,0,38,0,19,0,4,0,1911,-1.0883,6.8996,-5.3871,9.7589,1.2005,9.8324,,,,,,,,,,,,,,,0.58261,0.54428,0.48497,0.35936,93.7,-10.0,106.0,0,1571,47.00,2026-09-12T08:11:02.816489+08:00,707859,70.0,38.0,DISCHARGING,2026-09-12T08:22:13.255489+08:00,37420,TRAIL,0.50,2026-09-12T08:22:01.305933+08:00,49369,,,,2795.1,7.5,GOOD
4616a89e-6aa7-461f-abf0-d8186b0aab26,2026-09-12T08:23:13.298947+08:00,2026-09-12T08:23:03.298947+08:00,10,10.3424987,123.8129628,2026-09-12T00:23:06Z,8023,5.7,7.7,641.24,1.42,0.96,225.8,34.0,2026-09-12T08:23:12.288128+08:00,1006,0,0,,,0,0,0,0,0,0,0,0,0,0,1140,0.9613,9.4754,-1.3786,9.8786,2.0216,10.0833,,,,,,,,,,,,,,,0.58261,0.54428,0.48497,0.35936,93.7,-10.0,106.0,0,1571,47.00,2026-09-12T08:11:02.820947+08:00,730478,70.0,38.0,DISCHARGING,2026-09-12T08:23:13.303947+08:00,-5,CONCRETE,0.50,2026-09-12T08:23:05.33182+08:00,7967,,,,2799.9,5.7,GOOD
4616a89e-6aa7-461f-abf0-d8186b0aab26,2026-09-12T08:23:42.643581+08:00,2026-09-12T08:23:32.643581+08:00,10,10.3426356,123.8130579,2026-09-12T00:23:38Z,5366,3.9,4.7,649.85,0.67,0.85,168.5,56.2,2026-09-12T08:23:37.300686+08:00,5342,92,0,17.63,38.60,20,0,7,0,40,0,19,0,4,0,1458,0.1116,9.6090,-0.7033,9.8367,1.4256,9.9395,,,,,,,,,,,,,,,0.58261,0.54428,0.48497,0.35936,93.7,-10.0,106.0,0,1571,47.00,2026-09-12T08:11:02.816581+08:00,759827,70.0,38.0,DISCHARGING,2026-09-12T08:23:13.299581+08:00,29344,TRAIL,0.50,2026-09-12T08:23:37.315192+08:00,5328,,,,2826.6,3.9,GOOD
4616a89e-6aa7-461f-abf0-d8186b0aab26,2026-09-12T08:24:07.245732+08:00,2026-09-12T08:23:57.245732+08:00,10,10.3424814,123.8131648,2026-09-12T00:24:02Z,5967,4.5,5.9,652.79,0.87,0.85,145.0,46.6,2026-09-12T08:24:01.292157+08:00,5954,92,0,17.58,39.20,20,0,7,0,40,0,19,0,4,0,1191,0.2785,9.3088,-2.5071,9.8578,2.0470,10.0680,,,,,,,,,,,,,,,0.58261,0.54428,0.48497,0.35936,93.7,-10.0,106.0,0,1571,47.00,2026-09-12T08:11:02.815732+08:00,784430,70.0,38.0,DISCHARGING,2026-09-12T08:23:13.298732+08:00,53947,UNPAVED,0.50,2026-09-12T08:24:01.302624+08:00,5943,,,,2847.8,4.5,GOOD
4616a89e-6aa7-461f-abf0-d8186b0aab26,2026-09-12T08:24:32.541332+08:00,2026-09-12T08:24:22.541332+08:00,10,10.3424340,123.8133261,2026-09-12T00:24:26Z,7264,4.1,5.4,655.35,1.01,0.85,103.1,41.7,2026-09-12T08:24:32.286539+08:00,253,0,0,,,0,0,0,0,0,0,0,0,0,0,1306,0.5875,9.2750,-2.4093,9.8756,2.1789,10.1131,,,,,,,,,,,,,,,0.58261,0.54428,0.48497,0.35936,93.7,-10.0,106.0,0,1571,47.00,2026-09-12T08:11:02.817332+08:00,809724,70.0,38.0,DISCHARGING,2026-09-12T08:24:32.542332+08:00,-1,UNPAVED,0.50,2026-09-12T08:24:17.324625+08:00,15216,,,,2866.2,4.1,GOOD
4616a89e-6aa7-461f-abf0-d8186b0aab26,2026-09-12T08:24:47.157998+08:00,2026-09-12T08:24:37.157998+08:00,10,10.3423870,123.8134039,2026-09-12T00:24:42Z,5880,4.7,5.6,657.85,0.00,0.01,,,2026-09-12T08:24:41.28681+08:00,5871,94,0,17.19,36.80,20,0,7,0,42,0,19,0,4,0,726,0.3529,9.3214,-2.2604,9.7846,1.4586,9.8927,,,,,,,,,,,,,,,0.58261,0.54428,0.48497,0.35936,93.7,-10.0,106.0,0,1571,47.00,2026-09-12T08:11:02.815998+08:00,824342,70.0,38.0,DISCHARGING,2026-09-12T08:24:32.540998+08:00,14617,UNPAVED,0.50,2026-09-12T08:24:17.324625+08:00,29833,,,,2877.0,4.7,GOOD
4616a89e-6aa7-461f-abf0-d8186b0aab26,2026-09-12T08:25:06.259463+08:00,2026-09-12T08:24:56.259463+08:00,10,10.3424040,123.8134388,2026-09-12T00:25:06Z,982,4.3,5.2,659.57,1.28,0.90,87.3,35.6,2026-09-12T08:25:05.290124+08:00,969,91,0,15.64,35.20,20,0,7,0,39,0,19,0,4,0,963,0.4752,9.6307,0.0707,9.8303,1.3198,9.9185,,,,,,,,,,,,,,,0.58261,0.54428,0.48497,0.35936,93.7,-10.0,106.0,0,1571,47.00,2026-09-12T08:11:02.816463+08:00,843443,70.0,38.0,DISCHARGING,2026-09-12T08:24:32.541463+08:00,33718,CONCRETE,0.50,2026-09-12T08:25:05.304389+08:00,955,,,,2882.5,4.3,GOOD
4616a89e-6aa7-461f-abf0-d8186b0aab26,2026-09-12T08:25:38.489347+08:00,2026-09-12T08:25:28.489347+08:00,10,10.3424591,123.8136016,2026-09-12T00:25:38Z,1211,4.1,4.5,659.96,0.00,1.10,,,2026-09-12T08:25:38.255341+08:00,233,92,0,16.85,38.00,20,0,7,0,39,0,20,0,4,0,1593,0.4063,9.6400,-0.4746,9.9159,2.1004,10.1359,,,,,,,,,,,,,,,0.58261,0.54428,0.48497,0.35936,93.7,-10.0,106.0,0,1571,47.00,2026-09-12T08:11:02.817347+08:00,875672,69.0,39.0,DISCHARGING,2026-09-12T08:25:38.490347+08:00,-1,UNPAVED,0.50,2026-09-12T08:25:21.322743+08:00,17166,,,,2903.8,4.1,GOOD
4616a89e-6aa7-461f-abf0-d8186b0aab26,2026-09-12T08:26:07.734989+08:00,2026-09-12T08:25:57.734989+08:00,10,10.3423493,123.8134196,2026-09-12T00:26:01Z,7456,9.2,13.6,654.26,1.61,2.17,221.1,41.2,2026-09-12T08:26:00.31222+08:00,7423,0,0,,,0,0,0,0,0,0,0,0,0,0,1468,0.9404,9.4114,-1.6766,9.8891,1.9743,10.0843,,,,,,,,,,,,,,,0.58261,0.54428,0.48497,0.35936,93.7,-10.0,106.0,0,1571,47.00,2026-09-12T08:11:02.815989+08:00,904919,69.0,39.0,DISCHARGING,2026-09-12T08:25:38.488989+08:00,29246,CONCRETE,0.50,2026-09-12T08:26:00.318411+08:00,7416,,,,2927.9,9.2,GOOD
4616a89e-6aa7-461f-abf0-d8186b0aab26,2026-09-12T08:26:34.293696+08:00,2026-09-12T08:26:24.293696+08:00,10,10.3424444,123.8132120,2026-09-12T00:26:25Z,10014,7.5,12.1,664.07,1.84,2.21,262.0,37.0,2026-09-12T08:26:34.28916+08:00,5,99,0,18.60,39.50,20,0,7,0,47,0,19,0,4,0,1326,0.7220,9.5532,-0.6871,9.9751,2.2212,10.2194,,,,,,,,,,,,,,,0.58261,0.54428,0.48497,0.35936,93.7,-10.0,106.0,0,1571,47.00,2026-09-12T08:11:02.815696+08:00,931478,69.0,39.0,DISCHARGING,2026-09-12T08:25:38.488696+08:00,55805,CONCRETE,0.50,2026-09-12T08:26:00.318411+08:00,33975,,,,2959.0,7.5,GOOD
4616a89e-6aa7-461f-abf0-d8186b0aab26,2026-09-12T08:27:04.271667+08:00,2026-09-12T08:26:54.271667+08:00,10,10.3424550,123.8132966,2026-09-12T00:26:58Z,6993,4.1,4.5,655.66,0.00,0.08,,,2026-09-12T08:26:57.28757+08:00,6980,92,0,17.90,41.00,20,0,7,0,40,0,19,0,4,0,1503,-0.1517,9.5601,-1.0165,9.7024,0.5645,9.7188,,,,,,,,,,,,,,,0.58261,0.54428,0.48497,0.35936,93.7,-10.0,106.0,0,1571,47.00,2026-09-12T08:11:02.819667+08:00,961452,69.0,39.0,DISCHARGING,2026-09-12T08:27:04.275667+08:00,-4,TRAIL,0.50,2026-09-12T08:26:34.304519+08:00,29967,,,,2973.7,4.1,GOOD
4616a89e-6aa7-461f-abf0-d8186b0aab26,2026-09-12T08:27:34.500015+08:00,2026-09-12T08:27:24.500015+08:00,10,10.3424592,123.8132937,2026-09-12T00:27:30Z,5222,3.8,2.5,655.88,0.00,0.08,,,2026-09-12T08:27:29.324524+08:00,5175,93,0,17.93,38.80,20,0,7,0,41,0,19,0,4,0,1514,0.7172,9.5906,0.2890,9.7259,0.4715,9.7373,,,,,,,,,,,,,,,0.58261,0.54428,0.48497,0.35936,93.7,-10.0,106.0,0,1571,47.00,2026-09-12T08:11:02.816015+08:00,991684,69.0,39.0,DISCHARGING,2026-09-12T08:27:04.272015+08:00,30228,TRAIL,0.50,2026-09-12T08:26:34.304519+08:00,60195,,,,2975.4,3.8,GOOD
4616a89e-6aa7-461f-abf0-d8186b0aab26,2026-09-12T08:27:58.730828+08:00,2026-09-12T08:27:48.730828+08:00,10,10.3424674,123.8131760,2026-09-12T00:27:53Z,6451,6.6,9.2,654.29,2.93,2.64,261.0,29.0,2026-09-12T08:27:52.284233+08:00,6447,0,0,,,0,0,0,0,0,0,0,0,0,0,1190,1.0810,9.5306,-0.7870,9.9149,1.8407,10.0844,,,,,,,,,,,,,,,0.58261,0.54428,0.48497,0.35936,93.7,-10.0,106.0,0,1571,47.00,2026-09-12T08:11:02.815828+08:00,1015915,69.0,39.0,DISCHARGING,2026-09-12T08:27:04.271828+08:00,54459,CONCRETE,0.50,2026-09-12T08:27:52.29179+08:00,6439,,,,2989.0,6.6,GOOD
4616a89e-6aa7-461f-abf0-d8186b0aab26,2026-09-12T08:28:08.734+08:00,2026-09-12T08:27:58.734+08:00,10,10.3424814,123.8130730,2026-09-12T00:28:03Z,6455,7.5,10.1,651.39,0.45,1.26,317.7,80.3,2026-09-12T08:28:08.284795+08:00,448,0,0,,,0,0,0,0,0,0,0,0,0,0,524,0.6167,9.5570,-1.0969,9.9278,2.1206,10.1517,,,,,,,,,,,,,,,0.58261,0.54428,0.48497,0.35936,93.7,-10.0,106.0,0,1571,47.00,2026-09-12T08:11:02.817+08:00,1025917,69.0,40.0,DISCHARGING,2026-09-12T08:28:08.735+08:00,-1,TRAIL,0.50,2026-09-12T08:28:02.303926+08:00,6430,,,,3000.4,7.5,GOOD
4616a89e-6aa7-461f-abf0-d8186b0aab26,2026-09-12T08:28:18.738232+08:00,2026-09-12T08:28:08.738232+08:00,10,10.3425770,123.8130667,2026-09-12T00:28:18Z,1460,7.5,8.7,653.17,1.38,1.05,318.0,38.3,2026-09-12T08:28:17.287794+08:00,1450,91,0,13.54,38.80,20,0,7,0,39,0,19,0,4,0,502,0.5707,9.5604,-0.7609,10.0675,3.1967,10.5628,,,,,,,,,,,,,,,0.58261,0.54428,0.48497,0.35936,93.7,-10.0,106.0,0,1571,47.00,2026-09-12T08:11:02.816232+08:00,1035922,69.0,40.0,DISCHARGING,2026-09-12T08:28:08.734232+08:00,10004,CONCRETE,0.50,2026-09-12T08:28:17.301004+08:00,1437,,,,3011.4,7.5,GOOD
4616a89e-6aa7-461f-abf0-d8186b0aab26,2026-09-12T08:28:42.602591+08:00,2026-09-12T08:28:32.602591+08:00,10,10.3427680,123.8129832,2026-09-12T00:28:42Z,1326,4.3,6.2,646.50,1.11,0.89,30.3,39.9,2026-09-12T08:28:41.286898+08:00,1315,54,0,21.64,39.80,12,0,7,0,21,0,10,0,2,0,1186,0.8010,9.5987,-0.8191,9.9943,2.2584,10.2462,,,,,,,,,,,,,,,0.58261,0.54428,0.48497,0.35936,93.7,-10.0,106.0,0,1571,47.00,2026-09-12T08:11:02.816591+08:00,1059786,69.0,40.0,DISCHARGING,2026-09-12T08:28:08.734591+08:00,33868,UNPAVED,0.50,2026-09-12T08:28:41.298811+08:00,1303,,,,3040.1,4.3,GOOD
4616a89e-6aa7-461f-abf0-d8186b0aab26,2026-09-12T08:28:52.607862+08:00,2026-09-12T08:28:42.607862+08:00,10,10.3428325,123.8130424,2026-09-12T00:28:49Z,4329,5.6,8.9,647.02,1.18,2.29,13.0,53.1,2026-09-12T08:28:48.287928+08:00,4320,0,0,,,0,0,0,0,0,0,0,0,0,0,502,1.1272,9.4207,-1.5606,9.9412,1.9292,10.1267,,,,,,,,,,,,,,,0.58261,0.54428,0.48497,0.35936,93.7,-10.0,106.0,0,1571,47.00,2026-09-12T08:11:02.815862+08:00,1069792,69.0,40.0,DISCHARGING,2026-09-12T08:28:08.733862+08:00,43874,UNPAVED,0.50,2026-09-12T08:28:41.298811+08:00,11309,,,,3049.7,5.6,GOOD
4616a89e-6aa7-461f-abf0-d8186b0aab26,2026-09-12T08:29:02.61389+08:00,2026-09-12T08:28:52.61389+08:00,10,10.3429327,123.8131530,2026-09-12T00:28:59Z,4337,7.3,9.5,650.43,0.95,1.25,29.0,57.0,2026-09-12T08:28:58.284789+08:00,4329,91,0,14.07,38.90,20,0,7,0,39,0,19,0,4,0,502,1.4143,9.1241,-2.5399,9.8205,1.9106,10.0046,,,,,,,,,,,,,,,0.58261,0.54428,0.48497,0.35936,93.7,-10.0,106.0,0,1571,47.00,2026-09-12T08:11:02.81589+08:00,1079798,69.0,40.0,DISCHARGING,2026-09-12T08:28:08.73389+08:00,53880,UNPAVED,0.50,2026-09-12T08:28:41.298811+08:00,21315,,,,3066.1,7.3,GOOD
4616a89e-6aa7-461f-abf0-d8186b0aab26,2026-09-12T08:29:12.621501+08:00,2026-09-12T08:29:02.621501+08:00,10,10.3429851,123.8131964,2026-09-12T00:29:05Z,8344,9.2,13.6,652.19,1.02,3.15,0.8,70.4,2026-09-12T08:29:12.284411+08:00,336,0,0,,,0,0,0,0,0,0,0,0,0,0,502,1.2865,9.2039,-2.2468,9.8365,1.7990,9.9997,,,,,,,,,,,,,,,0.58261,0.54428,0.48497,0.35936,93.7,-10.0,106.0,0,1571,47.00,2026-09-12T08:11:02.817501+08:00,1089804,69.0,40.0,DISCHARGING,2026-09-12T08:29:12.622501+08:00,-1,UNPAVED,0.50,2026-09-12T08:28:41.298811+08:00,31322,,,,3073.6,9.2,GOOD
4616a89e-6aa7-461f-abf0-d8186b0aab26,2026-09-12T08:29:22.626672+08:00,2026-09-12T08:29:12.626672+08:00,10,10.3430471,123.8132725,2026-09-12T00:29:21Z,2348,7.3,11.7,652.21,1.22,3.24,34.8,65.0,2026-09-12T08:29:20.289439+08:00,2338,0,0,,,0,0,0,0,0,0,0,0,0,0,501,0.7872,9.6510,-0.3798,9.9883,2.2531,10.2393,,,,,,,,,,,,,,,0.58261,0.54428,0.48497,0.35936,93.7,-10.0,106.0,0,1571,47.00,2026-09-12T08:11:02.815672+08:00,1099811,69.0,40.0,DISCHARGING,2026-09-12T08:29:12.620672+08:00,10006,UNPAVED,0.50,2026-09-12T08:28:41.298811+08:00,41327,,,,3084.5,7.3,GOOD
4616a89e-6aa7-461f-abf0-d8186b0aab26,2026-09-12T08:29:42.010523+08:00,2026-09-12T08:29:32.010523+08:00,10,10.3431705,123.8133677,2026-09-12T00:29:38Z,4734,4.7,6.6,659.62,1.16,1.07,32.7,44.6,2026-09-12T08:29:37.289114+08:00,4721,54,0,20.39,35.50,12,0,7,0,21,0,10,0,2,0,975,1.1991,9.5393,-0.5256,9.9942,2.4831,10.2981,,,,,,,,,,,,,,,0.58261,0.54428,0.48497,0.35936,93.7,-10.0,106.0,0,1571,47.00,2026-09-12T08:11:02.816523+08:00,1119194,69.0,40.0,DISCHARGING,2026-09-12T08:29:12.621523+08:00,29389,UNPAVED,0.50,2026-09-12T08:28:41.298811+08:00,60711,,,,3101.7,4.7,GOOD
4616a89e-6aa7-461f-abf0-d8186b0aab26,2026-09-12T08:30:00.298705+08:00,2026-09-12T08:29:50.298705+08:00,10,10.3433245,123.8134455,2026-09-12T00:29:53Z,8019,8.4,22.1,660.98,1.61,3.52,31.3,48.8,2026-09-12T08:29:52.288276+08:00,8011,0,0,,,0,0,0,0,0,0,0,0,0,0,918,0.8201,9.6237,-0.0356,9.9669,3.2032,10.4690,,,,,,,,,,,,,,,0.58261,0.54428,0.48497,0.35936,93.7,-10.0,106.0,0,1571,47.00,2026-09-12T08:11:02.815705+08:00,1137483,69.0,40.0,DISCHARGING,2026-09-12T08:29:12.620705+08:00,47678,CONCRETE,0.50,2026-09-12T08:29:44.323227+08:00,15975,,,,3120.8,8.4,GOOD
4616a89e-6aa7-461f-abf0-d8186b0aab26,2026-09-12T08:30:11.255247+08:00,2026-09-12T08:30:01.255247+08:00,10,10.3434913,123.8135901,2026-09-12T00:30:10Z,1979,11.5,64.7,662.52,1.34,4.82,32.8,55.2,2026-09-12T08:30:09.283746+08:00,1971,52,0,14.94,35.50,11,0,7,0,21,0,9,0,2,0,520,0.3427,9.6731,-0.0164,9.9366,2.7590,10.3125,,,,,,,,,,,,,,,0.58261,0.54428,0.48497,0.35936,93.7,-10.0,106.0,0,1571,47.00,2026-09-12T08:11:02.816247+08:00,1148439,69.0,40.0,DISCHARGING,2026-09-12T08:29:12.621247+08:00,58634,CONCRETE,0.50,2026-09-12T08:29:44.323227+08:00,26932,,,,3145.1,11.5,GOOD
4616a89e-6aa7-461f-abf0-d8186b0aab26,2026-09-12T08:30:32.103142+08:00,2026-09-12T08:30:22.103142+08:00,10,10.3433426,123.8135502,2026-09-12T00:30:25Z,7825,9.3,16.5,638.09,1.13,2.44,52.0,55.0,2026-09-12T08:30:24.309546+08:00,7791,0,0,,,0,0,0,0,0,0,0,0,0,0,1067,0.6659,9.6314,-0.5766,9.9182,2.3227,10.1866,,,,,,,,,,,,,,,0.58261,0.54428,0.48497,0.35936,93.7,-10.0,106.0,0,1571,47.00,2026-09-12T08:11:02.818142+08:00,1169285,68.0,40.0,DISCHARGING,2026-09-12T08:30:32.105142+08:00,-2,UNPAVED,0.50,2026-09-12T08:30:24.314756+08:00,7788,,,,3182.9,9.3,GOOD
4616a89e-6aa7-461f-abf0-d8186b0aab26,2026-09-12T08:30:51.252476+08:00,2026-09-12T08:30:41.252476+08:00,10,10.3433936,123.8137694,2026-09-12T00:30:49Z,2975,8.3,11.8,647.42,1.26,2.19,72.7,49.6,2026-09-12T08:30:48.287317+08:00,2965,0,0,,,0,0,0,0,0,0,0,0,0,0,917,0.9943,9.5769,-0.9401,10.0002,2.3936,10.2827,,,,,,,,,,,,,,,0.58261,0.54428,0.48497,0.35936,93.7,-10.0,106.0,0,1571,47.00,2026-09-12T08:11:02.816476+08:00,1188436,68.0,40.0,DISCHARGING,2026-09-12T08:30:32.103476+08:00,19149,CONCRETE,0.50,2026-09-12T08:30:48.297888+08:00,2954,,,,3208.5,8.3,GOOD
4616a89e-6aa7-461f-abf0-d8186b0aab26,2026-09-12T08:31:06.255379+08:00,2026-09-12T08:30:56.255379+08:00,10,10.3434269,123.8138607,2026-09-12T00:31:06Z,979,14.6,14.6,628.69,1.94,1.45,88.2,36.4,2026-09-12T08:31:05.310424+08:00,945,91,0,10.24,35.50,20,0,7,0,38,0,20,0,4,0,753,1.0226,9.3045,-1.8928,9.9135,1.8352,10.0819,,,,,,,,,,,,,,,0.58261,0.54428,0.48497,0.35936,93.7,-10.0,106.0,0,1571,47.00,2026-09-12T08:11:02.816379+08:00,1203439,68.0,40.0,DISCHARGING,2026-09-12T08:30:32.103379+08:00,34152,CONCRETE,0.50,2026-09-12T08:31:05.331205+08:00,924,,,,3226.3,14.6,GOOD
4616a89e-6aa7-461f-abf0-d8186b0aab26,2026-09-12T08:31:22.723772+08:00,2026-09-12T08:31:12.723772+08:00,10,10.3435062,123.8140311,2026-09-12T00:31:22Z,1447,6.9,8.0,645.02,0.21,1.20,68.0,92.9,2026-09-12T08:31:21.292891+08:00,1431,92,0,11.94,35.50,20,0,7,0,39,0,20,0,4,0,873,0.9306,9.3294,-2.1595,10.1778,2.9558,10.5983,333,-0.0291,0.0720,-0.2542,3.9731,2.9318,4.9377,,,,,,,,0.11952,-0.75874,-0.62297,0.14807,-158.5,-4.3,100.4,0,1571,47.00,2026-09-12T08:11:02.815772+08:00,1219908,68.0,40.0,DISCHARGING,2026-09-12T08:30:32.102772+08:00,50621,CONCRETE,0.50,2026-09-12T08:31:05.331205+08:00,17392,,,,3246.9,6.9,GOOD
4616a89e-6aa7-461f-abf0-d8186b0aab26,2026-09-12T08:31:58.255098+08:00,2026-09-12T08:31:48.255098+08:00,10,10.3435258,123.8140921,2026-09-12T00:31:54Z,4978,7.0,8.2,639.05,0.62,1.14,41.2,68.9,2026-09-12T08:31:53.284964+08:00,4968,91,0,13.04,37.00,20,0,8,0,38,0,19,0,4,0,1729,0.8347,9.5682,-0.9050,9.8143,1.2929,9.8991,,,,,,,,,,,,,,,0.11952,-0.75874,-0.62297,0.14807,-158.5,-4.3,100.4,0,1571,47.00,2026-09-12T08:11:02.818098+08:00,1255437,68.0,41.0,DISCHARGING,2026-09-12T08:31:58.257098+08:00,-2,TRAIL,0.50,2026-09-12T08:31:53.300711+08:00,4954,,,,3277.7,7.0,GOOD
4616a89e-6aa7-461f-abf0-d8186b0aab26,2026-09-12T08:32:25.253041+08:00,2026-09-12T08:32:15.253041+08:00,10,10.3435843,123.8141413,2026-09-12T00:32:25Z,975,5.7,11.3,628.89,1.33,3.25,39.0,70.7,2026-09-12T08:32:24.308228+08:00,945,0,0,,,0,0,0,0,0,0,0,0,0,0,1351,2.5062,8.1602,-3.7089,9.8721,1.3582,9.9651,,,,,,,,,,,,,,,0.11952,-0.75874,-0.62297,0.14807,-158.5,-4.3,100.4,0,1571,47.00,2026-09-12T08:11:02.816041+08:00,1282437,68.0,41.0,DISCHARGING,2026-09-12T08:31:58.255041+08:00,26998,CONCRETE,0.50,2026-09-12T08:32:24.312693+08:00,940,,,,3291.0,5.7,GOOD
4616a89e-6aa7-461f-abf0-d8186b0aab26,2026-09-12T08:32:55.246032+08:00,2026-09-12T08:32:45.246032+08:00,10,10.3436678,123.8142284,2026-09-12T00:32:51Z,4969,4.5,5.7,630.77,0.82,1.18,54.0,60.3,2026-09-12T08:32:50.324318+08:00,4921,101,0,17.04,36.30,20,0,8,0,47,0,20,0,4,0,1498,0.9674,9.5993,-0.5274,9.9068,1.7016,10.0519,,,,,,,,,,,,,,,0.11952,-0.75874,-0.62297,0.14807,-158.5,-4.3,100.4,0,1571,47.00,2026-09-12T08:11:02.817032+08:00,1312429,68.0,41.0,DISCHARGING,2026-09-12T08:31:58.256032+08:00,56990,UNPAVED,0.50,2026-09-12T08:32:34.331857+08:00,20914,,,,3306.4,4.5,GOOD
4616a89e-6aa7-461f-abf0-d8186b0aab26,2026-09-12T08:33:05.256153+08:00,2026-09-12T08:32:55.256153+08:00,10,10.3437363,123.8142931,2026-09-12T00:33:05Z,978,10.3,29.9,632.52,1.16,3.85,25.7,64.0,2026-09-12T08:33:04.283654+08:00,971,0,0,,,0,0,0,0,0,0,0,0,0,0,549,0.5849,9.5925,-0.6733,9.9515,2.2222,10.1966,,,,,,,,,,,,,,,0.11952,-0.75874,-0.62297,0.14807,-158.5,-4.3,100.4,0,1571,47.00,2026-09-12T08:11:02.817153+08:00,1322439,68.0,41.0,DISCHARGING,2026-09-12T08:33:05.257153+08:00,-1,UNPAVED,0.50,2026-09-12T08:32:34.331857+08:00,30924,,,,3317.2,10.3,GOOD
4616a89e-6aa7-461f-abf0-d8186b0aab26,2026-09-12T08:33:20.138702+08:00,2026-09-12T08:33:10.138702+08:00,10,10.3438134,123.8143473,2026-09-12T00:33:14Z,6862,13.1,60.4,633.64,1.34,4.73,24.7,58.9,2026-09-12T08:33:13.300172+08:00,6839,53,0,19.22,35.50,12,0,7,0,21,0,9,0,2,0,739,1.3395,9.5106,-0.7164,9.9636,2.0856,10.1796,,,,,,,,,,,,,,,0.11952,-0.75874,-0.62297,0.14807,-158.5,-4.3,100.4,0,1571,47.00,2026-09-12T08:11:02.815702+08:00,1337323,68.0,41.0,DISCHARGING,2026-09-12T08:33:05.255702+08:00,14883,CONCRETE,0.50,2026-09-12T08:33:13.310276+08:00,6828,,,,3327.6,13.1,GOOD
4616a89e-6aa7-461f-abf0-d8186b0aab26,2026-09-12T08:33:47.075564+08:00,2026-09-12T08:33:37.075564+08:00,10,10.3438809,123.8146353,2026-09-12T00:33:45Z,2798,10.2,28.8,635.49,1.29,2.82,28.7,48.6,2026-09-12T08:33:44.285793+08:00,2789,0,0,,,0,0,0,0,0,0,0,0,0,0,1351,0.8339,9.6224,-0.0978,10.0302,2.8211,10.4193,20,0.3475,1.2977,0.1481,2.2488,1.6065,2.7637,,,,,,,,0.56186,-0.43021,-0.38161,0.59465,-70.1,-4.8,90.1,0,1571,47.00,2026-09-12T08:11:02.816564+08:00,1364259,68.0,41.0,DISCHARGING,2026-09-12T08:33:05.256564+08:00,41819,CONCRETE,0.50,2026-09-12T08:33:44.292428+08:00,2783,,,,3362.8,10.2,GOOD
4616a89e-6aa7-461f-abf0-d8186b0aab26,2026-09-12T08:34:05.579876+08:00,2026-09-12T08:33:55.579876+08:00,10,10.3439399,123.8147559,2026-09-12T00:34:02Z,4303,7.9,11.8,628.75,1.24,0.86,83.1,35.2,2026-09-12T08:34:01.294536+08:00,4284,54,0,19.07,37.20,12,0,7,0,21,0,10,0,2,0,931,0.2007,9.6312,-0.5494,9.9382,2.6035,10.2736,81,0.2934,0.1578,-0.1263,3.0932,1.3837,3.3886,,,,,,,,0.74388,-0.26322,-0.25039,0.56095,-42.4,4.4,104.2,0,1571,47.00,2026-09-12T08:11:02.816876+08:00,1382763,68.0,41.0,DISCHARGING,2026-09-12T08:34:05.580876+08:00,-1,UNPAVED,0.50,2026-09-12T08:34:01.305975+08:00,4273,,,,3382.0,7.9,GOOD
4616a89e-6aa7-461f-abf0-d8186b0aab26,2026-09-12T08:34:36.978629+08:00,2026-09-12T08:34:26.978629+08:00,10,10.3438131,123.8149856,2026-09-12T00:34:35Z,2702,6.5,8.2,629.31,0.90,1.23,95.6,58.5,2026-09-12T08:34:34.320871+08:00,2658,99,0,16.99,36.70,20,0,7,0,47,0,19,0,4,0,1571,0.9216,9.2817,-2.1956,9.8583,1.9155,10.0427,,,,,,,,,,,,,,,0.74388,-0.26322,-0.25039,0.56095,-42.4,4.4,104.2,0,1571,47.00,2026-09-12T08:11:02.815629+08:00,1414163,68.0,41.0,DISCHARGING,2026-09-12T08:34:05.579629+08:00,31399,UNPAVED,0.50,2026-09-12T08:34:01.305975+08:00,35672,,,,3411.9,6.5,GOOD
4616a89e-6aa7-461f-abf0-d8186b0aab26,2026-09-12T08:34:58.966099+08:00,2026-09-12T08:34:48.966099+08:00,10,10.3439182,123.8151461,2026-09-12T00:34:58Z,1691,4.5,6.1,627.11,0.71,1.27,89.3,67.7,2026-09-12T08:34:57.296686+08:00,1669,95,0,16.72,36.60,20,0,7,0,43,0,19,0,4,0,1087,-0.1566,9.5886,-0.7775,9.8828,2.4455,10.1809,,,,,,,,,,,,,,,0.74388,-0.26322,-0.25039,0.56095,-42.4,4.4,104.2,0,1571,47.00,2026-09-12T08:11:02.816099+08:00,1436150,68.0,41.0,DISCHARGING,2026-09-12T08:34:05.580099+08:00,53386,TRAIL,0.50,2026-09-12T08:34:50.31265+08:00,8653,,,,3436.9,4.5,GOOD
4616a89e-6aa7-461f-abf0-d8186b0aab26,2026-09-12T08:35:21.306456+08:00,2026-09-12T08:35:11.306456+08:00,10,10.3439016,123.8152560,2026-09-12T00:35:14Z,8031,4.3,5.5,632.36,0.88,1.13,95.5,55.8,2026-09-12T08:35:20.283707+08:00,1017,0,0,,,0,0,0,0,0,0,0,0,0,0,1131,0.5092,9.6356,-0.2563,9.8457,2.2398,10.0973,,,,,,,,,,,,,,,0.74388,-0.26322,-0.25039,0.56095,-42.4,4.4,104.2,0,1571,47.00,2026-09-12T08:11:02.821456+08:00,1458485,67.0,41.0,DISCHARGING,2026-09-12T08:35:21.311456+08:00,-5,UNPAVED,0.50,2026-09-12T08:35:05.317836+08:00,15988,,,,3449.1,4.3,GOOD
4616a89e-6aa7-461f-abf0-d8186b0aab26,2026-09-12T08:35:49.45339+08:00,2026-09-12T08:35:39.45339+08:00,10,10.3438561,123.8154946,2026-09-12T00:35:46Z,4178,6.5,7.7,632.29,0.68,1.38,118.1,73.1,2026-09-12T08:35:45.319436+08:00,4134,92,0,13.29,35.50,20,0,7,0,40,0,19,0,4,0,1396,0.4818,9.6167,-0.6724,9.9104,2.0847,10.1273,,,,,,,,,,,,,,,0.74388,-0.26322,-0.25039,0.56095,-42.4,4.4,104.2,0,1571,47.00,2026-09-12T08:11:02.81639+08:00,1486637,67.0,41.0,DISCHARGING,2026-09-12T08:35:21.30639+08:00,28147,TRAIL,0.50,2026-09-12T08:35:45.33692+08:00,4116,,,,3476.2,6.5,GOOD
4616a89e-6aa7-461f-abf0-d8186b0aab26,2026-09-12T08:36:03.380562+08:00,2026-09-12T08:35:53.380562+08:00,10,10.3439462,123.8156013,2026-09-12T00:36:02Z,2105,7.0,8.2,616.90,0.29,1.03,25.3,85.8,2026-09-12T08:36:01.286087+08:00,2094,92,0,13.02,35.50,20,0,7,0,40,0,19,0,4,0,701,1.2738,9.1613,-2.7785,9.8444,2.1049,10.0669,,,,,,,,,,,,,,,0.74388,-0.26322,-0.25039,0.56095,-42.4,4.4,104.2,0,1571,47.00,2026-09-12T08:11:02.816562+08:00,1500564,67.0,41.0,DISCHARGING,2026-09-12T08:35:21.306562+08:00,42074,TRAIL,0.50,2026-09-12T08:35:45.33692+08:00,18043,,,,3491.6,7.0,GOOD
4616a89e-6aa7-461f-abf0-d8186b0aab26,2026-09-12T08:36:18.728968+08:00,2026-09-12T08:36:08.728968+08:00,10,10.3439890,123.8156852,2026-09-12T00:36:18Z,1452,7.2,10.3,618.22,1.31,2.98,31.5,79.5,2026-09-12T08:36:17.294047+08:00,1435,93,0,13.77,35.50,20,0,7,0,41,0,19,0,4,0,778,0.6662,9.1943,-2.5695,9.7751,1.7036,9.9225,,,,,,,,,,,,,,,0.74388,-0.26322,-0.25039,0.56095,-42.4,4.4,104.2,0,1571,47.00,2026-09-12T08:11:02.815968+08:00,1515913,67.0,41.0,DISCHARGING,2026-09-12T08:35:21.305968+08:00,57423,CONCRETE,0.50,2026-09-12T08:36:17.318468+08:00,1410,,,,3502.2,7.2,GOOD
4616a89e-6aa7-461f-abf0-d8186b0aab26,2026-09-12T08:36:50.289444+08:00,2026-09-12T08:36:40.289444+08:00,10,10.3439907,123.8159187,2026-09-12T00:36:50Z,1014,9.0,13.7,628.70,0.85,1.39,82.4,65.5,2026-09-12T08:36:49.286061+08:00,1002,90,0,10.83,39.40,20,0,7,0,38,0,19,0,4,0,1574,0.5023,9.3980,-1.9846,9.8362,1.7573,9.9919,,,,,,,,,,,,,,,0.74388,-0.26322,-0.25039,0.56095,-42.4,4.4,104.2,0,1571,47.00,2026-09-12T08:11:02.817444+08:00,1547472,67.0,42.0,DISCHARGING,2026-09-12T08:36:50.290444+08:00,-1,UNPAVED,0.50,2026-09-12T08:36:25.33172+08:00,24957,,,,3529.9,9.0,GOOD
4616a89e-6aa7-461f-abf0-d8186b0aab26,2026-09-12T08:37:23.657011+08:00,2026-09-12T08:37:13.657011+08:00,10,10.3440570,123.8161130,2026-09-12T00:37:23Z,1380,9.0,11.3,639.33,0.71,1.10,38.6,62.6,2026-09-12T08:37:22.287513+08:00,1369,97,0,8.61,35.50,20,0,7,0,47,0,19,0,2,0,1663,0.4788,9.5906,-0.8558,9.8692,1.9090,10.0522,,,,,,,,,,,,,,,0.74388,-0.26322,-0.25039,0.56095,-42.4,4.4,104.2,0,1571,47.00,2026-09-12T08:11:02.816011+08:00,1580841,67.0,42.0,DISCHARGING,2026-09-12T08:36:50.289011+08:00,33368,TRAIL,0.50,2026-09-12T08:37:14.308858+08:00,9348,,,,3559.0,9.0,GOOD
4616a89e-6aa7-461f-abf0-d8186b0aab26,2026-09-12T08:37:39.631191+08:00,2026-09-12T08:37:29.631191+08:00,10,10.3440664,123.8162375,2026-09-12T00:37:39Z,1355,7.4,9.0,634.69,0.78,1.03,33.1,56.5,2026-09-12T08:37:38.284222+08:00,1347,97,0,8.77,35.50,20,0,7,0,47,0,19,0,2,0,801,0.6692,9.5967,-1.1664,9.9637,2.2039,10.2045,,,,,,,,,,,,,,,0.74388,-0.26322,-0.25039,0.56095,-42.4,4.4,104.2,0,1571,47.00,2026-09-12T08:11:02.816191+08:00,1596815,67.0,42.0,DISCHARGING,2026-09-12T08:36:50.289191+08:00,49342,UNPAVED,0.50,2026-09-12T08:37:31.254932+08:00,8376,,,,3572.8,7.4,GOOD
4616a89e-6aa7-461f-abf0-d8186b0aab26,2026-09-12T08:37:53.265341+08:00,2026-09-12T08:37:43.265341+08:00,10,10.3440971,123.8163035,2026-09-12T00:37:47Z,6992,7.3,7.6,631.84,0.82,0.91,137.2,50.9,2026-09-12T08:37:52.315629+08:00,947,0,0,,,0,0,0,0,0,0,0,0,0,0,644,-0.2339,9.5550,-1.0242,9.8839,2.0786,10.1001,,,,,,,,,,,,,,,0.74388,-0.26322,-0.25039,0.56095,-42.4,4.4,104.2,0,1571,47.00,2026-09-12T08:11:02.818341+08:00,1610447,67.0,41.0,DISCHARGING,2026-09-12T08:37:53.267341+08:00,-2,UNPAVED,0.50,2026-09-12T08:37:31.254932+08:00,22010,,,,3580.8,7.3,GOOD
4616a89e-6aa7-461f-abf0-d8186b0aab26,2026-09-12T08:38:09.619972+08:00,2026-09-12T08:37:59.619972+08:00,10,10.3441140,123.8164379,2026-09-12T00:38:03Z,7344,9.8,9.4,626.62,1.35,1.17,125.8,43.1,2026-09-12T08:38:09.287955+08:00,332,89,0,8.75,35.50,20,0,7,0,39,0,19,0,2,0,858,0.4021,9.5047,-1.3749,9.9048,2.0588,10.1165,269,-0.0333,0.1670,-0.0064,2.6516,1.3361,2.9692,,,,,,,,0.68326,-0.39969,-0.26957,0.54838,-57.6,-4.0,104.7,0,1571,47.00,2026-09-12T08:11:02.815972+08:00,1626804,67.0,41.0,DISCHARGING,2026-09-12T08:37:53.264972+08:00,16355,CONCRETE,0.50,2026-09-12T08:38:02.2989+08:00,7321,,,,3595.6,9.8,GOOD
4616a89e-6aa7-461f-abf0-d8186b0aab26,2026-09-12T08:38:42.158547+08:00,2026-09-12T08:38:32.158547+08:00,10,10.3442481,123.8165315,2026-09-12T00:38:34Z,8882,8.9,12.1,634.37,0.95,2.62,164.0,84.2,2026-09-12T08:38:41.284687+08:00,873,90,0,10.18,35.50,20,0,7,0,39,0,19,0,3,0,1629,0.2607,9.1408,-2.0681,9.8696,1.8642,10.0441,,,,,,,,,,,,,,,0.68326,-0.39969,-0.26957,0.54838,-57.6,-4.0,104.7,0,1571,47.00,2026-09-12T08:11:02.816547+08:00,1659342,67.0,41.0,DISCHARGING,2026-09-12T08:37:53.265547+08:00,48893,UNPAVED,0.50,2026-09-12T08:38:33.30838+08:00,8850,,,,3617.5,8.9,GOOD
4616a89e-6aa7-461f-abf0-d8186b0aab26,2026-09-12T08:39:08.255717+08:00,2026-09-12T08:38:58.255717+08:00,10,10.3443786,123.8166641,2026-09-12T00:39:06Z,2980,5.1,7.1,631.62,0.28,0.93,22.1,84.3,2026-09-12T08:39:05.286433+08:00,2968,89,0,12.03,35.50,20,0,7,0,38,0,19,0,4,0,1260,-0.8010,6.1221,-5.2268,9.8091,1.3716,9.9045,,,,,,,,,,,,,,,0.68326,-0.39969,-0.26957,0.54838,-57.6,-4.0,104.7,0,1571,47.00,2026-09-12T08:11:02.817717+08:00,1685438,67.0,41.0,DISCHARGING,2026-09-12T08:39:08.257717+08:00,-2,TRAIL,0.50,2026-09-12T08:38:58.311017+08:00,9944,,,,3642.5,5.1,GOOD
4616a89e-6aa7-461f-abf0-d8186b0aab26,2026-09-12T08:39:22.041056+08:00,2026-09-12T08:39:12.041056+08:00,10,10.3444325,123.8166985,2026-09-12T00:39:22Z,765,8.6,11.5,630.09,1.02,2.69,171.8,83.1,2026-09-12T08:39:21.283276+08:00,758,92,0,10.76,35.50,20,0,7,0,41,0,19,0,4,0,737,0.8654,9.4205,-1.2551,9.9117,2.1544,10.1432,3,0.2530,0.0858,-0.0773,0.2916,0.2207,0.3657,,,,,,,,0.67417,-0.46442,-0.33143,0.46901,-69.6,0.6,109.9,0,1571,47.00,2026-09-12T08:11:02.816056+08:00,1699225,67.0,41.0,DISCHARGING,2026-09-12T08:39:08.256056+08:00,13785,UNPAVED,0.50,2026-09-12T08:39:21.298263+08:00,742,,,,3649.5,8.6,GOOD
4616a89e-6aa7-461f-abf0-d8186b0aab26,2026-09-12T08:39:32.050298+08:00,2026-09-12T08:39:22.050298+08:00,10,10.3444282,123.8167143,2026-09-12T00:39:30Z,2774,8.2,11.0,628.38,1.29,2.85,22.9,78.7,2026-09-12T08:39:29.287655+08:00,2762,91,0,10.07,35.50,20,0,7,0,40,0,19,0,4,0,502,1.1354,9.6531,-0.4408,10.0817,2.4108,10.3660,,,,,,,,,,,,,,,0.67417,-0.46442,-0.33143,0.46901,-69.6,0.6,109.9,0,1571,47.00,2026-09-12T08:11:02.816298+08:00,1709234,67.0,41.0,DISCHARGING,2026-09-12T08:39:08.256298+08:00,23794,CONCRETE,0.50,2026-09-12T08:39:29.303797+08:00,2746,,,,3651.3,8.2,GOOD
4616a89e-6aa7-461f-abf0-d8186b0aab26,2026-09-12T08:39:53.452948+08:00,2026-09-12T08:39:43.452948+08:00,10,10.3445658,123.8168243,2026-09-12T00:39:54Z,177,8.3,8.4,626.37,1.15,0.87,12.9,38.2,2026-09-12T08:39:53.286303+08:00,167,90,0,14.02,37.80,20,0,7,0,39,0,19,0,4,0,1063,0.9047,9.5090,-0.9629,9.9520,2.1265,10.1767,,,,,,,,,,,,,,,0.67417,-0.46442,-0.33143,0.46901,-69.6,0.6,109.9,0,1571,47.00,2026-09-12T08:11:02.815948+08:00,1730637,67.0,41.0,DISCHARGING,2026-09-12T08:39:08.255948+08:00,45197,UNPAVED,0.50,2026-09-12T08:39:53.300546+08:00,152,,,,3671.2,8.3,GOOD
4616a89e-6aa7-461f-abf0-d8186b0aab26,2026-09-12T08:40:17.205241+08:00,2026-09-12T08:40:07.205241+08:00,10,10.3447045,123.8168909,2026-09-12T00:40:10Z,7929,8.0,8.0,627.19,0.80,0.92,36.6,52.2,2026-09-12T08:40:16.283888+08:00,920,0,0,,,0,0,0,0,0,0,0,0,0,0,1190,0.0461,9.6346,-0.5445,9.9986,2.6071,10.3329,,,,,,,,,,,,,,,0.67417,-0.46442,-0.33143,0.46901,-69.6,0.6,109.9,0,1571,47.00,2026-09-12T08:11:02.817241+08:00,1754388,66.0,41.0,DISCHARGING,2026-09-12T08:40:17.206241+08:00,-1,UNPAVED,0.50,2026-09-12T08:39:53.300546+08:00,23904,,,,3689.4,8.0,GOOD
4616a89e-6aa7-461f-abf0-d8186b0aab26,2026-09-12T08:40:27.695582+08:00,2026-09-12T08:40:17.695582+08:00,10,10.3448280,123.8169678,2026-09-12T00:40:26Z,2420,8.2,9.2,628.37,0.59,1.06,41.3,68.3,2026-09-12T08:40:25.282505+08:00,2412,88,0,8.91,35.50,20,0,7,0,39,0,19,0,2,0,527,0.6505,9.5439,-0.8207,9.9740,2.3923,10.2569,6,0.3850,0.0261,-0.0327,0.4608,0.3760,0.5947,,,,,,,,0.62587,-0.50980,-0.27625,0.52161,-70.5,-10.7,108.0,0,1571,47.00,2026-09-12T08:11:02.816582+08:00,1764879,66.0,41.0,DISCHARGING,2026-09-12T08:40:17.205582+08:00,10490,TRAIL,0.50,2026-09-12T08:40:25.296387+08:00,2399,,,,3705.5,8.2,GOOD
4616a89e-6aa7-461f-abf0-d8186b0aab26,2026-09-12T08:41:02.535185+08:00,2026-09-12T08:40:52.535185+08:00,10,10.3449486,123.8170778,2026-09-12T00:40:58Z,5259,7.4,7.0,628.04,0.70,0.96,102.9,57.9,2026-09-12T08:40:57.303876+08:00,5231,90,0,10.50,35.80,20,0,7,0,41,0,19,0,2,0,1750,0.4424,9.5127,-0.9550,9.9672,2.4901,10.2735,,,,,,,,,,,,,,,0.62587,-0.50980,-0.27625,0.52161,-70.5,-10.7,108.0,0,1571,47.00,2026-09-12T08:11:02.816185+08:00,1799719,66.0,41.0,DISCHARGING,2026-09-12T08:40:17.205185+08:00,45330,TRAIL,0.50,2026-09-12T08:40:49.311712+08:00,13223,,,,3734.2,7.4,GOOD
4616a89e-6aa7-461f-abf0-d8186b0aab26,2026-09-12T08:41:27.937763+08:00,2026-09-12T08:41:17.937763+08:00,10,10.3449654,123.8170641,2026-09-12T00:41:22Z,6663,7.8,7.3,625.12,0.94,0.89,354.7,45.1,2026-09-12T08:41:21.286654+08:00,6649,88,0,10.44,35.50,20,0,7,0,39,0,19,0,2,0,1264,1.6872,6.8796,-4.0463,9.8945,1.8294,10.0622,,,,,,,,,,,,,,,0.62587,-0.50980,-0.27625,0.52161,-70.5,-10.7,108.0,0,1571,47.00,2026-09-12T08:11:02.817763+08:00,1825120,66.0,41.0,DISCHARGING,2026-09-12T08:41:27.939763+08:00,-2,UNPAVED,0.50,2026-09-12T08:41:21.303045+08:00,6634,,,,3749.7,7.8,GOOD
4616a89e-6aa7-461f-abf0-d8186b0aab26,2026-09-12T08:41:37.942465+08:00,2026-09-12T08:41:27.942465+08:00,10,10.3451417,123.8170771,2026-09-12T00:41:38Z,668,9.3,9.4,626.84,1.24,1.23,352.2,47.5,2026-09-12T08:41:37.282502+08:00,659,88,0,10.11,36.50,20,0,7,0,39,0,19,0,2,0,502,0.5524,9.5716,-0.7453,9.9786,2.5266,10.2936,3,-0.6102,-0.6566,1.1528,1.5685,1.3234,2.0522,,,,,,,,0.54670,-0.45654,-0.34537,0.61108,-69.5,-10.4,90.9,0,1571,47.00,2026-09-12T08:11:02.816465+08:00,1835126,66.0,41.0,DISCHARGING,2026-09-12T08:41:27.938465+08:00,10004,UNPAVED,0.50,2026-09-12T08:41:37.297493+08:00,644,,,,3769.4,9.3,GOOD
4616a89e-6aa7-461f-abf0-d8186b0aab26,2026-09-12T08:41:49.130485+08:00,2026-09-12T08:41:39.130485+08:00,10,10.3451753,123.8171067,2026-09-12T00:41:46Z,3856,8.7,11.5,625.46,0.97,0.92,10.7,45.4,2026-09-12T08:41:45.284959+08:00,3845,88,0,11.08,37.10,20,0,7,0,39,0,19,0,2,0,564,0.6300,9.6409,-0.6650,9.9921,2.7432,10.3618,3,-0.9204,-0.5461,0.3388,1.1239,0.8651,1.4183,,,,,,,,0.57049,-0.48814,-0.29200,0.59244,-68.7,-14.2,97.6,0,1571,47.00,2026-09-12T08:11:02.816485+08:00,1846314,66.0,41.0,DISCHARGING,2026-09-12T08:41:27.938485+08:00,21192,UNPAVED,0.50,2026-09-12T08:41:37.297493+08:00,11832,,,,3774.3,8.7,GOOD
4616a89e-6aa7-461f-abf0-d8186b0aab26,2026-09-12T08:42:12.510079+08:00,2026-09-12T08:42:02.510079+08:00,10,10.3452254,123.8172371,2026-09-12T00:42:10Z,3235,7.1,5.6,618.07,0.92,0.88,29.2,45.6,2026-09-12T08:42:09.299381+08:00,3211,89,0,13.03,39.00,20,0,7,0,40,0,19,0,2,0,1175,0.5934,9.5792,-0.9193,9.9727,2.3907,10.2552,,,,,,,,,,,,,,,0.57049,-0.48814,-0.29200,0.59244,-68.7,-14.2,97.6,0,1571,47.00,2026-09-12T08:11:02.816079+08:00,1869694,66.0,41.0,DISCHARGING,2026-09-12T08:41:27.938079+08:00,44572,UNPAVED,0.50,2026-09-12T08:41:37.297493+08:00,35212,,,,3790.0,7.1,GOOD
4616a89e-6aa7-461f-abf0-d8186b0aab26,2026-09-12T08:42:27.296985+08:00,2026-09-12T08:42:17.296985+08:00,10,10.3453574,123.8173138,2026-09-12T00:42:26Z,2022,13.3,33.8,618.71,1.27,3.06,19.4,52.6,2026-09-12T08:42:25.283041+08:00,2014,90,0,13.93,36.40,20,0,7,0,41,0,19,0,2,0,737,0.8957,9.5827,-0.7407,9.9172,2.0850,10.1340,,,,,,,,,,,,,,,0.57049,-0.48814,-0.29200,0.59244,-68.7,-14.2,97.6,0,1571,47.00,2026-09-12T08:11:02.815985+08:00,1884481,66.0,41.0,DISCHARGING,2026-09-12T08:41:27.937985+08:00,59359,CONCRETE,0.50,2026-09-12T08:42:16.296191+08:00,11000,,,,3806.9,13.3,GOOD
4616a89e-6aa7-461f-abf0-d8186b0aab26,2026-09-12T08:42:43.866839+08:00,2026-09-12T08:42:33.866839+08:00,10,10.3453085,123.8173268,2026-09-12T00:42:42Z,2592,5.8,7.3,624.78,0.00,0.56,,,2026-09-12T08:42:41.283001+08:00,2582,91,0,14.58,37.80,20,0,7,0,41,0,19,0,3,0,826,0.6299,9.5539,-1.2992,9.9177,1.8220,10.0837,4,-0.2413,-1.3368,0.8256,1.6568,1.4007,2.1696,,,,,,,,0.57019,-0.45055,-0.36367,0.58278,-70.6,-6.3,93.2,0,1571,47.00,2026-09-12T08:11:02.817839+08:00,1901049,66.0,40.0,DISCHARGING,2026-09-12T08:42:43.868839+08:00,-2,UNPAVED,0.50,2026-09-12T08:42:33.295577+08:00,10571,,,,3820.6,5.8,GOOD
4616a89e-6aa7-461f-abf0-d8186b0aab26,2026-09-12T08:42:53.872358+08:00,2026-09-12T08:42:43.872358+08:00,10,10.3453639,123.8173494,2026-09-12T00:42:50Z,4598,3.8,4.9,620.26,1.09,1.42,51.6,57.8,2026-09-12T08:42:49.281638+08:00,4590,88,0,14.15,35.50,20,0,7,0,37,0,19,0,4,0,503,0.6140,9.5797,-1.2223,9.9778,2.2301,10.2239,2,0.2447,-0.0402,0.1736,0.3027,0.3027,0.4281,,,,,,,,0.55981,-0.45292,-0.31082,0.62038,-66.1,-12.4,92.2,0,1571,47.00,2026-09-12T08:11:02.816358+08:00,1911056,66.0,40.0,DISCHARGING,2026-09-12T08:42:43.867358+08:00,10005,UNPAVED,0.50,2026-09-12T08:42:33.295577+08:00,20576,,,,3827.2,3.8,GOOD
4616a89e-6aa7-461f-abf0-d8186b0aab26,2026-09-12T08:43:18.007973+08:00,2026-09-12T08:43:08.007973+08:00,10,10.3455556,123.8175132,2026-09-12T00:43:14Z,4733,4.8,6.0,619.48,0.97,0.97,45.0,47.6,2026-09-12T08:43:13.283124+08:00,4725,90,0,14.55,37.20,20,0,7,0,41,0,19,0,2,0,1212,0.5326,9.6481,-0.6513,9.9873,2.2976,10.2482,,,,,,,,,,,,,,,0.55981,-0.45292,-0.31082,0.62038,-66.1,-12.4,92.2,0,1571,47.00,2026-09-12T08:11:02.815973+08:00,1935192,66.0,40.0,DISCHARGING,2026-09-12T08:42:43.866973+08:00,34141,UNPAVED,0.50,2026-09-12T08:42:33.295577+08:00,44712,,,,3855.2,4.8,GOOD
4616a89e-6aa7-461f-abf0-d8186b0aab26,2026-09-12T08:43:47.274308+08:00,2026-09-12T08:43:37.274308+08:00,10,10.3457533,123.8177394,2026-09-12T00:43:47Z,999,7.6,9.4,630.24,0.91,1.06,52.1,51.7,2026-09-12T08:43:46.28819+08:00,984,91,0,12.75,35.50,20,0,7,0,41,0,19,0,3,0,1459,0.6245,9.5914,-0.9164,9.9669,2.2116,10.2093,,,,,,,,,,,,,,,0.55981,-0.45292,-0.31082,0.62038,-66.1,-12.4,92.2,0,1571,47.00,2026-09-12T08:11:02.818308+08:00,1964456,66.0,41.0,DISCHARGING,2026-09-12T08:43:47.276308+08:00,-2,UNPAVED,0.50,2026-09-12T08:42:33.295577+08:00,73978,,,,3888.6,7.6,GOOD
4616a89e-6aa7-461f-abf0-d8186b0aab26,2026-09-12T08:44:23.577874+08:00,2026-09-12T08:44:13.577874+08:00,10,10.3458661,123.8179558,2026-09-12T00:44:19Z,5303,5.4,9.3,618.23,1.19,1.19,68.2,45.7,2026-09-12T08:44:18.299598+08:00,5278,100,0,15.00,36.90,20,0,7,0,49,0,19,0,4,0,1813,0.6341,9.4355,-1.6616,9.8869,1.8985,10.0675,,,,,,,,,,,,,,,0.55981,-0.45292,-0.31082,0.62038,-66.1,-12.4,92.2,0,1571,47.00,2026-09-12T08:11:02.815874+08:00,2000762,66.0,41.0,DISCHARGING,2026-09-12T08:43:47.273874+08:00,36304,UNPAVED,0.50,2026-09-12T08:44:18.313438+08:00,5264,,,,3915.6,5.4,GOOD
4616a89e-6aa7-461f-abf0-d8186b0aab26,2026-09-12T08:44:36.430355+08:00,2026-09-12T08:44:26.430355+08:00,10,10.3458529,123.8180173,2026-09-12T00:44:35Z,2156,6.8,10.5,616.92,0.91,1.12,69.0,54.6,2026-09-12T08:44:34.285685+08:00,2144,99,0,13.57,36.90,20,0,7,0,49,0,19,0,3,0,639,1.2046,9.1558,-2.6185,9.8335,1.8087,9.9984,,,,,,,,,,,,,,,0.55981,-0.45292,-0.31082,0.62038,-66.1,-12.4,92.2,0,1571,47.00,2026-09-12T08:11:02.816355+08:00,2013614,66.0,41.0,DISCHARGING,2026-09-12T08:43:47.274355+08:00,49156,UNPAVED,0.50,2026-09-12T08:44:18.313438+08:00,18116,,,,3922.8,6.8,GOOD
4616a89e-6aa7-461f-abf0-d8186b0aab26,2026-09-12T08:44:58.783076+08:00,2026-09-12T08:44:48.783076+08:00,10,10.3458150,123.8180276,2026-09-12T00:44:59Z,508,3.8,3.8,617.81,0.00,0.08,,,2026-09-12T08:44:58.284397+08:00,497,100,0,16.01,35.90,20,0,7,0,49,0,19,0,4,0,1124,0.5241,9.0356,1.1689,9.7612,0.6699,9.7841,126,-0.0024,0.0064,0.0016,0.2821,0.2226,0.3594,102,0.0017,0.0069,0.0010,0.0911,0.0562,0.1071,0.39067,-0.20408,-0.40691,0.80010,-54.2,-0.5,52.3,0,1571,6014.00,2026-09-12T08:44:53.817076+08:00,4966,65.0,41.0,DISCHARGING,2026-09-12T08:44:58.785076+08:00,-2,UNPAVED,0.50,2026-09-12T08:44:18.313438+08:00,40469,,,,3927.6,3.8,GOOD
4616a89e-6aa7-461f-abf0-d8186b0aab26,2026-09-12T08:45:08.792189+08:00,2026-09-12T08:44:58.792189+08:00,10,10.3458117,123.8180236,2026-09-12T00:45:06Z,3517,3.8,3.0,617.65,0.00,0.07,,,2026-09-12T08:45:05.286568+08:00,3505,92,0,14.37,35.50,20,0,7,0,41,0,19,0,4,0,502,0.6389,8.1348,4.6839,9.8360,1.0977,9.8970,201,0.0099,-0.0847,0.0905,1.0967,1.4331,1.8046,201,-0.0412,-0.2772,-0.0702,0.8112,1.3589,1.5827,0.25403,-0.60472,-0.67327,0.34130,-129.8,-4.1,82.0,0,1571,2444.00,2026-09-12T08:45:07.785189+08:00,1007,65.0,41.0,DISCHARGING,2026-09-12T08:44:58.783189+08:00,10009,UNPAVED,0.50,2026-09-12T08:44:18.313438+08:00,50478,,,,3928.2,3.8,GOOD
4616a89e-6aa7-461f-abf0-d8186b0aab26,2026-09-12T08:45:18.795581+08:00,2026-09-12T08:45:08.795581+08:00,10,10.3458103,123.8180246,2026-09-12T00:45:14Z,5521,3.8,2.5,617.77,0.00,0.07,,,2026-09-12T08:45:13.283972+08:00,5511,92,0,13.92,35.50,20,0,7,0,41,0,19,0,4,0,502,0.3469,8.8722,3.1159,9.9091,1.4308,10.0119,201,-0.0149,0.0011,0.1238,1.3897,1.4908,2.0381,200,-0.0328,0.0203,-0.0130,0.9027,1.5543,1.7974,0.37272,-0.56143,-0.61013,0.41668,-112.0,-0.7,84.7,0,1571,1379.00,2026-09-12T08:45:17.623581+08:00,1172,65.0,41.0,DISCHARGING,2026-09-12T08:44:58.783581+08:00,20012,UNPAVED,0.50,2026-09-12T08:44:18.313438+08:00,60482,,,,3928.4,3.8,GOOD
4616a89e-6aa7-461f-abf0-d8186b0aab26,2026-09-12T08:45:28.802074+08:00,2026-09-12T08:45:18.802074+08:00,10,10.3458103,123.8180340,2026-09-12T00:45:23Z,6527,3.8,2.5,617.98,0.00,0.02,,,2026-09-12T08:45:28.291034+08:00,511,0,0,,,0,0,0,0,0,0,0,0,0,0,505,0.6104,9.1895,1.2641,9.7773,0.8157,9.8113,200,-0.1652,0.0217,-0.0861,1.1979,0.7020,1.3884,201,-0.0117,0.2523,0.1741,0.6905,0.8500,1.0951,0.39116,0.15385,0.38682,0.82079,49.1,-2.9,49.6,0,1571,5852.00,2026-09-12T08:45:27.709074+08:00,1093,65.0,41.0,DISCHARGING,2026-09-12T08:44:58.783074+08:00,30019,UNPAVED,0.50,2026-09-12T08:44:18.313438+08:00,70488,,,,3929.4,3.8,GOOD
4616a89e-6aa7-461f-abf0-d8186b0aab26,2026-09-12T08:45:38.809853+08:00,2026-09-12T08:45:28.809853+08:00,10,10.3458070,123.8180327,2026-09-12T00:45:39Z,536,3.8,2.5,618.38,0.00,0.07,,,2026-09-12T08:45:38.285306+08:00,525,100,0,15.69,35.50,20,0,7,0,49,0,19,0,4,0,502,-0.1289,7.2747,6.4518,9.7485,0.3897,9.7562,201,0.0325,0.0068,-0.0046,0.3771,0.4667,0.6000,201,-0.0029,0.0018,-0.0032,0.1999,0.3289,0.3849,0.36909,0.16095,0.37989,0.83280,48.7,-0.7,47.5,0,1571,9280.00,2026-09-12T08:45:35.828853+08:00,2981,65.0,41.0,DISCHARGING,2026-09-12T08:44:58.782853+08:00,40027,UNPAVED,0.50,2026-09-12T08:44:18.313438+08:00,80496,,,,3930.1,3.8,GOOD
4616a89e-6aa7-461f-abf0-d8186b0aab26,2026-09-12T08:45:48.815861+08:00,2026-09-12T08:45:38.815861+08:00,10,10.3458041,123.8180363,2026-09-12T00:45:47Z,2541,3.8,2.5,617.58,0.00,0.07,,,2026-09-12T08:45:46.288586+08:00,2527,100,0,15.94,35.50,20,0,7,0,49,0,19,0,4,0,502,0.0754,7.2707,6.4807,9.7501,0.1794,9.7518,201,0.0107,-0.0026,-0.0130,0.2326,0.3376,0.4100,201,-0.0033,0.0005,-0.0018,0.0533,0.0753,0.0922,0.35772,0.16286,0.36540,0.84380,47.2,0.8,46.3,0,1571,10251.00,2026-09-12T08:45:48.429861+08:00,386,65.0,41.0,DISCHARGING,2026-09-12T08:44:58.782861+08:00,50033,UNPAVED,0.50,2026-09-12T08:44:18.313438+08:00,90502,,,,3930.6,3.8,GOOD
4616a89e-6aa7-461f-abf0-d8186b0aab26,2026-09-12T08:45:58.827036+08:00,2026-09-12T08:45:48.827036+08:00,10,10.3458038,123.8180350,2026-09-12T00:45:55Z,4553,3.8,2.5,618.01,0.00,0.08,,,2026-09-12T08:45:54.286768+08:00,4538,100,0,16.11,35.50,20,0,7,0,49,0,19,0,4,0,502,0.1990,7.5732,6.0886,9.7539,0.3829,9.7614,201,0.0126,-0.0159,-0.0065,0.4317,0.4585,0.6297,201,0.0084,0.0017,0.0057,0.1586,0.1973,0.2532,0.39825,0.17186,0.37383,0.81982,48.6,-0.9,51.4,0,1571,10251.00,2026-09-12T08:45:48.432036+08:00,10395,65.0,41.0,DISCHARGING,2026-09-12T08:45:58.829036+08:00,-2,UNPAVED,0.50,2026-09-12T08:44:18.313438+08:00,100513,,,,3930.7,3.8,GOOD
4616a89e-6aa7-461f-abf0-d8186b0aab26,2026-09-12T08:46:08.832822+08:00,2026-09-12T08:45:58.832822+08:00,10,10.3458058,123.8180326,2026-09-12T00:46:03Z,6559,3.8,2.5,618.59,0.00,0.08,,,2026-09-12T08:46:08.284068+08:00,549,0,0,,,0,0,0,0,0,0,0,0,0,0,502,0.0801,7.5608,6.1056,9.7487,0.4424,9.7587,201,-0.0015,-0.0154,0.0040,0.3538,0.6564,0.7457,201,0.0009,0.0047,0.0071,0.1063,0.2263,0.2501,0.40534,0.17245,0.39485,0.80626,51.0,-2.4,52.2,0,1571,9767.00,2026-09-12T08:46:07.468822+08:00,1364,65.0,41.0,DISCHARGING,2026-09-12T08:45:58.826822+08:00,10006,UNPAVED,0.50,2026-09-12T08:44:18.313438+08:00,110519,,,,3931.1,3.8,GOOD
4616a89e-6aa7-461f-abf0-d8186b0aab26,2026-09-12T08:46:18.83863+08:00,2026-09-12T08:46:08.83863+08:00,10,10.3458080,123.8180235,2026-09-12T00:46:19Z,564,3.8,2.5,619.16,0.00,0.08,,,2026-09-12T08:46:18.284781+08:00,554,100,0,15.55,36.10,20,0,7,0,49,0,19,0,4,0,501,0.2307,7.3516,6.3809,9.7542,0.2595,9.7576,201,-0.0122,-0.0095,-0.0006,0.3511,0.3014,0.4628,201,-0.0079,-0.0102,-0.0116,0.1260,0.1058,0.1645,0.38570,0.14008,0.32539,0.85190,41.5,-0.7,48.4,0,1571,10009.00,2026-09-12T08:46:17.62763+08:00,1211,65.0,41.0,DISCHARGING,2026-09-12T08:45:58.82663+08:00,20012,UNPAVED,0.50,2026-09-12T08:44:18.313438+08:00,120525,,,,3932.2,3.8,GOOD
4616a89e-6aa7-461f-abf0-d8186b0aab26,2026-09-12T08:46:28.84489+08:00,2026-09-12T08:46:18.84489+08:00,10,10.3458082,123.8180243,2026-09-12T00:46:26Z,3570,3.8,2.5,618.83,0.00,0.99,,,2026-09-12T08:46:25.285321+08:00,3560,92,0,14.46,35.50,20,0,7,0,41,0,19,0,4,0,502,0.1412,7.3888,6.3199,9.7482,0.3669,9.7551,256,-0.0151,-0.0055,-0.0232,0.4442,0.4993,0.6683,200,-0.0043,0.0175,0.0176,0.1409,0.1884,0.2353,0.35303,0.16852,0.43803,0.80938,56.0,-2.1,46.0,0,1571,12125.00,2026-09-12T08:46:28.61889+08:00,226,65.0,41.0,DISCHARGING,2026-09-12T08:45:58.82689+08:00,30018,UNPAVED,0.50,2026-09-12T08:44:18.313438+08:00,130531,,,,3932.3,3.8,GOOD
4616a89e-6aa7-461f-abf0-d8186b0aab26,2026-09-12T08:46:38.853379+08:00,2026-09-12T08:46:28.853379+08:00,10,10.3458069,123.8180249,2026-09-12T00:46:34Z,5579,3.8,2.5,619.30,0.00,1.00,,,2026-09-12T08:46:33.285399+08:00,5568,92,0,15.54,35.50,20,0,7,0,41,0,19,0,4,0,502,0.4940,7.2823,6.4229,9.7596,0.3411,9.7656,200,-0.0026,-0.0367,0.0222,0.5079,0.3204,0.6005,201,0.0032,-0.0046,-0.0121,0.2666,0.2659,0.3766,0.39253,0.16479,0.36412,0.82836,47.1,-0.7,50.4,0,1571,12423.00,2026-09-12T08:46:34.829379+08:00,4024,65.0,41.0,DISCHARGING,2026-09-12T08:45:58.827379+08:00,40026,UNPAVED,0.50,2026-09-12T08:44:18.313438+08:00,140539,,,,3932.4,3.8,GOOD
4616a89e-6aa7-461f-abf0-d8186b0aab26,2026-09-12T08:46:48.859571+08:00,2026-09-12T08:46:38.859571+08:00,10,10.3457967,123.8180184,2026-09-12T00:46:42Z,7585,3.9,4.7,618.68,0.00,0.08,,,2026-09-12T08:46:48.282853+08:00,576,0,0,,,0,0,0,0,0,0,0,0,0,0,502,0.4092,7.6156,6.0187,9.7671,0.4957,9.7797,201,-0.0064,-0.0196,-0.0090,0.5777,0.5957,0.8298,201,0.0027,0.0015,-0.0012,0.2206,0.2250,0.3151,0.39565,0.16732,0.35158,0.83178,45.8,0.0,50.9,0,1571,6829.00,2026-09-12T08:46:47.309571+08:00,1550,65.0,41.0,DISCHARGING,2026-09-12T08:45:58.827571+08:00,50032,UNPAVED,0.50,2026-09-12T08:44:18.313438+08:00,150546,,,,3933.8,3.9,GOOD
4616a89e-6aa7-461f-abf0-d8186b0aab26,2026-09-12T08:46:58.883639+08:00,2026-09-12T08:46:48.883639+08:00,10,10.3458181,123.8180398,2026-09-12T00:46:59Z,616,4.1,5.9,620.06,0.00,0.02,,,2026-09-12T08:46:58.288361+08:00,591,100,0,17.62,36.90,20,0,7,0,49,0,19,0,4,0,506,0.2538,7.3992,6.1654,9.8159,1.0046,9.8672,201,-0.0314,-0.0622,0.0393,0.9962,1.0539,1.4502,201,-0.0214,-0.1904,-0.1008,0.6354,0.9716,1.1609,0.22457,-0.45594,-0.42878,0.74688,-75.6,-29.2,56.4,0,1571,3098.00,2026-09-12T08:46:58.681639+08:00,202,64.0,41.0,DISCHARGING,2026-09-12T08:46:58.888639+08:00,-5,UNPAVED,0.50,2026-09-12T08:44:18.313438+08:00,160570,,,,3937.7,4.1,GOOD
4616a89e-6aa7-461f-abf0-d8186b0aab26,2026-09-12T08:47:08.901386+08:00,2026-09-12T08:46:58.901386+08:00,10,10.3458215,123.8180562,2026-09-12T00:47:07Z,2627,4.5,5.2,620.45,0.00,0.02,,,2026-09-12T08:47:06.282404+08:00,2619,100,0,15.83,37.40,20,0,7,0,49,0,19,0,4,0,502,0.2468,9.3204,0.6730,10.0041,1.2174,10.0779,202,-0.0331,-0.0997,0.0761,1.9080,1.5221,2.4408,202,0.0386,-0.3413,-0.2275,0.9438,1.4090,1.6958,0.33843,0.16622,0.37810,0.84550,48.8,1.4,44.3,0,1571,6302.00,2026-09-12T08:47:07.328386+08:00,1573,64.0,41.0,DISCHARGING,2026-09-12T08:46:58.884386+08:00,10017,UNPAVED,0.50,2026-09-12T08:44:18.313438+08:00,170587,,,,3939.6,4.5,GOOD
4616a89e-6aa7-461f-abf0-d8186b0aab26,2026-09-12T08:47:18.908248+08:00,2026-09-12T08:47:08.908248+08:00,10,10.3458157,123.8180313,2026-09-12T00:47:15Z,4633,3.8,4.2,624.33,0.00,0.08,,,2026-09-12T08:47:14.292182+08:00,4616,100,0,15.90,35.70,20,0,7,0,49,0,19,0,4,0,501,-0.6641,7.9986,5.3829,9.7498,0.4583,9.7605,201,0.0586,-0.0049,0.0417,0.6753,0.6021,0.9048,200,0.0166,-0.0097,-0.0052,0.4412,0.4406,0.6236,0.40804,0.20290,0.34226,0.82170,46.8,3.1,54.2,0,1571,6900.00,2026-09-12T08:47:15.065248+08:00,3843,64.0,41.0,DISCHARGING,2026-09-12T08:46:58.884248+08:00,20024,UNPAVED,0.50,2026-09-12T08:44:18.313438+08:00,180594,,,,3942.4,3.8,GOOD
4616a89e-6aa7-461f-abf0-d8186b0aab26,2026-09-12T08:47:28.914424+08:00,2026-09-12T08:47:18.914424+08:00,10,10.3458122,123.8180328,2026-09-12T00:47:23Z,6640,4.0,5.5,622.22,0.00,0.04,,,2026-09-12T08:47:28.289684+08:00,624,0,0,,,0,0,0,0,0,0,0,0,0,0,623,-0.6625,7.5718,6.0062,9.7542,0.4448,9.7643,200,-0.0050,-0.0142,0.0058,0.6197,0.4749,0.7807,201,-0.0066,-0.0050,0.0047,0.3187,0.2243,0.3897,0.39397,0.16357,0.35549,0.83166,46.1,-0.5,50.5,0,1571,9259.00,2026-09-12T08:47:27.244424+08:00,1670,64.0,41.0,DISCHARGING,2026-09-12T08:46:58.884424+08:00,30030,UNPAVED,0.50,2026-09-12T08:44:18.313438+08:00,190600,,,,3942.8,4.0,GOOD
4616a89e-6aa7-461f-abf0-d8186b0aab26,2026-09-12T08:47:38.921419+08:00,2026-09-12T08:47:28.921419+08:00,10,10.3458068,123.8180342,2026-09-12T00:47:36.422Z,3228,3.9,4.8,618.99,0.00,0.07,,,2026-09-12T08:47:38.288659+08:00,632,100,46,15.22,35.50,20,8,7,3,49,27,19,8,4,0,1003,-0.6767,7.5898,6.0118,9.7380,0.2712,9.7417,205,0.0153,-0.0003,-0.0148,0.3107,0.2380,0.3914,200,-0.0043,0.0050,-0.0046,0.1566,0.1293,0.2030,0.36116,0.19969,0.35313,0.83964,47.7,4.6,48.6,0,1571,6337.00,2026-09-12T08:47:38.445419+08:00,476,64.0,41.0,DISCHARGING,2026-09-12T08:46:58.884419+08:00,40037,UNPAVED,0.50,2026-09-12T08:44:18.313438+08:00,200607,,,,3944.0,3.9,GOOD
4616a89e-6aa7-461f-abf0-d8186b0aab26,2026-09-12T08:47:48.931+08:00,2026-09-12T08:47:38.931+08:00,10,10.3458002,123.8180319,2026-09-12T00:47:46Z,3657,3.8,2.5,618.77,0.00,0.08,,,2026-09-12T08:47:48.286153+08:00,645,100,56,17.50,37.00,20,12,7,3,49,32,19,9,4,0,1005,-0.6661,7.0866,6.6188,9.7311,0.2466,9.7342,201,0.0046,-0.0030,-0.0001,0.2657,0.2269,0.3493,201,-0.0068,0.0017,0.0029,0.0825,0.0796,0.1146,0.33937,0.18246,0.35241,0.85285,46.6,4.1,45.2,0,1571,5595.00,2026-09-12T08:47:39.005+08:00,9926,64.0,41.0,DISCHARGING,2026-09-12T08:46:58.884+08:00,50047,UNPAVED,0.50,2026-09-12T08:44:18.313438+08:00,210617,,,,3945.0,3.8,GOOD
4616a89e-6aa7-461f-abf0-d8186b0aab26,2026-09-12T08:47:58.94091+08:00,2026-09-12T08:47:48.94091+08:00,10,10.3457919,123.8180330,2026-09-12T00:47:56Z,3667,3.8,2.5,619.00,0.00,0.08,,,2026-09-12T08:47:58.283114+08:00,656,100,57,18.26,36.40,20,12,7,3,49,33,19,9,4,0,1004,-0.2091,6.9152,6.8332,9.7646,0.5455,9.7799,201,0.0167,-0.0218,0.0136,0.4498,0.5736,0.7290,201,-0.0018,-0.0013,0.0096,0.1689,0.2196,0.2770,0.33827,0.15052,0.37678,0.84909,47.9,0.0,43.5,0,1571,7050.00,2026-09-12T08:47:57.66591+08:00,1275,64.0,41.0,DISCHARGING,2026-09-12T08:47:58.94291+08:00,-2,UNPAVED,0.50,2026-09-12T08:44:18.313438+08:00,220627,,,,3946.5,3.8,GOOD
4616a89e-6aa7-461f-abf0-d8186b0aab26,2026-09-12T08:48:08.948284+08:00,2026-09-12T08:47:58.948284+08:00,10,10.3457913,123.8180235,2026-09-12T00:48:01Z,8676,3.8,2.5,618.27,0.00,0.08,,,2026-09-12T08:48:01.286938+08:00,7661,100,54,17.92,37.10,20,10,7,3,49,32,19,9,4,0,616,-0.2846,7.1949,6.5225,9.7474,0.3185,9.7526,305,-0.0067,-0.0067,0.0032,0.3138,0.2282,0.3880,201,0.0060,0.0011,-0.0013,0.1939,0.1591,0.2509,0.36848,0.17359,0.35472,0.84158,46.5,1.8,48.0,0,1571,11111.00,2026-09-12T08:48:06.644284+08:00,2304,64.0,41.0,DISCHARGING,2026-09-12T08:47:58.941284+08:00,10007,UNPAVED,0.50,2026-09-12T08:44:18.313438+08:00,230634,,,,3947.5,3.8,GOOD
4616a89e-6aa7-461f-abf0-d8186b0aab26,2026-09-12T08:48:18.953875+08:00,2026-09-12T08:48:08.953875+08:00,10,10.3457875,123.8180595,2026-09-12T00:48:12Z,7681,4.4,2.5,616.64,0.58,1.25,90.1,11.0,2026-09-12T08:48:18.283941+08:00,670,0,0,,,0,0,0,0,0,0,0,0,0,0,502,-0.6807,7.1268,6.5464,9.7494,0.3904,9.7572,497,-0.0169,0.0010,0.0081,0.5296,0.4294,0.6818,201,0.0036,-0.0029,0.0037,0.2791,0.2717,0.3896,0.39180,0.16574,0.34236,0.83774,44.7,0.5,50.4,0,1571,12163.00,2026-09-12T08:48:15.183875+08:00,3770,64.0,41.0,DISCHARGING,2026-09-12T08:47:58.940875+08:00,20013,TRAIL,0.50,2026-09-12T08:48:11.31959+08:00,7634,,,,3951.5,4.4,GOOD
4616a89e-6aa7-461f-abf0-d8186b0aab26,2026-09-12T08:48:28.957865+08:00,2026-09-12T08:48:18.957865+08:00,10,10.3457960,123.8180464,2026-09-12T00:48:28Z,1685,6.0,5.4,616.70,0.00,0.09,,,2026-09-12T08:48:27.286524+08:00,1671,91,0,14.84,37.70,20,0,7,0,40,0,19,0,4,0,499,-0.4004,7.6549,5.9626,9.7507,0.3343,9.7564,369,-0.0277,0.0181,-0.0309,0.5813,0.4229,0.7189,201,-0.0002,0.0069,0.0057,0.2885,0.2482,0.3805,0.38903,0.18351,0.37547,0.82098,49.4,0.5,51.0,0,1571,13403.00,2026-09-12T08:48:28.803865+08:00,154,64.0,41.0,DISCHARGING,2026-09-12T08:47:58.940865+08:00,30017,TRAIL,0.50,2026-09-12T08:48:11.31959+08:00,17638,,,,3953.3,6.0,GOOD
4616a89e-6aa7-461f-abf0-d8186b0aab26,2026-09-12T08:48:38.966204+08:00,2026-09-12T08:48:28.966204+08:00,10,10.3457952,123.8180508,2026-09-12T00:48:36Z,3694,5.8,5.4,616.44,0.00,0.09,,,2026-09-12T08:48:35.287875+08:00,3678,91,0,14.13,37.40,20,0,7,0,40,0,19,0,4,0,504,-0.3988,7.8302,5.7418,9.7360,0.2484,9.7391,201,-0.0253,0.0288,-0.0436,0.3087,0.2825,0.4185,201,-0.0010,0.0012,-0.0016,0.1576,0.1466,0.2152,0.38630,0.18875,0.35182,0.83148,47.0,2.4,50.9,0,1571,13607.00,2026-09-12T08:48:38.614204+08:00,352,64.0,41.0,DISCHARGING,2026-09-12T08:47:58.941204+08:00,40025,TRAIL,0.50,2026-09-12T08:48:11.31959+08:00,27646,,,,3953.8,5.8,GOOD
4616a89e-6aa7-461f-abf0-d8186b0aab26,2026-09-12T08:48:48.974983+08:00,2026-09-12T08:48:38.974983+08:00,10,10.3457939,123.8180488,2026-09-12T00:48:44Z,5701,6.6,6.2,616.23,0.00,0.14,,,2026-09-12T08:48:43.308421+08:00,5667,91,0,14.48,35.50,20,0,7,0,40,0,19,0,4,0,502,-0.5327,7.1744,6.4294,9.7602,0.5705,9.7768,201,0.0321,-0.0219,-0.0195,0.7319,0.5212,0.8986,201,0.0115,-0.0481,-0.0587,0.4620,0.6120,0.7668,0.38771,0.10130,0.01230,0.91612,5.9,10.1,46.4,0,1571,13602.00,2026-09-12T08:48:48.728983+08:00,246,64.0,41.0,DISCHARGING,2026-09-12T08:47:58.940983+08:00,50034,TRAIL,0.50,2026-09-12T08:48:11.31959+08:00,37655,,,,3954.0,6.6,GOOD
4616a89e-6aa7-461f-abf0-d8186b0aab26,2026-09-12T08:48:58.980333+08:00,2026-09-12T08:48:48.980333+08:00,10,10.3457950,123.8180425,2026-09-12T00:48:52Z,7707,7.1,6.0,616.87,0.00,0.25,,,2026-09-12T08:48:58.280754+08:00,698,0,0,,,0,0,0,0,0,0,0,0,0,0,502,0.7450,8.0262,2.6354,10.0281,2.4060,10.3127,200,-0.2040,-0.1205,0.0688,2.3868,2.3202,3.3287,200,0.0153,-0.3974,-0.0892,1.6131,1.8861,2.4818,0.28265,0.64361,0.63870,0.31295,130.2,2.4,89.3,0,1571,742.00,2026-09-12T08:48:57.555333+08:00,1425,63.0,41.0,DISCHARGING,2026-09-12T08:48:58.981333+08:00,-1,TRAIL,0.50,2026-09-12T08:48:11.31959+08:00,47660,,,,3954.7,7.1,GOOD
4616a89e-6aa7-461f-abf0-d8186b0aab26,2026-09-12T08:49:08.985918+08:00,2026-09-12T08:48:58.985918+08:00,10,10.3457984,123.8180482,2026-09-12T00:49:08Z,1712,6.8,7.4,616.74,0.00,0.11,,,2026-09-12T08:49:07.282762+08:00,1703,92,0,12.67,37.70,20,0,7,0,42,0,19,0,3,0,502,-0.3001,9.4362,-1.8443,9.9022,1.9652,10.0953,201,-0.0142,-0.0008,-0.0313,2.4603,1.0647,2.6808,201,0.0280,-0.0193,0.0047,0.4419,0.1747,0.4752,0.36807,0.70249,0.53350,0.29396,123.8,1.2,105.0,13,1584,888.00,2026-09-12T08:49:08.354918+08:00,631,63.0,41.0,DISCHARGING,2026-09-12T08:48:58.979918+08:00,10006,TRAIL,0.50,2026-09-12T08:48:11.31959+08:00,57666,,,,3956.0,6.8,GOOD
4616a89e-6aa7-461f-abf0-d8186b0aab26,2026-09-12T08:49:29.483707+08:00,2026-09-12T08:49:19.483707+08:00,10,10.3458904,123.8181939,2026-09-12T00:49:24Z,6210,4.4,5.8,621.25,0.73,0.84,55.5,6.1,2026-09-12T08:49:23.312612+08:00,6171,90,0,14.98,36.00,20,0,7,0,41,0,19,0,2,0,1023,0.0017,9.4981,-1.5749,9.8941,1.7839,10.0536,408,-0.1086,-0.0066,-0.0323,2.3102,1.1411,2.5766,399,-0.0038,0.0011,0.0092,0.4562,0.2192,0.5062,0.33501,0.67589,0.60784,0.24793,130.9,-4.1,98.0,30,1614,12952.00,2026-09-12T08:49:26.245707+08:00,3238,63.0,41.0,DISCHARGING,2026-09-12T08:48:58.979707+08:00,30504,TRAIL,0.50,2026-09-12T08:48:11.31959+08:00,78164,,,,3974.9,4.4,GOOD
4616a89e-6aa7-461f-abf0-d8186b0aab26,2026-09-12T08:49:43.951044+08:00,2026-09-12T08:49:33.951044+08:00,10,10.3459427,123.8183141,2026-09-12T00:49:40Z,4677,3.8,3.9,622.63,0.80,0.85,75.6,49.4,2026-09-12T08:49:39.284552+08:00,4666,91,0,18.17,36.30,20,0,7,0,40,0,19,0,4,0,725,0.0760,7.8269,2.9174,9.9303,1.8075,10.0935,288,0.1231,0.0262,0.0103,2.1759,1.2198,2.4945,285,0.0045,-0.2187,-0.1051,0.7587,1.0413,1.2884,0.16502,-0.28896,-0.62364,0.70735,-86.8,-11.7,37.3,23,1637,5960.00,2026-09-12T08:49:43.541044+08:00,410,63.0,41.0,DISCHARGING,2026-09-12T08:48:58.980044+08:00,44971,TRAIL,0.50,2026-09-12T08:48:11.31959+08:00,92631,,,,3990.0,3.8,GOOD
4616a89e-6aa7-461f-abf0-d8186b0aab26,2026-09-12T08:49:53.957113+08:00,2026-09-12T08:49:43.957113+08:00,10,10.3459460,123.8183621,2026-09-12T00:49:48Z,6684,3.8,3.3,628.15,0.84,0.85,96.9,47.9,2026-09-12T08:49:47.285297+08:00,6672,93,0,19.60,36.40,20,0,7,0,42,0,19,0,4,0,502,0.5605,6.5601,7.0180,9.8084,1.4342,9.9127,201,0.0399,-0.0405,-0.0277,1.5623,0.9032,1.8046,201,0.0140,0.0525,0.0205,0.5203,0.3395,0.6213,0.36610,-0.16519,-0.38727,0.82989,-49.8,0.5,47.4,11,1648,5317.00,2026-09-12T08:49:51.801113+08:00,2156,63.0,41.0,DISCHARGING,2026-09-12T08:48:58.980113+08:00,54977,TRAIL,0.50,2026-09-12T08:48:11.31959+08:00,102637,,,,3995.3,3.8,GOOD
4616a89e-6aa7-461f-abf0-d8186b0aab26,2026-09-12T08:50:03.964415+08:00,2026-09-12T08:49:53.964415+08:00,10,10.3459212,123.8183954,2026-09-12T00:50:04Z,690,3.8,2.7,624.87,0.00,0.08,,,2026-09-12T08:50:03.283349+08:00,680,93,0,17.44,39.90,20,0,7,0,42,0,19,0,4,0,502,-0.3107,7.1814,6.5323,9.7625,0.4553,9.7731,201,-0.0299,0.0407,-0.0472,0.5428,0.4546,0.7080,201,-0.0056,-0.0002,0.0019,0.2976,0.2684,0.4008,0.35275,-0.16422,-0.39611,0.83168,-50.8,0.4,45.8,0,1648,5324.00,2026-09-12T08:50:00.202415+08:00,3762,63.0,41.0,DISCHARGING,2026-09-12T08:50:03.965415+08:00,-1,TRAIL,0.50,2026-09-12T08:48:11.31959+08:00,112644,,,,4000.0,3.8,GOOD
4616a89e-6aa7-461f-abf0-d8186b0aab26,2026-09-12T08:50:13.968636+08:00,2026-09-12T08:50:03.968636+08:00,10,10.3459247,123.8184046,2026-09-12T00:50:12Z,2696,3.8,3.2,624.21,0.74,0.85,83.9,52.1,2026-09-12T08:50:11.283533+08:00,2685,92,0,17.51,40.20,20,0,7,0,42,0,19,0,3,0,502,-0.8974,6.2507,7.1958,9.8057,1.0655,9.8634,201,0.0211,-0.0497,-0.0264,1.1563,0.9579,1.5016,201,-0.0140,-0.0101,-0.0730,0.5112,0.4830,0.7033,0.33828,-0.09537,-0.74371,0.56865,-97.8,23.2,35.0,0,1648,8231.00,2026-09-12T08:50:12.569636+08:00,1399,63.0,41.0,DISCHARGING,2026-09-12T08:50:03.963636+08:00,10005,TRAIL,0.50,2026-09-12T08:48:11.31959+08:00,122649,,,,4001.1,3.8,GOOD
4616a89e-6aa7-461f-abf0-d8186b0aab26,2026-09-12T08:50:23.975282+08:00,2026-09-12T08:50:13.975282+08:00,10,10.3459121,123.8184746,2026-09-12T00:50:20Z,4702,5.4,6.4,622.99,0.78,0.86,97.5,50.8,2026-09-12T08:50:19.28442+08:00,4691,93,0,15.73,39.30,20,0,7,0,43,0,19,0,3,0,502,0.4011,9.1127,-0.6867,9.9596,1.9316,10.1452,201,0.0100,-0.1182,0.0855,2.4109,1.1262,2.6610,201,0.1307,0.3236,-0.0101,0.9620,1.1780,1.5209,0.43274,0.60147,0.52527,0.41840,106.0,2.8,95.6,17,1665,485.00,2026-09-12T08:50:20.160282+08:00,3815,63.0,41.0,DISCHARGING,2026-09-12T08:50:03.964282+08:00,20011,TRAIL,0.50,2026-09-12T08:48:11.31959+08:00,132655,,,,4008.8,5.4,GOOD
4616a89e-6aa7-461f-abf0-d8186b0aab26,2026-09-12T08:50:35.708818+08:00,2026-09-12T08:50:25.708818+08:00,10,10.3458908,123.8186049,2026-09-12T00:50:35.422Z,1008,5.6,8.9,629.34,1.08,0.25,93.9,5.4,2026-09-12T08:50:35.223595+08:00,485,91,0,14.15,37.60,20,0,7,0,40,0,19,0,4,0,584,-0.3973,9.6369,-0.1986,9.8443,2.0498,10.0554,234,-0.0708,0.0041,0.0047,2.2323,1.0800,2.4799,232,-0.0158,0.0513,0.0053,0.5080,0.2332,0.5589,0.19462,0.67569,0.68423,0.19339,148.2,-0.3,89.4,19,1684,16683.00,2026-09-12T08:50:35.158818+08:00,550,63.0,41.0,DISCHARGING,2026-09-12T08:50:03.963818+08:00,31745,TRAIL,0.50,2026-09-12T08:48:11.31959+08:00,144389,,,,4023.6,5.6,GOOD
4616a89e-6aa7-461f-abf0-d8186b0aab26,2026-09-12T08:50:50.822904+08:00,2026-09-12T08:50:40.822904+08:00,10,10.3459349,123.8186853,2026-09-12T00:50:47Z,4549,6.4,8.0,618.82,0.00,0.09,,,2026-09-12T08:50:46.282091+08:00,4541,100,0,15.40,37.90,20,0,7,0,49,0,19,0,4,0,757,-0.0832,9.6155,-0.3193,9.9706,2.9492,10.3977,381,-0.0458,-0.1397,0.0639,3.2057,1.7270,3.6413,297,0.0056,-0.0000,-0.0010,0.5250,0.3039,0.6066,0.34857,0.63730,0.60107,0.33325,122.3,0.3,93.2,30,1714,17833.00,2026-09-12T08:50:50.158904+08:00,664,63.0,41.0,DISCHARGING,2026-09-12T08:50:03.963904+08:00,46859,TRAIL,0.50,2026-09-12T08:48:11.31959+08:00,159503,,,,4033.7,6.4,GOOD
4616a89e-6aa7-461f-abf0-d8186b0aab26,2026-09-12T08:51:00.82939+08:00,2026-09-12T08:50:50.82939+08:00,10,10.3459505,123.8186971,2026-09-12T00:50:55Z,6556,6.0,7.0,621.83,0.75,1.08,50.0,5.4,2026-09-12T08:51:00.280266+08:00,549,0,0,,,0,0,0,0,0,0,0,0,0,0,501,0.2518,9.6465,-0.4922,9.9939,2.8656,10.3966,443,-0.0183,-0.0383,-0.0046,3.4670,1.5950,3.8163,200,0.0094,0.0296,0.0029,0.5128,0.2412,0.5667,0.41420,0.62925,0.55429,0.35389,114.0,-0.8,97.8,20,1734,24379.00,2026-09-12T08:50:58.55939+08:00,2270,63.0,41.0,DISCHARGING,2026-09-12T08:50:03.96439+08:00,56865,TRAIL,0.50,2026-09-12T08:48:11.31959+08:00,169509,,,,4035.8,6.0,GOOD
4616a89e-6aa7-461f-abf0-d8186b0aab26,2026-09-12T08:51:10.837519+08:00,2026-09-12T08:51:00.837519+08:00,10,10.3460230,123.8188202,2026-09-12T00:51:11Z,564,4.0,5.4,620.67,0.79,0.85,61.9,50.0,2026-09-12T08:51:10.286522+08:00,549,98,0,14.96,35.70,20,0,7,0,49,0,19,0,2,0,501,0.4642,9.6610,-0.2593,9.9868,2.7849,10.3678,201,-0.0230,0.0166,0.0167,3.0916,1.4108,3.3983,201,-0.0152,-0.0069,0.0075,0.4902,0.2281,0.5407,0.31032,0.62934,0.65433,0.28193,130.5,-2.9,89.1,20,1754,754.00,2026-09-12T08:51:10.160519+08:00,677,63.0,41.0,DISCHARGING,2026-09-12T08:51:10.838519+08:00,-1,TRAIL,0.50,2026-09-12T08:48:11.31959+08:00,179517,,,,4051.7,4.0,GOOD
4616a89e-6aa7-461f-abf0-d8186b0aab26,2026-09-12T08:51:26.418577+08:00,2026-09-12T08:51:16.418577+08:00,10,10.3460703,123.8189291,2026-09-12T00:51:27Z,145,4.3,5.6,621.19,0.79,0.85,67.1,49.9,2026-09-12T08:51:26.284687+08:00,133,98,0,13.93,36.30,20,0,7,0,49,0,19,0,2,0,780,0.5830,9.6312,-0.6785,9.9910,2.2027,10.2309,312,-0.0365,0.0138,-0.0189,2.7112,1.2350,2.9792,311,0.0019,-0.0050,-0.0020,0.5850,0.2682,0.6436,0.31576,0.63353,0.65224,0.27114,130.9,-3.9,90.1,28,1782,4853.00,2026-09-12T08:51:26.359577+08:00,59,63.0,41.0,DISCHARGING,2026-09-12T08:51:10.837577+08:00,15581,TRAIL,0.50,2026-09-12T08:48:11.31959+08:00,195098,,,,4064.8,4.3,GOOD
4616a89e-6aa7-461f-abf0-d8186b0aab26,2026-09-12T08:51:41.501907+08:00,2026-09-12T08:51:31.501907+08:00,10,10.3460823,123.8189901,2026-09-12T00:51:35Z,7228,4.4,5.9,618.51,0.85,0.85,68.6,47.5,2026-09-12T08:51:41.279276+08:00,223,0,0,,,0,0,0,0,0,0,0,0,0,0,754,0.5651,9.6057,-0.7103,10.0097,2.2008,10.2488,300,-0.1222,-0.0055,-0.1375,2.7293,1.4244,3.0786,296,-0.0035,0.0090,0.0018,0.6092,0.2880,0.6739,0.27484,0.67161,0.65009,0.22535,138.5,-3.1,93.1,27,1809,7664.00,2026-09-12T08:51:41.358907+08:00,143,63.0,41.0,DISCHARGING,2026-09-12T08:51:10.836907+08:00,30665,TRAIL,0.50,2026-09-12T08:48:11.31959+08:00,210182,,,,4071.6,4.4,GOOD
4616a89e-6aa7-461f-abf0-d8186b0aab26,2026-09-12T08:51:59.146082+08:00,2026-09-12T08:51:49.146082+08:00,10,10.3462183,123.8191670,2026-09-12T00:51:59Z,873,4.5,6.3,618.23,1.05,0.85,54.2,40.4,2026-09-12T08:51:58.285668+08:00,860,99,0,15.37,36.00,20,0,7,0,49,0,19,0,3,0,882,0.3016,9.6071,-0.7446,10.0328,2.5940,10.3627,350,-0.1455,0.0032,-0.0553,2.9584,1.4077,3.2762,340,0.0031,-0.0046,0.0090,0.6058,0.3007,0.6763,0.28082,0.66096,0.66424,0.20750,139.5,-5.7,91.8,34,1843,7617.00,2026-09-12T08:51:58.559082+08:00,587,63.0,41.0,DISCHARGING,2026-09-12T08:51:10.837082+08:00,48309,TRAIL,0.50,2026-09-12T08:48:11.31959+08:00,227826,,,,4096.4,4.5,GOOD
4616a89e-6aa7-461f-abf0-d8186b0aab26,2026-09-12T08:52:09.152078+08:00,2026-09-12T08:51:59.152078+08:00,10,10.3462577,123.8192191,2026-09-12T00:52:07Z,2878,4.7,7.3,622.90,1.46,0.87,59.8,31.0,2026-09-12T08:52:06.293144+08:00,2859,100,0,15.25,35.50,20,0,7,0,49,0,19,0,4,0,502,0.4186,9.6466,-0.9529,9.9973,2.1511,10.2262,201,-0.0831,0.0656,-0.0829,2.5664,1.2037,2.8346,201,-0.0063,0.0086,-0.0038,0.5855,0.2780,0.6481,0.23286,0.65448,0.68545,0.21815,142.8,-1.9,88.0,18,1861,15589.00,2026-09-12T08:52:08.560078+08:00,592,63.0,41.0,DISCHARGING,2026-09-12T08:51:10.837078+08:00,58315,TRAIL,0.50,2026-09-12T08:48:11.31959+08:00,237832,,,,4103.6,4.7,GOOD
4616a89e-6aa7-461f-abf0-d8186b0aab26,2026-09-12T08:52:19.162228+08:00,2026-09-12T08:52:09.162228+08:00,10,10.3462882,123.8192428,2026-09-12T00:52:15Z,4889,8.3,9.5,616.32,0.00,0.84,,,2026-09-12T08:52:14.283924+08:00,4875,100,0,17.07,35.50,20,0,7,0,49,0,19,0,4,0,502,-0.6210,7.4111,5.7396,9.8247,1.1848,9.8959,201,0.0461,-0.2412,0.1803,1.2436,1.4103,1.8803,201,-0.0130,-0.1695,-0.0101,0.8072,1.2327,1.4735,0.30628,0.29467,0.54936,0.71942,77.1,5.0,50.1,7,1868,104174.00,2026-09-12T08:52:19.009228+08:00,153,62.0,42.0,DISCHARGING,2026-09-12T08:52:19.165228+08:00,-3,TRAIL,0.50,2026-09-12T08:48:11.31959+08:00,247842,,,,4107.9,8.3,GOOD
4616a89e-6aa7-461f-abf0-d8186b0aab26,2026-09-12T08:52:29.172072+08:00,2026-09-12T08:52:19.172072+08:00,10,10.3462716,123.8192262,2026-09-12T00:52:23Z,6898,7.8,8.9,618.29,0.00,0.10,,,2026-09-12T08:52:28.287092+08:00,885,0,0,,,0,0,0,0,0,0,0,0,0,0,501,-0.9596,7.5047,6.0926,9.7179,0.1497,9.7190,200,-0.0047,0.0009,-0.0046,0.1722,0.1015,0.1999,200,-0.0033,0.0056,0.0009,0.0852,0.0535,0.1006,0.28450,0.30928,0.55136,0.72070,78.3,7.6,49.3,0,1868,98493.00,2026-09-12T08:52:29.106072+08:00,66,62.0,42.0,DISCHARGING,2026-09-12T08:52:19.162072+08:00,10010,TRAIL,0.50,2026-09-12T08:48:11.31959+08:00,257852,,,,4110.4,7.8,GOOD
4616a89e-6aa7-461f-abf0-d8186b0aab26,2026-09-12T08:52:39.178685+08:00,2026-09-12T08:52:29.178685+08:00,10,10.3462784,123.8192197,2026-09-12T00:52:39Z,905,5.2,6.8,619.55,0.00,0.13,,,2026-09-12T08:52:38.283613+08:00,895,100,0,19.51,35.50,20,0,7,0,49,0,19,0,4,0,506,-1.4335,6.0870,7.2379,9.8256,1.1531,9.8930,201,-0.0192,-0.0936,0.0718,1.3115,0.9650,1.6283,201,-0.0141,-0.0678,-0.1107,0.5478,0.3463,0.6481,0.30912,0.14700,-0.08044,0.93614,-3.6,19.0,35.9,0,1868,68600.00,2026-09-12T08:52:36.935685+08:00,2243,62.0,42.0,DISCHARGING,2026-09-12T08:52:19.161685+08:00,20017,TRAIL,0.50,2026-09-12T08:48:11.31959+08:00,267859,,,,4112.2,5.2,GOOD
4616a89e-6aa7-461f-abf0-d8186b0aab26,2026-09-12T08:52:49.184166+08:00,2026-09-12T08:52:39.184166+08:00,10,10.3462979,123.8192364,2026-09-12T00:52:47Z,2911,5.3,6.1,619.27,0.00,0.99,,,2026-09-12T08:52:46.287177+08:00,2897,100,0,20.11,35.50,20,0,7,0,49,0,19,0,4,0,499,-2.1224,6.9058,4.1680,9.9637,1.9452,10.1518,201,-0.0539,-0.1750,0.0100,2.1395,1.3031,2.5050,201,0.1009,0.2914,-0.0526,1.1739,1.1434,1.6387,0.22530,0.68392,0.66565,0.19597,145.3,-1.8,92.1,16,1884,18258.00,2026-09-12T08:52:49.054166+08:00,130,62.0,42.0,DISCHARGING,2026-09-12T08:52:19.162166+08:00,30022,TRAIL,0.50,2026-09-12T08:48:11.31959+08:00,277864,,,,4115.0,5.3,GOOD
4616a89e-6aa7-461f-abf0-d8186b0aab26,2026-09-12T08:52:59.191239+08:00,2026-09-12T08:52:49.191239+08:00,10,10.3463118,123.8192552,2026-09-12T00:52:55Z,4918,5.9,6.7,618.59,0.93,1.08,52.0,6.1,2026-09-12T08:52:54.284299+08:00,4907,100,0,17.16,36.20,20,0,7,0,49,0,19,0,4,0,505,0.6163,9.6364,-0.5276,9.9016,1.9946,10.1005,201,-0.0171,0.0130,-0.0473,2.3704,1.1419,2.6311,201,0.0100,0.0677,-0.0026,0.6248,0.3330,0.7080,0.16938,-0.71970,-0.64189,0.20327,-149.6,-4.3,95.4,17,1901,18531.00,2026-09-12T08:52:56.655239+08:00,2536,62.0,42.0,DISCHARGING,2026-09-12T08:52:19.162239+08:00,40029,TRAIL,0.50,2026-09-12T08:48:11.31959+08:00,287871,,,,4117.6,5.9,GOOD
4616a89e-6aa7-461f-abf0-d8186b0aab26,2026-09-12T08:53:09.198016+08:00,2026-09-12T08:52:59.198016+08:00,10,10.3463788,123.8193447,2026-09-12T00:53:03Z,6925,4.0,5.2,622.39,0.00,0.08,,,2026-09-12T08:53:08.286336+08:00,912,0,0,,,0,0,0,0,0,0,0,0,0,0,494,0.2843,9.6224,-0.6362,9.8228,1.4883,9.9349,91,-0.0586,0.0204,0.0146,0.9601,0.6407,1.1543,91,-0.0023,0.0243,0.0012,0.3441,0.2076,0.4018,0.10320,-0.73342,-0.65727,0.13944,-160.4,-3.9,95.6,7,1908,1896.00,2026-09-12T08:53:02.654016+08:00,6544,62.0,42.0,DISCHARGING,2026-09-12T08:52:19.162016+08:00,50036,TRAIL,0.50,2026-09-12T08:48:11.31959+08:00,297878,,,,4129.9,4.0,GOOD
4616a89e-6aa7-461f-abf0-d8186b0aab26,2026-09-12T08:53:28.369539+08:00,2026-09-12T08:53:18.369539+08:00,10,10.3465207,123.8194983,2026-09-12T00:53:27Z,2096,3.8,5.0,613.97,0.97,0.85,48.9,43.0,2026-09-12T08:53:26.286951+08:00,2081,100,0,18.37,39.30,20,0,7,0,49,0,19,0,4,0,963,0.5077,9.6231,-0.5460,9.9089,2.4716,10.2125,,,,,,,,,,,,,,,0.10320,-0.73342,-0.65727,0.13944,-160.4,-3.9,95.6,0,1908,1896.00,2026-09-12T08:53:02.655539+08:00,25714,62.0,42.0,DISCHARGING,2026-09-12T08:53:28.370539+08:00,-1,UNPAVED,0.50,2026-09-12T08:53:26.301634+08:00,2067,,,,4153.0,3.8,GOOD
4616a89e-6aa7-461f-abf0-d8186b0aab26,2026-09-12T08:53:49.337502+08:00,2026-09-12T08:53:39.337502+08:00,10,10.3465998,123.8195855,2026-09-12T00:53:41Z,9063,4.5,9.5,610.27,0.87,1.99,48.0,62.4,2026-09-12T08:53:49.28012+08:00,57,0,0,,,0,0,0,0,0,0,0,0,0,0,1050,0.7026,9.5040,-1.6464,9.9639,2.2666,10.2185,,,,,,,,,,,,,,,0.10320,-0.73342,-0.65727,0.13944,-160.4,-3.9,95.6,0,1908,1896.00,2026-09-12T08:53:02.654502+08:00,46683,62.0,42.0,DISCHARGING,2026-09-12T08:53:28.369502+08:00,20968,UNPAVED,0.50,2026-09-12T08:53:26.301634+08:00,23035,,,,4166.0,4.5,GOOD
4616a89e-6aa7-461f-abf0-d8186b0aab26,2026-09-12T08:54:13.474391+08:00,2026-09-12T08:54:03.474391+08:00,10,10.3467256,123.8197164,2026-09-12T00:54:08Z,6201,4.1,4.9,631.17,0.00,0.08,,,2026-09-12T08:54:13.279542+08:00,194,0,0,,,0,0,0,0,0,0,0,0,0,0,1201,0.1783,9.5998,-0.8022,9.8198,1.6606,9.9592,,,,,,,,,,,,,,,0.10320,-0.73342,-0.65727,0.13944,-160.4,-3.9,95.6,0,1908,1896.00,2026-09-12T08:53:02.654391+08:00,70820,62.0,42.0,DISCHARGING,2026-09-12T08:53:28.369391+08:00,45105,UNPAVED,0.50,2026-09-12T08:53:26.301634+08:00,47172,,,,4186.4,4.1,GOOD
4616a89e-6aa7-461f-abf0-d8186b0aab26,2026-09-12T08:54:31.492049+08:00,2026-09-12T08:54:21.492049+08:00,10,10.3468313,123.8198286,2026-09-12T00:54:32Z,219,7.5,12.0,619.55,1.23,0.85,31.6,35.5,2026-09-12T08:54:31.31213+08:00,178,100,0,18.87,35.60,20,0,7,0,49,0,19,0,4,0,904,0.5447,9.5450,-0.9754,9.9026,2.4906,10.2110,,,,,,,,,,,,,,,0.10320,-0.73342,-0.65727,0.13944,-160.4,-3.9,95.6,0,1908,1896.00,2026-09-12T08:53:02.656049+08:00,88836,62.0,42.0,DISCHARGING,2026-09-12T08:54:31.494049+08:00,-2,UNPAVED,0.50,2026-09-12T08:53:26.301634+08:00,65190,,,,4204.5,7.5,GOOD
4616a89e-6aa7-461f-abf0-d8186b0aab26,2026-09-12T08:54:49.83899+08:00,2026-09-12T08:54:39.83899+08:00,10,10.3468895,123.8199766,2026-09-12T00:54:47Z,3565,16.3,47.6,620.22,0.97,2.81,84.9,58.9,2026-09-12T08:54:46.284588+08:00,3554,99,0,17.16,39.30,19,0,7,0,49,0,19,0,4,0,924,0.4524,9.6810,-0.5605,9.9703,2.5262,10.2854,,,,,,,,,,,,,,,0.10320,-0.73342,-0.65727,0.13944,-160.4,-3.9,95.6,0,1908,1896.00,2026-09-12T08:53:02.65399+08:00,107185,62.0,42.0,DISCHARGING,2026-09-12T08:54:31.49199+08:00,18347,UNPAVED,0.50,2026-09-12T08:54:46.303934+08:00,3535,,,,4222.4,16.3,GOOD
4616a89e-6aa7-461f-abf0-d8186b0aab26,2026-09-12T08:55:01.85403+08:00,2026-09-12T08:54:51.85403+08:00,10,10.3470602,123.8200368,2026-09-12T00:55:02Z,581,6.7,11.5,619.54,1.15,2.19,64.9,52.8,2026-09-12T08:55:01.278741+08:00,575,0,0,,,0,0,0,0,0,0,0,0,0,0,602,0.5845,9.6188,-0.6822,9.9500,2.7511,10.3233,,,,,,,,,,,,,,,0.10320,-0.73342,-0.65727,0.13944,-160.4,-3.9,95.6,0,1908,1896.00,2026-09-12T08:53:02.65403+08:00,119200,62.0,42.0,DISCHARGING,2026-09-12T08:54:31.49203+08:00,30362,UNPAVED,0.50,2026-09-12T08:54:46.303934+08:00,15550,,,,4242.4,6.7,GOOD
4616a89e-6aa7-461f-abf0-d8186b0aab26,2026-09-12T08:55:11.860891+08:00,2026-09-12T08:55:01.860891+08:00,10,10.3471107,123.8199662,2026-09-12T00:55:12Z,589,9.4,7.9,620.65,0.00,0.35,,,2026-09-12T08:55:11.292853+08:00,568,99,0,20.90,41.30,20,0,7,0,49,0,18,0,4,0,498,0.2517,8.3838,3.0315,9.9327,2.0466,10.1414,48,-0.0785,-0.0043,0.0443,0.4426,0.2342,0.5008,,,,,,,,0.10320,-0.73342,-0.65727,0.13944,-160.4,-3.9,95.6,0,1908,10610.00,2026-09-12T08:55:08.352891+08:00,3508,62.0,42.0,DISCHARGING,2026-09-12T08:54:31.491891+08:00,40369,UNPAVED,0.50,2026-09-12T08:54:46.303934+08:00,25556,,,,4252.0,9.4,GOOD
4616a89e-6aa7-461f-abf0-d8186b0aab26,2026-09-12T08:55:21.868156+08:00,2026-09-12T08:55:11.868156+08:00,10,10.3471174,123.8199466,2026-09-12T00:55:19Z,3595,6.4,5.7,618.72,0.00,0.08,,,2026-09-12T08:55:18.286042+08:00,3582,99,0,20.84,40.80,20,0,7,0,49,0,18,0,4,0,502,-0.0788,7.2246,4.9164,9.8349,1.6726,9.9762,,,,,,,,,,,,,,,0.10320,-0.73342,-0.65727,0.13944,-160.4,-3.9,95.6,0,1908,50531.00,2026-09-12T08:55:19.481156+08:00,2387,62.0,42.0,DISCHARGING,2026-09-12T08:54:31.492156+08:00,50376,UNPAVED,0.50,2026-09-12T08:54:46.303934+08:00,35564,,,,4254.2,6.4,GOOD
4616a89e-6aa7-461f-abf0-d8186b0aab26,2026-09-12T08:55:31.875273+08:00,2026-09-12T08:55:21.875273+08:00,10,10.3471361,123.8199599,2026-09-12T00:55:27Z,5602,6.3,6.2,616.03,0.00,0.09,,,2026-09-12T08:55:26.290328+08:00,5584,99,0,19.00,39.40,20,0,7,0,49,0,18,0,4,0,502,-0.2996,9.6442,-0.1757,9.9372,3.3364,10.4823,,,,,,,,,,,,,,,0.10320,-0.73342,-0.65727,0.13944,-160.4,-3.9,95.6,0,1908,50531.00,2026-09-12T08:55:19.482273+08:00,12393,62.0,42.0,DISCHARGING,2026-09-12T08:55:31.876273+08:00,-1,UNPAVED,0.50,2026-09-12T08:54:46.303934+08:00,45571,,,,4256.8,6.3,GOOD
4616a89e-6aa7-461f-abf0-d8186b0aab26,2026-09-12T08:55:57.241611+08:00,2026-09-12T08:55:47.241611+08:00,10,10.3473510,123.8200956,2026-09-12T00:55:51Z,6968,3.8,4.2,606.99,1.14,1.00,43.7,42.8,2026-09-12T08:55:56.310518+08:00,931,0,0,,,0,0,0,0,0,0,0,0,0,0,1234,-0.2814,9.6557,-0.6701,10.0764,3.3296,10.6123,,,,,,,,,,,,,,,0.10320,-0.73342,-0.65727,0.13944,-160.4,-3.9,95.6,0,1908,50531.00,2026-09-12T08:55:19.480611+08:00,37761,62.0,42.0,DISCHARGING,2026-09-12T08:55:31.874611+08:00,25367,UNPAVED,0.50,2026-09-12T08:54:46.303934+08:00,70937,,,,4285.0,3.8,GOOD
4616a89e-6aa7-461f-abf0-d8186b0aab26,2026-09-12T08:56:10.491995+08:00,2026-09-12T08:56:00.491995+08:00,10,10.3474716,123.8202209,2026-09-12T00:56:07Z,4219,4.4,6.5,609.80,1.04,0.98,67.0,45.4,2026-09-12T08:56:06.286446+08:00,4206,99,0,14.99,38.10,20,0,7,0,49,0,18,0,4,0,698,-0.2428,9.6309,-0.3122,9.9271,2.9103,10.3449,,,,,,,,,,,,,,,0.10320,-0.73342,-0.65727,0.13944,-160.4,-3.9,95.6,0,1908,50531.00,2026-09-12T08:55:19.480995+08:00,51011,62.0,42.0,DISCHARGING,2026-09-12T08:55:31.874995+08:00,38617,UNPAVED,0.50,2026-09-12T08:54:46.303934+08:00,84188,,,,4304.2,4.4,GOOD
4616a89e-6aa7-461f-abf0-d8186b0aab26,2026-09-12T08:56:25.436843+08:00,2026-09-12T08:56:15.436843+08:00,10,10.3475267,123.8203713,2026-09-12T00:56:24Z,2164,5.4,8.6,608.65,1.03,1.04,67.2,47.7,2026-09-12T08:56:23.286249+08:00,2151,99,0,16.19,38.80,20,0,7,0,49,0,18,0,4,0,753,-0.0881,9.6696,-0.4968,9.9969,2.8979,10.4085,,,,,,,,,,,,,,,0.10320,-0.73342,-0.65727,0.13944,-160.4,-3.9,95.6,0,1908,50531.00,2026-09-12T08:55:19.480843+08:00,65956,62.0,42.0,DISCHARGING,2026-09-12T08:55:31.874843+08:00,53562,UNPAVED,0.50,2026-09-12T08:54:46.303934+08:00,99132,,,,4321.7,5.4,GOOD
4616a89e-6aa7-461f-abf0-d8186b0aab26,2026-09-12T08:56:49.25392+08:00,2026-09-12T08:56:39.25392+08:00,10,10.3475978,123.8205782,2026-09-12T00:56:47Z,2981,5.0,9.3,607.88,1.07,0.85,70.8,39.8,2026-09-12T08:56:46.310499+08:00,2941,52,0,17.66,36.70,12,0,7,0,21,0,9,0,3,0,1199,-0.0981,9.6676,-0.4018,10.0046,3.0250,10.4519,,,,,,,,,,,,,,,0.10320,-0.73342,-0.65727,0.13944,-160.4,-3.9,95.6,0,1908,50531.00,2026-09-12T08:55:19.48292+08:00,89771,61.0,42.0,DISCHARGING,2026-09-12T08:56:49.25592+08:00,-2,UNPAVED,0.50,2026-09-12T08:54:46.303934+08:00,122949,,,,4345.8,5.0,GOOD
4616a89e-6aa7-461f-abf0-d8186b0aab26,2026-09-12T08:57:12.691372+08:00,2026-09-12T08:57:02.691372+08:00,10,10.3476625,123.8207793,2026-09-12T00:57:09Z,4417,5.9,11.4,599.87,1.01,2.64,51.0,68.1,2026-09-12T08:57:08.337309+08:00,4354,0,0,,,0,0,0,0,0,0,0,0,0,0,1162,-0.1343,9.6437,-0.7180,9.9929,2.6673,10.3428,,,,,,,,,,,,,,,0.10320,-0.73342,-0.65727,0.13944,-160.4,-3.9,95.6,0,1908,50531.00,2026-09-12T08:55:19.481372+08:00,113210,61.0,42.0,DISCHARGING,2026-09-12T08:56:49.254372+08:00,23437,UNPAVED,0.50,2026-09-12T08:54:46.303934+08:00,146387,,,,4369.1,5.9,GOOD
4616a89e-6aa7-461f-abf0-d8186b0aab26,2026-09-12T08:57:23.702941+08:00,2026-09-12T08:57:13.702941+08:00,10,10.3477045,123.8208739,2026-09-12T00:57:20Z,4430,6.3,9.9,601.32,0.93,1.12,62.8,53.7,2026-09-12T08:57:19.283192+08:00,4420,97,0,12.71,34.20,20,0,7,0,48,0,18,0,4,0,552,-0.4668,9.6095,-1.0659,10.0040,2.1976,10.2425,,,,,,,,,,,,,,,0.10320,-0.73342,-0.65727,0.13944,-160.4,-3.9,95.6,0,1908,50531.00,2026-09-12T08:55:19.480941+08:00,124222,61.0,42.0,DISCHARGING,2026-09-12T08:56:49.253941+08:00,34449,UNPAVED,0.50,2026-09-12T08:54:46.303934+08:00,157399,,,,4380.4,6.3,GOOD
4616a89e-6aa7-461f-abf0-d8186b0aab26,2026-09-12T08:57:41.836991+08:00,2026-09-12T08:57:31.836991+08:00,10,10.3477743,123.8209876,2026-09-12T00:57:35Z,7564,11.8,33.2,600.21,0.98,3.67,53.4,67.7,2026-09-12T08:57:41.282087+08:00,555,0,0,,,0,0,0,0,0,0,0,0,0,0,910,-0.0771,9.6393,-0.4536,9.9927,2.7133,10.3545,,,,,,,,,,,,,,,0.10320,-0.73342,-0.65727,0.13944,-160.4,-3.9,95.6,0,1908,50531.00,2026-09-12T08:55:19.480991+08:00,142356,61.0,42.0,DISCHARGING,2026-09-12T08:56:49.253991+08:00,52583,UNPAVED,0.50,2026-09-12T08:54:46.303934+08:00,175533,,,,4395.1,11.8,GOOD
4616a89e-6aa7-461f-abf0-d8186b0aab26,2026-09-12T08:58:08.620771+08:00,2026-09-12T08:57:58.620771+08:00,10,10.3479818,123.8211683,2026-09-12T00:58:05Z,4348,8.4,14.6,601.68,1.08,2.10,60.7,54.8,2026-09-12T08:58:04.281068+08:00,4337,0,0,,,0,0,0,0,0,0,0,0,0,0,1328,-0.4534,9.6062,-0.7155,9.9687,2.6237,10.3082,,,,,,,,,,,,,,,0.10320,-0.73342,-0.65727,0.13944,-160.4,-3.9,95.6,0,1908,50531.00,2026-09-12T08:55:19.483771+08:00,169137,61.0,43.0,DISCHARGING,2026-09-12T08:58:08.623771+08:00,-3,UNPAVED,0.50,2026-09-12T08:54:46.303934+08:00,202316,,,,4426.0,8.4,GOOD
4616a89e-6aa7-461f-abf0-d8186b0aab26,2026-09-12T08:58:27.248517+08:00,2026-09-12T08:58:17.248517+08:00,10,10.3479127,123.8214427,2026-09-12T00:58:24Z,3976,15.0,17.4,596.46,1.05,1.02,73.2,45.0,2026-09-12T08:58:23.309057+08:00,3939,52,0,8.28,29.00,12,0,7,0,21,0,9,0,3,0,902,-0.3422,9.5821,-1.2184,9.9803,2.6527,10.3269,,,,,,,,,,,,,,,0.10320,-0.73342,-0.65727,0.13944,-160.4,-3.9,95.6,0,1908,50531.00,2026-09-12T08:55:19.481517+08:00,187767,61.0,43.0,DISCHARGING,2026-09-12T08:58:08.621517+08:00,18627,UNPAVED,0.50,2026-09-12T08:54:46.303934+08:00,220944,,,,4463.8,15.0,GOOD
4616a89e-6aa7-461f-abf0-d8186b0aab26,2026-09-12T08:58:53.330423+08:00,2026-09-12T08:58:43.330423+08:00,10,10.3481029,123.8216399,2026-09-12T00:58:46Z,8057,14.7,18.3,603.80,3.96,4.19,106.4,18.4,2026-09-12T08:58:53.279066+08:00,51,0,0,,,0,0,0,0,0,0,0,0,0,0,1351,-0.0972,9.6653,-0.2109,9.9659,2.8226,10.3578,,,,,,,,,,,,,,,0.10320,-0.73342,-0.65727,0.13944,-160.4,-3.9,95.6,0,1908,50531.00,2026-09-12T08:55:19.481423+08:00,213849,61.0,43.0,DISCHARGING,2026-09-12T08:58:08.621423+08:00,44709,CONCRETE,0.50,2026-09-12T08:58:45.312347+08:00,8018,,,,4495.4,14.7,GOOD
4616a89e-6aa7-461f-abf0-d8186b0aab26,2026-09-12T08:59:03.335417+08:00,2026-09-12T08:58:53.335417+08:00,10,10.3483305,123.8217497,2026-09-12T00:59:03Z,1063,15.9,24.7,612.95,1.22,4.21,74.4,50.6,2026-09-12T08:59:02.282605+08:00,1052,52,0,13.23,32.30,12,0,7,0,21,0,9,0,3,0,501,-0.1535,9.6665,-0.3143,9.9700,3.1551,10.4573,,,,,,,,,,,,,,,0.10320,-0.73342,-0.65727,0.13944,-160.4,-3.9,95.6,0,1908,50531.00,2026-09-12T08:55:19.481417+08:00,223854,61.0,43.0,DISCHARGING,2026-09-12T08:58:08.621417+08:00,54714,UNPAVED,0.50,2026-09-12T08:58:54.294495+08:00,9040,,,,4535.9,15.9,GOOD
4616a89e-6aa7-461f-abf0-d8186b0aab26,2026-09-12T08:59:23.389539+08:00,2026-09-12T08:59:13.389539+08:00,10,10.3482823,123.8218345,2026-09-12T00:59:19Z,5118,5.7,7.5,597.97,1.21,0.91,66.8,36.7,2026-09-12T08:59:18.28243+08:00,5106,97,0,10.83,34.30,20,0,7,0,48,0,18,0,4,0,1002,0.0368,9.6567,-0.4649,10.0585,3.3029,10.5869,,,,,,,,,,,,,,,0.10320,-0.73342,-0.65727,0.13944,-160.4,-3.9,95.6,0,1908,50531.00,2026-09-12T08:55:19.482539+08:00,243907,61.0,43.0,DISCHARGING,2026-09-12T08:59:23.390539+08:00,-1,UNPAVED,0.50,2026-09-12T08:59:18.301117+08:00,5088,,,,4547.2,5.7,GOOD
4616a89e-6aa7-461f-abf0-d8186b0aab26,2026-09-12T08:59:44.600857+08:00,2026-09-12T08:59:34.600857+08:00,10,10.3484220,123.8219527,2026-09-12T00:59:41Z,4328,8.1,18.0,608.93,0.89,2.19,73.5,64.2,2026-09-12T08:59:40.285331+08:00,4316,0,0,,,0,0,0,0,0,0,0,0,0,0,1061,-0.0221,9.5899,-1.2423,9.9862,2.6658,10.3359,,,,,,,,,,,,,,,0.10320,-0.73342,-0.65727,0.13944,-160.4,-3.9,95.6,0,1908,50531.00,2026-09-12T08:55:19.480857+08:00,265120,61.0,43.0,DISCHARGING,2026-09-12T08:59:23.388857+08:00,21212,UNPAVED,0.50,2026-09-12T08:59:35.296847+08:00,9304,,,,4567.5,8.1,GOOD
4616a89e-6aa7-461f-abf0-d8186b0aab26,2026-09-12T08:59:58.60707+08:00,2026-09-12T08:59:48.60707+08:00,10,10.3484328,123.8220235,2026-09-12T00:59:57Z,2334,8.0,15.1,594.06,1.02,2.17,95.7,59.8,2026-09-12T08:59:56.287086+08:00,2320,0,0,,,0,0,0,0,0,0,0,0,0,0,702,-0.0131,9.6021,-0.6866,9.9185,2.5549,10.2423,,,,,,,,,,,,,,,0.10320,-0.73342,-0.65727,0.13944,-160.4,-3.9,95.6,0,1908,50531.00,2026-09-12T08:55:19.48107+08:00,279126,61.0,43.0,DISCHARGING,2026-09-12T08:59:23.38907+08:00,35218,UNPAVED,0.50,2026-09-12T08:59:35.296847+08:00,23310,,,,4575.7,8.0,GOOD
4616a89e-6aa7-461f-abf0-d8186b0aab26,2026-09-12T09:00:08.806492+08:00,2026-09-12T08:59:58.806492+08:00,10,10.3484150,123.8221106,2026-09-12T01:00:07Z,2535,14.2,42.0,596.90,1.16,3.07,101.7,55.1,2026-09-12T09:00:06.280532+08:00,2525,98,0,13.99,32.10,20,0,7,0,48,0,18,0,5,0,513,-0.0733,9.6341,-0.4422,10.0149,3.1556,10.5003,,,,,,,,,,,,,,,0.10320,-0.73342,-0.65727,0.13944,-160.4,-3.9,95.6,0,1908,50531.00,2026-09-12T08:55:19.481492+08:00,289325,61.0,43.0,DISCHARGING,2026-09-12T08:59:23.389492+08:00,45417,UNPAVED,0.50,2026-09-12T08:59:35.296847+08:00,33509,,,,4585.5,14.2,GOOD
4616a89e-6aa7-461f-abf0-d8186b0aab26,2026-09-12T09:00:24.142043+08:00,2026-09-12T09:00:14.142043+08:00,10,10.3484573,123.8222436,2026-09-12T01:00:23Z,1870,6.2,8.0,599.27,1.15,0.88,107.9,38.4,2026-09-12T09:00:22.279434+08:00,1861,98,0,15.18,36.80,20,0,7,0,48,0,18,0,5,0,764,-0.3589,9.6739,-0.4702,10.0008,2.5673,10.3250,,,,,,,,,,,,,,,0.10320,-0.73342,-0.65727,0.13944,-160.4,-3.9,95.6,0,1908,50531.00,2026-09-12T08:55:19.483043+08:00,304659,60.0,42.0,DISCHARGING,2026-09-12T09:00:24.144043+08:00,-2,UNPAVED,0.50,2026-09-12T09:00:22.294891+08:00,1847,,,,4600.9,6.2,GOOD
4616a89e-6aa7-461f-abf0-d8186b0aab26,2026-09-12T09:00:34.239562+08:00,2026-09-12T09:00:24.239562+08:00,10,10.3484436,123.8222997,2026-09-12T01:00:30Z,4968,9.5,14.6,600.63,1.12,2.20,100.4,53.7,2026-09-12T09:00:29.284593+08:00,4954,0,0,,,0,0,0,0,0,0,0,0,0,0,502,0.1341,9.6493,-0.2783,9.9862,2.8617,10.3882,251,0.0597,-0.2121,0.0594,3.5540,1.7456,3.9596,,,,,,,,0.69426,-0.19659,-0.17459,0.66998,-30.5,-1.2,92.4,0,1908,50531.00,2026-09-12T08:55:19.481562+08:00,314758,60.0,42.0,DISCHARGING,2026-09-12T09:00:24.142562+08:00,10097,UNPAVED,0.50,2026-09-12T09:00:22.294891+08:00,11944,,,,4607.2,9.5,GOOD
4616a89e-6aa7-461f-abf0-d8186b0aab26,2026-09-12T09:00:54.701161+08:00,2026-09-12T09:00:44.701161+08:00,10,10.3484374,123.8224179,2026-09-12T01:00:45Z,10428,5.5,9.7,594.79,1.13,2.01,91.2,53.5,2026-09-12T09:00:54.282326+08:00,419,98,0,13.91,33.70,20,0,7,0,48,0,18,0,5,0,1024,0.1610,9.5423,-1.3292,9.9945,2.4445,10.2891,,,,,,,,,,,,,,,0.69426,-0.19659,-0.17459,0.66998,-30.5,-1.2,92.4,0,1908,50531.00,2026-09-12T08:55:19.481161+08:00,335220,60.0,42.0,DISCHARGING,2026-09-12T09:00:24.142161+08:00,30559,UNPAVED,0.50,2026-09-12T09:00:22.294891+08:00,32406,,,,4620.2,5.5,GOOD
4616a89e-6aa7-461f-abf0-d8186b0aab26,2026-09-12T09:01:25.283749+08:00,2026-09-12T09:01:15.283749+08:00,10,10.3487521,123.8226768,2026-09-12T01:01:19Z,7012,13.3,20.1,578.99,1.11,1.00,80.0,41.8,2026-09-12T09:01:25.279842+08:00,2,0,0,,,0,0,0,0,0,0,0,0,0,0,1539,0.0082,9.6632,-0.3201,9.9929,2.9456,10.4180,,,,,,,,,,,,,,,0.69426,-0.19659,-0.17459,0.66998,-30.5,-1.2,92.4,0,1908,50531.00,2026-09-12T08:55:19.482749+08:00,365801,60.0,42.0,DISCHARGING,2026-09-12T09:01:25.285749+08:00,-2,UNPAVED,0.50,2026-09-12T09:00:22.294891+08:00,62988,,,,4667.9,13.3,GOOD
4616a89e-6aa7-461f-abf0-d8186b0aab26,2026-09-12T09:01:51.438121+08:00,2026-09-12T09:01:41.438121+08:00,10,10.3489241,123.8228358,2026-09-12T01:01:49Z,3165,10.2,36.6,592.30,1.10,6.07,64.3,54.5,2026-09-12T09:01:48.299756+08:00,3138,0,0,,,0,0,0,0,0,0,0,0,0,0,1301,0.0966,9.5864,-1.0096,9.9650,2.6089,10.3008,,,,,,,,,,,,,,,0.69426,-0.19659,-0.17459,0.66998,-30.5,-1.2,92.4,0,1908,50531.00,2026-09-12T08:55:19.481121+08:00,391957,60.0,42.0,DISCHARGING,2026-09-12T09:01:25.284121+08:00,26154,UNPAVED,0.50,2026-09-12T09:00:22.294891+08:00,89143,,,,4696.0,10.2,GOOD
4616a89e-6aa7-461f-abf0-d8186b0aab26,2026-09-12T09:02:08.718049+08:00,2026-09-12T09:01:58.718049+08:00,10,10.3489936,123.8229667,2026-09-12T01:02:06Z,3446,15.6,207.9,592.55,0.93,6.61,96.0,60.4,2026-09-12T09:02:05.277575+08:00,3440,0,0,,,0,0,0,0,0,0,0,0,0,0,862,0.1598,9.5874,-1.2142,9.9697,2.2339,10.2169,,,,,,,,,,,,,,,0.69426,-0.19659,-0.17459,0.66998,-30.5,-1.2,92.4,0,1908,50531.00,2026-09-12T08:55:19.481049+08:00,409237,60.0,42.0,DISCHARGING,2026-09-12T09:01:25.284049+08:00,43434,UNPAVED,0.50,2026-09-12T09:00:22.294891+08:00,106423,,,,4713.2,15.6,GOOD
4616a89e-6aa7-461f-abf0-d8186b0aab26,2026-09-12T09:02:29.335028+08:00,2026-09-12T09:02:19.335028+08:00,10,10.3491129,123.8230494,2026-09-12T01:02:22Z,8064,19.2,24.9,587.93,0.86,3.13,95.5,73.4,2026-09-12T09:02:29.276939+08:00,57,0,0,,,0,0,0,0,0,0,0,0,0,0,1036,0.1343,9.5552,-1.5028,9.9482,2.1618,10.1804,172,-0.1291,0.1564,-0.1799,2.8236,1.2235,3.0772,,,,,,,,0.63643,-0.45126,-0.32290,0.53577,-67.3,-4.2,102.6,0,1908,50531.00,2026-09-12T08:55:19.482028+08:00,429853,60.0,42.0,DISCHARGING,2026-09-12T09:02:29.336028+08:00,-1,UNPAVED,0.50,2026-09-12T09:00:22.294891+08:00,127040,,,,4729.4,19.2,GOOD
4616a89e-6aa7-461f-abf0-d8186b0aab26,2026-09-12T09:02:54.248033+08:00,2026-09-12T09:02:44.248033+08:00,10,10.3492568,123.8232007,2026-09-12T01:02:54Z,977,12.7,24.0,588.89,0.88,3.67,185.3,78.3,2026-09-12T09:02:53.282626+08:00,965,0,0,,,0,0,0,0,0,0,0,0,0,0,1196,0.0390,9.4387,-1.7351,9.8565,2.1070,10.0791,94,0.1175,-0.2391,0.0503,2.4750,1.1410,2.7254,,,,,,,,0.63832,-0.44165,-0.34107,0.53025,-67.8,-1.9,101.8,0,1908,50531.00,2026-09-12T08:55:19.481033+08:00,454767,60.0,42.0,DISCHARGING,2026-09-12T09:02:29.335033+08:00,24913,UNPAVED,0.50,2026-09-12T09:02:53.290959+08:00,957,,,,4754.4,12.7,GOOD
4616a89e-6aa7-461f-abf0-d8186b0aab26,2026-09-12T09:03:27.55278+08:00,2026-09-12T09:03:17.55278+08:00,10,10.3491958,123.8234081,2026-09-12T01:03:26Z,2281,11.6,63.5,585.26,0.91,5.84,140.3,78.7,2026-09-12T09:03:25.280869+08:00,2272,0,0,,,0,0,0,0,0,0,0,0,0,0,1715,-0.1576,9.5864,-1.1086,9.9824,2.3189,10.2482,,,,,,,,,,,,,,,0.63832,-0.44165,-0.34107,0.53025,-67.8,-1.9,101.8,0,1908,50531.00,2026-09-12T08:55:19.48078+08:00,488072,60.0,42.0,DISCHARGING,2026-09-12T09:02:29.33478+08:00,58218,UNPAVED,0.50,2026-09-12T09:02:53.290959+08:00,34261,,,,4780.4,11.6,GOOD
4616a89e-6aa7-461f-abf0-d8186b0aab26,2026-09-12T09:03:43.252058+08:00,2026-09-12T09:03:33.252058+08:00,10,10.3494312,123.8236290,2026-09-12T01:03:42Z,1980,9.4,19.0,595.85,1.19,2.93,154.4,60.3,2026-09-12T09:03:41.294843+08:00,1953,0,0,,,0,0,0,0,0,0,0,0,0,0,736,-0.4434,9.5450,-1.1611,9.8899,2.4471,10.1882,,,,,,,,,,,,,,,0.63832,-0.44165,-0.34107,0.53025,-67.8,-1.9,101.8,0,1908,50531.00,2026-09-12T08:55:19.485058+08:00,503767,60.0,41.0,DISCHARGING,2026-09-12T09:03:43.256058+08:00,-4,UNPAVED,0.50,2026-09-12T09:03:41.301579+08:00,1950,,,,4823.7,9.4,GOOD
4616a89e-6aa7-461f-abf0-d8186b0aab26,2026-09-12T09:04:07.59203+08:00,2026-09-12T09:03:57.59203+08:00,10,10.3493455,123.8238153,2026-09-12T01:04:05Z,3320,5.3,35.3,597.64,,,,,2026-09-12T09:04:04.283945+08:00,3308,0,0,,,0,0,0,0,0,0,0,0,0,0,1261,-0.2903,9.6407,-0.5156,9.9463,2.2653,10.2010,,,,,,,,,,,,,,,0.63832,-0.44165,-0.34107,0.53025,-67.8,-1.9,101.8,0,1908,50531.00,2026-09-12T08:55:19.48103+08:00,528111,60.0,41.0,DISCHARGING,2026-09-12T09:03:43.25203+08:00,24340,TRAIL,0.50,2026-09-12T09:03:58.300464+08:00,9291,,,,4847.5,5.3,GOOD
4616a89e-6aa7-461f-abf0-d8186b0aab26,2026-09-12T09:04:23.82406+08:00,2026-09-12T09:04:13.82406+08:00,10,10.3493668,123.8240332,2026-09-12T01:04:24Z,552,15.4,22.8,583.63,1.25,1.45,99.3,52.2,2026-09-12T09:04:23.279096+08:00,545,52,0,16.81,36.30,12,0,7,0,21,0,9,0,3,0,814,-0.4398,9.6609,-0.3595,9.9971,2.8086,10.3841,,,,,,,,,,,,,,,0.63832,-0.44165,-0.34107,0.53025,-67.8,-1.9,101.8,0,1908,50531.00,2026-09-12T08:55:19.48106+08:00,544343,60.0,41.0,DISCHARGING,2026-09-12T09:03:43.25206+08:00,40572,CONCRETE,0.50,2026-09-12T09:04:23.296203+08:00,527,,,,4884.0,15.4,GOOD
4616a89e-6aa7-461f-abf0-d8186b0aab26,2026-09-12T09:04:33.829845+08:00,2026-09-12T09:04:23.829845+08:00,10,10.3493439,123.8240854,2026-09-12T01:04:30Z,4558,15.8,25.6,586.84,1.00,3.61,88.8,74.9,2026-09-12T09:04:29.282723+08:00,4547,0,0,,,0,0,0,0,0,0,0,0,0,0,502,-0.4307,9.5864,-1.0325,9.9228,1.8925,10.1016,,,,,,,,,,,,,,,0.63832,-0.44165,-0.34107,0.53025,-67.8,-1.9,101.8,0,1908,50531.00,2026-09-12T08:55:19.480845+08:00,554349,60.0,41.0,DISCHARGING,2026-09-12T09:03:43.251845+08:00,50578,UNPAVED,0.50,2026-09-12T09:04:29.290455+08:00,4539,,,,4890.3,15.8,GOOD
4616a89e-6aa7-461f-abf0-d8186b0aab26,2026-09-12T09:04:43.837366+08:00,2026-09-12T09:04:33.837366+08:00,10,10.3493099,123.8241338,2026-09-12T01:04:38Z,6565,16.4,44.8,591.03,0.80,4.65,147.0,81.1,2026-09-12T09:04:37.280151+08:00,6556,0,0,,,0,0,0,0,0,0,0,0,0,0,502,-0.0482,9.6412,-0.3864,10.0196,2.4648,10.3183,,,,,,,,,,,,,,,0.63832,-0.44165,-0.34107,0.53025,-67.8,-1.9,101.8,0,1908,50531.00,2026-09-12T08:55:19.482366+08:00,564355,60.0,41.0,DISCHARGING,2026-09-12T09:04:43.838366+08:00,-1,UNPAVED,0.50,2026-09-12T09:04:29.290455+08:00,14546,,,,4896.8,16.4,GOOD
4616a89e-6aa7-461f-abf0-d8186b0aab26,2026-09-12T09:04:57.332562+08:00,2026-09-12T09:04:47.332562+08:00,10,10.3495738,123.8241070,2026-09-12T01:04:54Z,4062,17.6,23.8,601.65,1.07,4.03,31.7,76.2,2026-09-12T09:04:53.281305+08:00,4051,0,0,,,0,0,0,0,0,0,0,0,0,0,677,-0.4020,9.6141,-0.3317,9.9979,2.7870,10.3791,278,0.0417,-0.0230,0.0144,3.6172,1.7539,4.0200,,,,,,,,0.57090,-0.41108,-0.42447,0.57001,-72.4,0.9,89.4,0,1908,50531.00,2026-09-12T08:55:19.481562+08:00,577851,60.0,41.0,DISCHARGING,2026-09-12T09:04:43.837562+08:00,13495,UNPAVED,0.50,2026-09-12T09:04:29.290455+08:00,28042,,,,4927.1,17.6,GOOD
4616a89e-6aa7-461f-abf0-d8186b0aab26,2026-09-12T09:05:23.179595+08:00,2026-09-12T09:05:13.179595+08:00,10,10.3497282,123.8241107,2026-09-12T01:05:19Z,4909,17.1,50.8,599.06,1.10,5.20,87.6,75.0,2026-09-12T09:05:18.280365+08:00,4900,97,0,14.35,37.30,20,0,7,0,48,0,18,0,4,0,1248,-0.2401,9.6703,-0.4260,10.0286,2.8295,10.4201,,,,,,,,,,,,,,,0.57090,-0.41108,-0.42447,0.57001,-72.4,0.9,89.4,0,1908,50531.00,2026-09-12T08:55:19.480595+08:00,603699,60.0,41.0,DISCHARGING,2026-09-12T09:04:43.836595+08:00,39343,UNPAVED,0.50,2026-09-12T09:04:29.290455+08:00,53889,,,,4944.7,17.1,GOOD
4616a89e-6aa7-461f-abf0-d8186b0aab26,2026-09-12T09:05:37.268396+08:00,2026-09-12T09:05:27.268396+08:00,10,10.3497764,123.8241721,2026-09-12T01:05:33Z,4996,5.5,10.8,595.75,1.04,2.00,46.7,56.5,2026-09-12T09:05:32.282603+08:00,4985,0,0,,,0,0,0,0,0,0,0,0,0,0,740,0.1222,9.6696,-0.6530,10.0483,2.6040,10.3802,,,,,,,,,,,,,,,0.57090,-0.41108,-0.42447,0.57001,-72.4,0.9,89.4,0,1908,50531.00,2026-09-12T08:55:19.481396+08:00,617787,60.0,41.0,DISCHARGING,2026-09-12T09:04:43.837396+08:00,53431,UNPAVED,0.50,2026-09-12T09:04:29.290455+08:00,67977,,,,4953.7,5.5,GOOD
4616a89e-6aa7-461f-abf0-d8186b0aab26,2026-09-12T09:05:47.79249+08:00,2026-09-12T09:05:37.79249+08:00,10,10.3498252,123.8242397,2026-09-12T01:05:42Z,6521,8.7,23.4,600.22,1.68,2.69,76.8,39.8,2026-09-12T09:05:41.283256+08:00,6508,0,0,,,0,0,0,0,0,0,0,0,0,0,539,0.2189,9.5624,-1.1338,9.9463,1.8556,10.1179,,,,,,,,,,,,,,,0.57090,-0.41108,-0.42447,0.57001,-72.4,0.9,89.4,0,1908,50531.00,2026-09-12T08:55:19.48249+08:00,628310,59.0,42.0,DISCHARGING,2026-09-12T09:05:47.79349+08:00,-1,CONCRETE,0.50,2026-09-12T09:05:41.288738+08:00,6503,,,,4962.8,8.7,GOOD
4616a89e-6aa7-461f-abf0-d8186b0aab26,2026-09-12T09:06:01.247215+08:00,2026-09-12T09:05:51.247215+08:00,10,10.3499873,123.8240948,2026-09-12T01:05:59Z,2976,5.0,7.1,596.28,1.12,1.54,45.7,55.7,2026-09-12T09:05:58.285138+08:00,2962,96,0,12.04,37.80,20,0,7,0,48,0,18,0,3,0,627,0.1528,9.4558,-1.3952,9.9860,3.0059,10.4286,,,,,,,,,,,,,,,0.57090,-0.41108,-0.42447,0.57001,-72.4,0.9,89.4,0,1908,50531.00,2026-09-12T08:55:19.481215+08:00,641766,59.0,42.0,DISCHARGING,2026-09-12T09:05:47.792215+08:00,13455,UNPAVED,0.50,2026-09-12T09:05:58.300983+08:00,2946,,,,4990.6,5.0,GOOD
4616a89e-6aa7-461f-abf0-d8186b0aab26,2026-09-12T09:06:12.19499+08:00,2026-09-12T09:06:02.19499+08:00,10,10.3500007,123.8240987,2026-09-12T01:06:05Z,7923,5.6,7.2,595.86,,,,,2026-09-12T09:06:04.2845+08:00,7911,0,0,,,0,0,0,0,0,0,0,0,0,0,588,0.1850,9.6163,-0.9901,10.0488,2.9449,10.4715,,,,,,,,,,,,,,,0.57090,-0.41108,-0.42447,0.57001,-72.4,0.9,89.4,0,1908,50531.00,2026-09-12T08:55:19.48099+08:00,652714,59.0,42.0,DISCHARGING,2026-09-12T09:05:47.79199+08:00,24403,UNPAVED,0.50,2026-09-12T09:05:58.300983+08:00,13894,,,,4992.1,5.6,GOOD
4616a89e-6aa7-461f-abf0-d8186b0aab26,2026-09-12T09:06:22.199907+08:00,2026-09-12T09:06:12.199907+08:00,10,10.3499759,123.8242019,2026-09-12T01:06:15Z,7929,21.4,15.6,595.86,8.12,6.47,97.6,19.6,2026-09-12T09:06:21.277762+08:00,922,0,0,,,0,0,0,0,0,0,0,0,0,0,502,-0.0307,9.6025,-0.6944,9.9915,3.0105,10.4351,,,,,,,,,,,,,,,0.57090,-0.41108,-0.42447,0.57001,-72.4,0.9,89.4,0,1908,50531.00,2026-09-12T08:55:19.480907+08:00,662719,59.0,42.0,DISCHARGING,2026-09-12T09:05:47.791907+08:00,34408,CONCRETE,0.50,2026-09-12T09:06:14.296131+08:00,7903,,,,5003.8,21.4,GOOD
4616a89e-6aa7-461f-abf0-d8186b0aab26,2026-09-12T09:06:32.204813+08:00,2026-09-12T09:06:22.204813+08:00,10,10.3500935,123.8241702,2026-09-12T01:06:29Z,3933,7.1,10.0,586.80,3.00,2.01,46.2,24.0,2026-09-12T09:06:28.278112+08:00,3927,0,0,,,0,0,0,0,0,0,0,0,0,0,502,-0.1669,9.6470,-0.1839,9.9661,2.7239,10.3316,,,,,,,,,,,,,,,0.57090,-0.41108,-0.42447,0.57001,-72.4,0.9,89.4,0,1908,50531.00,2026-09-12T08:55:19.480813+08:00,672724,59.0,42.0,DISCHARGING,2026-09-12T09:05:47.791813+08:00,44413,CONCRETE,0.50,2026-09-12T09:06:28.287975+08:00,3916,,,,5025.9,7.1,GOOD
4616a89e-6aa7-461f-abf0-d8186b0aab26,2026-09-12T09:06:42.209905+08:00,2026-09-12T09:06:32.209905+08:00,10,10.3501375,123.8240664,2026-09-12T01:06:40Z,2939,7.6,10.8,571.58,0.43,1.13,345.0,79.5,2026-09-12T09:06:39.282817+08:00,2927,96,0,12.62,37.70,20,0,7,0,48,0,18,0,3,0,502,-0.0137,9.6037,-0.6060,9.9685,3.1307,10.4486,,,,,,,,,,,,,,,0.57090,-0.41108,-0.42447,0.57001,-72.4,0.9,89.4,0,1908,50531.00,2026-09-12T08:55:19.480905+08:00,682729,59.0,42.0,DISCHARGING,2026-09-12T09:05:47.791905+08:00,54418,TRAIL,0.50,2026-09-12T09:06:39.297727+08:00,2912,,,,5038.3,7.6,GOOD
4616a89e-6aa7-461f-abf0-d8186b0aab26,2026-09-12T09:06:52.217671+08:00,2026-09-12T09:06:42.217671+08:00,10,10.3501858,123.8240923,2026-09-12T01:06:45Z,7946,8.2,13.9,569.82,1.92,2.55,34.2,44.2,2026-09-12T09:06:44.290607+08:00,7925,0,0,,,0,0,0,0,0,0,0,0,0,0,502,0.0067,9.6760,-0.5919,9.9688,2.2945,10.2295,,,,,,,,,,,,,,,0.57090,-0.41108,-0.42447,0.57001,-72.4,0.9,89.4,0,1908,50531.00,2026-09-12T08:55:19.482671+08:00,692735,59.0,42.0,DISCHARGING,2026-09-12T09:06:52.219671+08:00,-2,CONCRETE,0.50,2026-09-12T09:06:44.294436+08:00,7923,,,,5044.4,8.2,GOOD
4616a89e-6aa7-461f-abf0-d8186b0aab26,2026-09-12T09:07:02.223218+08:00,2026-09-12T09:06:52.223218+08:00,10,10.3503124,123.8241092,2026-09-12T01:07:01Z,1951,7.3,33.2,578.93,,,,,2026-09-12T09:07:00.284658+08:00,1938,0,0,,,0,0,0,0,0,0,0,0,0,0,502,-0.0806,9.5514,-1.1164,9.8318,1.8286,10.0004,,,,,,,,,,,,,,,0.57090,-0.41108,-0.42447,0.57001,-72.4,0.9,89.4,0,1908,50531.00,2026-09-12T08:55:19.481218+08:00,702742,59.0,42.0,DISCHARGING,2026-09-12T09:06:52.218218+08:00,10005,CONCRETE,0.50,2026-09-12T09:06:44.294436+08:00,17928,,,,5058.5,7.3,GOOD
4616a89e-6aa7-461f-abf0-d8186b0aab26,2026-09-12T09:07:12.229045+08:00,2026-09-12T09:07:02.229045+08:00,10,10.3504560,123.8241420,2026-09-12T01:07:11Z,1958,14.3,124.6,578.93,,,,,2026-09-12T09:07:10.278052+08:00,1951,97,0,11.76,37.80,20,0,8,0,47,0,18,0,4,0,501,-0.1965,9.6629,-0.4306,9.9997,2.4574,10.2972,,,,,,,,,,,,,,,0.57090,-0.41108,-0.42447,0.57001,-72.4,0.9,89.4,0,1908,50531.00,2026-09-12T08:55:19.481045+08:00,712748,59.0,42.0,DISCHARGING,2026-09-12T09:06:52.218045+08:00,20011,CONCRETE,0.50,2026-09-12T09:06:44.294436+08:00,27934,,,,5074.8,14.3,GOOD
4616a89e-6aa7-461f-abf0-d8186b0aab26,2026-09-12T09:07:22.233968+08:00,2026-09-12T09:07:12.233968+08:00,10,10.3503833,123.8240892,2026-09-12T01:07:19Z,3963,5.4,9.6,583.39,0.51,0.89,9.0,66.4,2026-09-12T09:07:18.276529+08:00,3957,53,0,13.46,37.30,12,0,8,0,21,0,9,0,3,0,502,-0.0376,9.6282,-0.6376,10.0193,2.7580,10.3919,,,,,,,,,,,,,,,0.57090,-0.41108,-0.42447,0.57001,-72.4,0.9,89.4,0,1908,50531.00,2026-09-12T08:55:19.480968+08:00,722753,59.0,42.0,DISCHARGING,2026-09-12T09:06:52.217968+08:00,30016,TRAIL,0.50,2026-09-12T09:07:18.292808+08:00,3941,,,,5084.7,5.4,GOOD
4616a89e-6aa7-461f-abf0-d8186b0aab26,2026-09-12T09:07:32.240145+08:00,2026-09-12T09:07:22.240145+08:00,10,10.3504402,123.8241219,2026-09-12T01:07:26Z,6969,6.9,12.1,582.74,1.77,2.26,54.0,40.4,2026-09-12T09:07:25.277695+08:00,6962,0,0,,,0,0,0,0,0,0,0,0,0,0,502,0.2636,9.5396,-1.1361,10.1017,3.2601,10.6148,,,,,,,,,,,,,,,0.57090,-0.41108,-0.42447,0.57001,-72.4,0.9,89.4,0,1908,50531.00,2026-09-12T08:55:19.481145+08:00,732759,59.0,42.0,DISCHARGING,2026-09-12T09:06:52.218145+08:00,40022,CONCRETE,0.50,2026-09-12T09:07:25.283118+08:00,6957,,,,5091.9,6.9,GOOD
4616a89e-6aa7-461f-abf0-d8186b0aab26,2026-09-12T09:07:42.246059+08:00,2026-09-12T09:07:32.246059+08:00,10,10.3505202,123.8242296,2026-09-12T01:07:34Z,8976,9.9,19.6,582.18,0.00,0.07,,,2026-09-12T09:07:41.27594+08:00,970,0,0,,,0,0,0,0,0,0,0,0,0,0,502,0.2443,9.5464,-1.3772,9.8893,2.0147,10.0924,,,,,,,,,,,,,,,0.57090,-0.41108,-0.42447,0.57001,-72.4,0.9,89.4,0,1908,50531.00,2026-09-12T08:55:19.481059+08:00,742765,59.0,42.0,DISCHARGING,2026-09-12T09:06:52.218059+08:00,50028,CONCRETE,0.50,2026-09-12T09:07:25.283118+08:00,16962,,,,5106.7,9.9,GOOD
4616a89e-6aa7-461f-abf0-d8186b0aab26,2026-09-12T09:07:52.252465+08:00,2026-09-12T09:07:42.252465+08:00,10,10.3505412,123.8241272,2026-09-12T01:07:51Z,1981,18.5,27.5,562.94,1.35,5.17,28.6,83.0,2026-09-12T09:07:50.28301+08:00,1968,53,0,11.96,34.50,12,0,8,0,21,0,9,0,3,0,502,0.1932,9.0041,-3.0019,9.9402,2.4459,10.2367,,,,,,,,,,,,,,,0.57090,-0.41108,-0.42447,0.57001,-72.4,0.9,89.4,0,1908,50531.00,2026-09-12T08:55:19.482465+08:00,752770,59.0,42.0,DISCHARGING,2026-09-12T09:07:52.253465+08:00,-1,CONCRETE,0.50,2026-09-12T09:07:25.283118+08:00,26969,,,,5138.4,18.5,GOOD
4616a89e-6aa7-461f-abf0-d8186b0aab26,2026-09-12T09:08:02.258377+08:00,2026-09-12T09:07:52.258377+08:00,10,10.3504715,123.8240349,2026-09-12T01:07:59Z,3988,9.5,12.7,579.98,2.60,1.56,87.5,31.0,2026-09-12T09:07:58.282594+08:00,3975,97,0,9.58,30.10,20,0,8,0,47,0,18,0,4,0,501,-0.4036,9.5925,-1.2534,10.0699,2.5475,10.3871,,,,,,,,,,,,,,,0.57090,-0.41108,-0.42447,0.57001,-72.4,0.9,89.4,0,1908,50531.00,2026-09-12T08:55:19.481377+08:00,762777,59.0,42.0,DISCHARGING,2026-09-12T09:07:52.252377+08:00,10006,CONCRETE,0.50,2026-09-12T09:07:25.283118+08:00,36975,,,,5151.1,9.5,GOOD
4616a89e-6aa7-461f-abf0-d8186b0aab26,2026-09-12T09:08:12.263863+08:00,2026-09-12T09:08:02.263863+08:00,10,10.3505052,123.8240775,2026-09-12T01:08:07Z,5993,7.4,11.2,578.78,1.03,1.19,97.1,50.9,2026-09-12T09:08:06.280331+08:00,5984,97,0,9.32,31.10,20,0,8,0,47,0,18,0,4,0,502,0.3031,9.4385,-1.6649,9.9108,2.2954,10.1731,,,,,,,,,,,,,,,0.57090,-0.41108,-0.42447,0.57001,-72.4,0.9,89.4,0,1908,50531.00,2026-09-12T08:55:19.480863+08:00,772783,59.0,42.0,DISCHARGING,2026-09-12T09:07:52.251863+08:00,20012,UNPAVED,0.50,2026-09-12T09:08:06.295424+08:00,5968,,,,5157.1,7.4,GOOD
4616a89e-6aa7-461f-abf0-d8186b0aab26,2026-09-12T09:08:22.269952+08:00,2026-09-12T09:08:12.269952+08:00,10,10.3505228,123.8240885,2026-09-12T01:08:15Z,7999,8.0,9.1,572.75,0.00,0.07,,,2026-09-12T09:08:21.282284+08:00,988,0,0,,,0,0,0,0,0,0,0,0,0,0,502,-0.1890,9.5419,-1.2651,10.0184,3.2245,10.5245,,,,,,,,,,,,,,,0.57090,-0.41108,-0.42447,0.57001,-72.4,0.9,89.4,0,1908,50531.00,2026-09-12T08:55:19.480952+08:00,782789,59.0,42.0,DISCHARGING,2026-09-12T09:07:52.251952+08:00,30018,UNPAVED,0.50,2026-09-12T09:08:06.295424+08:00,15974,,,,5159.4,8.0,GOOD
4616a89e-6aa7-461f-abf0-d8186b0aab26,2026-09-12T09:08:32.276066+08:00,2026-09-12T09:08:22.276066+08:00,10,10.3507555,123.8239620,2026-09-12T01:08:31Z,2005,8.8,8.4,583.90,6.51,1.22,323.1,9.4,2026-09-12T09:08:30.284231+08:00,1992,97,0,9.03,36.60,20,0,8,0,47,0,18,0,4,0,502,0.0391,9.5406,-1.2810,10.1000,3.4125,10.6609,,,,,,,,,,,,,,,0.57090,-0.41108,-0.42447,0.57001,-72.4,0.9,89.4,0,1908,50531.00,2026-09-12T08:55:19.481066+08:00,792795,59.0,42.0,DISCHARGING,2026-09-12T09:07:52.252066+08:00,40024,CONCRETE,0.50,2026-09-12T09:08:30.300157+08:00,1975,,,,5189.3,8.8,GOOD
4616a89e-6aa7-461f-abf0-d8186b0aab26,2026-09-12T09:08:42.338089+08:00,2026-09-12T09:08:32.338089+08:00,10,10.3507390,123.8239992,2026-09-12T01:08:39Z,4067,9.2,12.0,582.04,1.66,1.28,343.4,35.3,2026-09-12T09:08:38.281695+08:00,4056,97,0,8.06,32.80,20,0,8,0,47,0,18,0,4,0,514,0.0170,9.3562,-1.6881,9.9686,2.7905,10.3518,,,,,,,,,,,,,,,0.57090,-0.41108,-0.42447,0.57001,-72.4,0.9,89.4,0,1908,50531.00,2026-09-12T08:55:19.481089+08:00,802857,59.0,42.0,DISCHARGING,2026-09-12T09:07:52.252089+08:00,50086,CONCRETE,0.50,2026-09-12T09:08:30.300157+08:00,12037,,,,5193.8,9.2,GOOD
4616a89e-6aa7-461f-abf0-d8186b0aab26,2026-09-12T09:08:52.345318+08:00,2026-09-12T09:08:42.345318+08:00,10,10.3508027,123.8239785,2026-09-12T01:08:47Z,6074,9.6,10.6,571.32,1.63,1.21,312.7,35.2,2026-09-12T09:08:52.281598+08:00,62,0,0,,,0,0,0,0,0,0,0,0,0,0,502,0.7711,9.0931,-2.7991,9.8976,1.7976,10.0595,,,,,,,,,,,,,,,0.57090,-0.41108,-0.42447,0.57001,-72.4,0.9,89.4,0,1908,50531.00,2026-09-12T08:55:19.482318+08:00,812863,59.0,43.0,DISCHARGING,2026-09-12T09:08:52.346318+08:00,-1,CONCRETE,0.50,2026-09-12T09:08:30.300157+08:00,22045,,,,5201.2,9.6,GOOD
4616a89e-6aa7-461f-abf0-d8186b0aab26,2026-09-12T09:09:09.926802+08:00,2026-09-12T09:08:59.926802+08:00,10,10.3506986,123.8240156,2026-09-12T01:09:03Z,7656,7.6,9.9,563.33,1.53,1.00,331.0,33.5,2026-09-12T09:09:09.301296+08:00,626,0,0,,,0,0,0,0,0,0,0,0,0,0,851,0.6521,9.1274,-2.6243,9.9421,2.4552,10.2408,,,,,,,,,,,,,,,0.57090,-0.41108,-0.42447,0.57001,-72.4,0.9,89.4,0,1908,50531.00,2026-09-12T08:55:19.480802+08:00,830446,59.0,43.0,DISCHARGING,2026-09-12T09:08:52.344802+08:00,17582,CONCRETE,0.50,2026-09-12T09:08:30.300157+08:00,39626,,,,5221.6,7.6,GOOD
4616a89e-6aa7-461f-abf0-d8186b0aab26,2026-09-12T09:09:19.933641+08:00,2026-09-12T09:09:09.933641+08:00,10,10.3507816,123.8240126,2026-09-12T01:09:19Z,1663,9.8,13.0,546.37,1.71,1.44,25.5,42.1,2026-09-12T09:09:18.283733+08:00,1650,97,0,8.86,33.70,20,0,8,0,47,0,18,0,4,0,526,-0.0154,9.5569,-1.0084,9.8934,1.9520,10.0841,46,-0.2742,0.1776,0.0280,3.7025,2.1785,4.2959,,,,,,,,0.62814,-0.40855,-0.33472,0.57139,-63.7,-2.7,97.1,0,1908,50531.00,2026-09-12T08:55:19.480641+08:00,840453,59.0,43.0,DISCHARGING,2026-09-12T09:08:52.344641+08:00,27589,CONCRETE,0.50,2026-09-12T09:08:30.300157+08:00,49633,,,,5231.1,9.8,GOOD
4616a89e-6aa7-461f-abf0-d8186b0aab26,2026-09-12T09:09:36.271413+08:00,2026-09-12T09:09:26.271413+08:00,10,10.3509547,123.8239636,2026-09-12T01:09:35Z,2000,10.4,11.7,572.02,1.11,1.04,8.9,44.9,2026-09-12T09:09:34.299275+08:00,1972,97,0,10.04,35.40,20,0,8,0,47,0,18,0,4,0,812,0.1928,9.5682,-1.0728,9.9242,2.3441,10.1973,190,-0.0418,-0.1821,0.0512,3.3503,1.6748,3.7456,,,,,,,,0.50794,-0.52492,-0.49571,0.46981,-92.4,0.6,93.8,0,1908,50531.00,2026-09-12T08:55:19.481413+08:00,856790,59.0,43.0,DISCHARGING,2026-09-12T09:08:52.345413+08:00,43926,UNPAVED,0.50,2026-09-12T09:09:34.313429+08:00,1957,,,,5251.1,10.4,GOOD
4616a89e-6aa7-461f-abf0-d8186b0aab26,2026-09-12T09:09:55.243934+08:00,2026-09-12T09:09:45.243934+08:00,10,10.3510806,123.8238866,2026-09-12T01:09:50Z,5974,11.3,49.5,557.43,,,,,2026-09-12T09:09:49.301453+08:00,5934,0,0,,,0,0,0,0,0,0,0,0,0,0,911,1.0823,8.6969,-3.6481,9.8285,1.8881,10.0082,,,,,,,,,,,,,,,0.50794,-0.52492,-0.49571,0.46981,-92.4,0.6,93.8,0,1908,50531.00,2026-09-12T08:55:19.489934+08:00,875754,58.0,43.0,DISCHARGING,2026-09-12T09:09:55.252934+08:00,-9,UNPAVED,0.50,2026-09-12T09:09:34.313429+08:00,20930,,,,5281.7,11.3,GOOD
4616a89e-6aa7-461f-abf0-d8186b0aab26,2026-09-12T09:10:18.292141+08:00,2026-09-12T09:10:08.292141+08:00,10,10.3508881,123.8239023,2026-09-12T01:10:15Z,4022,10.4,11.5,540.36,0.18,1.30,304.1,95.2,2026-09-12T09:10:14.306861+08:00,3985,97,0,9.03,33.20,20,0,8,0,47,0,18,0,4,0,1198,1.3963,8.0901,-4.3615,9.9025,2.0061,10.1036,,,,,,,,,,,,,,,0.50794,-0.52492,-0.49571,0.46981,-92.4,0.6,93.8,0,1908,50531.00,2026-09-12T08:55:19.481141+08:00,898811,58.0,43.0,DISCHARGING,2026-09-12T09:09:55.244141+08:00,23048,TRAIL,0.50,2026-09-12T09:09:59.298317+08:00,18993,,,,5312.2,10.4,GOOD
4616a89e-6aa7-461f-abf0-d8186b0aab26,2026-09-12T09:10:50.244655+08:00,2026-09-12T09:10:40.244655+08:00,10,10.3509325,123.8238906,2026-09-12T01:10:47Z,3975,6.4,9.6,544.11,0.00,1.10,,,2026-09-12T09:10:46.3029+08:00,3942,97,0,9.46,35.80,20,0,8,0,47,0,18,0,4,0,1551,2.3525,6.9698,-5.8314,9.9447,1.8578,10.1167,,,,,,,,,,,,,,,0.50794,-0.52492,-0.49571,0.46981,-92.4,0.6,93.8,0,1908,50531.00,2026-09-12T08:55:19.480655+08:00,930764,58.0,43.0,DISCHARGING,2026-09-12T09:09:55.243655+08:00,55001,TRAIL,0.50,2026-09-12T09:09:59.298317+08:00,50946,,,,5320.0,6.4,GOOD
4616a89e-6aa7-461f-abf0-d8186b0aab26,2026-09-12T09:11:17.903427+08:00,2026-09-12T09:11:07.903427+08:00,10,10.3509699,123.8238628,2026-09-12T01:11:12Z,6633,10.0,11.6,545.83,0.26,1.12,299.1,89.4,2026-09-12T09:11:17.276573+08:00,625,0,0,,,0,0,0,0,0,0,0,0,0,0,1428,2.0077,6.1110,-6.8697,9.7922,1.2390,9.8703,,,,,,,,,,,,,,,0.50794,-0.52492,-0.49571,0.46981,-92.4,0.6,93.8,0,1908,50531.00,2026-09-12T08:55:19.482427+08:00,958421,58.0,43.0,DISCHARGING,2026-09-12T09:11:17.904427+08:00,-1,TRAIL,0.50,2026-09-12T09:09:59.298317+08:00,78605,,,,5326.4,10.0,GOOD
4616a89e-6aa7-461f-abf0-d8186b0aab26,2026-09-12T09:11:47.246237+08:00,2026-09-12T09:11:37.246237+08:00,10,10.3509685,123.8238130,2026-09-12T01:11:44Z,3976,6.7,8.3,541.21,0.00,1.17,,,2026-09-12T09:11:43.28681+08:00,3959,95,0,8.85,37.50,18,0,8,0,47,0,18,0,4,0,1426,1.4764,6.1219,-6.8949,9.8286,1.3174,9.9164,,,,,,,,,,,,,,,0.50794,-0.52492,-0.49571,0.46981,-92.4,0.6,93.8,0,1908,50531.00,2026-09-12T08:55:19.481237+08:00,987765,58.0,43.0,DISCHARGING,2026-09-12T09:11:17.903237+08:00,29343,TRAIL,0.50,2026-09-12T09:09:59.298317+08:00,107947,,,,5332.6,6.7,GOOD
4616a89e-6aa7-461f-abf0-d8186b0aab26,2026-09-12T09:12:11.447151+08:00,2026-09-12T09:12:01.447151+08:00,10,10.3510374,123.8238244,2026-09-12T01:12:07Z,5177,7.1,9.3,535.01,0.48,1.12,333.6,74.4,2026-09-12T09:12:06.281782+08:00,5165,95,0,8.96,32.60,18,0,8,0,47,0,18,0,4,0,1251,0.6383,6.7792,-5.8735,9.8880,1.8988,10.0687,,,,,,,,,,,,,,,0.50794,-0.52492,-0.49571,0.46981,-92.4,0.6,93.8,0,1908,50531.00,2026-09-12T08:55:19.481151+08:00,1011966,58.0,43.0,DISCHARGING,2026-09-12T09:11:17.903151+08:00,53544,TRAIL,0.50,2026-09-12T09:09:59.298317+08:00,132148,,,,5342.9,7.1,GOOD
4616a89e-6aa7-461f-abf0-d8186b0aab26,2026-09-12T09:12:29.260624+08:00,2026-09-12T09:12:19.260624+08:00,10,10.3511202,123.8237734,2026-09-12T01:12:23Z,6991,6.2,7.5,544.68,0.38,1.17,341.2,82.8,2026-09-12T09:12:28.305116+08:00,954,0,0,,,0,0,0,0,0,0,0,0,0,0,887,1.2879,7.4063,-5.2132,9.7999,1.3824,9.8969,,,,,,,,,,,,,,,0.50794,-0.52492,-0.49571,0.46981,-92.4,0.6,93.8,0,1908,50531.00,2026-09-12T08:55:19.482624+08:00,1029778,58.0,42.0,DISCHARGING,2026-09-12T09:12:29.262624+08:00,-2,TRAIL,0.50,2026-09-12T09:09:59.298317+08:00,149962,,,,5354.6,6.2,GOOD
4616a89e-6aa7-461f-abf0-d8186b0aab26,2026-09-12T09:12:58.859527+08:00,2026-09-12T09:12:48.859527+08:00,10,10.3510287,123.8238490,2026-09-12T01:12:55Z,4590,6.9,8.9,531.58,0.36,1.03,14.7,80.9,2026-09-12T09:12:54.295673+08:00,4563,95,0,9.65,34.50,18,0,8,0,47,0,18,0,4,0,1464,2.0413,7.6709,-4.7637,9.8718,1.5067,9.9861,,,,,,,,,,,,,,,0.50794,-0.52492,-0.49571,0.46981,-92.4,0.6,93.8,0,1908,50531.00,2026-09-12T08:55:19.481527+08:00,1059378,58.0,42.0,DISCHARGING,2026-09-12T09:12:29.261527+08:00,29598,TRAIL,0.50,2026-09-12T09:09:59.298317+08:00,179561,,,,5373.1,6.9,GOOD
4616a89e-6aa7-461f-abf0-d8186b0aab26,2026-09-12T09:13:17.397024+08:00,2026-09-12T09:13:07.397024+08:00,10,10.3510986,123.8237904,2026-09-12T01:13:11Z,7127,5.3,7.4,530.55,0.00,0.07,,,2026-09-12T09:13:17.277229+08:00,120,0,0,,,0,0,0,0,0,0,0,0,0,0,950,0.5527,9.0267,-2.9171,9.9628,2.0942,10.1805,,,,,,,,,,,,,,,0.50794,-0.52492,-0.49571,0.46981,-92.4,0.6,93.8,0,1908,50531.00,2026-09-12T08:55:19.481024+08:00,1077916,58.0,42.0,DISCHARGING,2026-09-12T09:12:29.261024+08:00,48136,TRAIL,0.50,2026-09-12T09:09:59.298317+08:00,198098,,,,5383.3,5.3,GOOD
4616a89e-6aa7-461f-abf0-d8186b0aab26,2026-09-12T09:13:29.194732+08:00,2026-09-12T09:13:19.194732+08:00,10,10.3511176,123.8237744,2026-09-12T01:13:27Z,2924,7.3,8.2,528.45,0.25,0.99,65.6,87.9,2026-09-12T09:13:26.28057+08:00,2914,95,0,9.57,35.90,18,0,8,0,47,0,18,0,4,0,588,0.6062,9.4097,-1.5175,10.0237,2.4377,10.3159,,,,,,,,,,,,,,,0.50794,-0.52492,-0.49571,0.46981,-92.4,0.6,93.8,0,1908,50531.00,2026-09-12T08:55:19.480732+08:00,1089714,58.0,42.0,DISCHARGING,2026-09-12T09:12:29.260732+08:00,59934,TRAIL,0.50,2026-09-12T09:09:59.298317+08:00,209896,,,,5387.1,7.3,GOOD
4616a89e-6aa7-461f-abf0-d8186b0aab26,2026-09-12T09:13:58.253949+08:00,2026-09-12T09:13:48.253949+08:00,10,10.3511382,123.8237305,2026-09-12T01:13:51Z,7984,8.9,9.6,526.92,0.00,0.08,,,2026-09-12T09:13:57.284225+08:00,969,0,0,,,0,0,0,0,0,0,0,0,0,0,1414,1.1963,9.3828,-1.4144,9.8336,1.6175,9.9657,,,,,,,,,,,,,,,0.50794,-0.52492,-0.49571,0.46981,-92.4,0.6,93.8,0,1908,50531.00,2026-09-12T08:55:19.481949+08:00,1118772,58.0,42.0,DISCHARGING,2026-09-12T09:13:58.254949+08:00,-1,TRAIL,0.50,2026-09-12T09:09:59.298317+08:00,238955,,,,5398.4,8.9,GOOD
4616a89e-6aa7-461f-abf0-d8186b0aab26,2026-09-12T09:14:24.965714+08:00,2026-09-12T09:14:14.965714+08:00,10,10.3511173,123.8237039,2026-09-12T01:14:23Z,2696,8.4,10.7,529.12,0.00,0.07,,,2026-09-12T09:14:22.28963+08:00,2676,95,0,11.41,38.10,18,0,8,0,47,0,18,0,4,0,1372,1.6730,9.4227,-0.6260,9.7297,0.3252,9.7352,,,,,,,,,,,,,,,0.50794,-0.52492,-0.49571,0.46981,-92.4,0.6,93.8,0,1908,50531.00,2026-09-12T08:55:19.480714+08:00,1145485,58.0,42.0,DISCHARGING,2026-09-12T09:13:58.253714+08:00,26712,TRAIL,0.50,2026-09-12T09:09:59.298317+08:00,265667,,,,5410.8,8.4,GOOD
4616a89e-6aa7-461f-abf0-d8186b0aab26,2026-09-12T09:14:58.191926+08:00,2026-09-12T09:14:48.191926+08:00,10,10.3512074,123.8237271,2026-09-12T01:14:55Z,3922,5.5,7.5,527.60,0.25,1.02,17.2,88.4,2026-09-12T09:14:54.280689+08:00,3911,95,0,11.80,36.90,18,0,8,0,47,0,18,0,4,0,1669,0.8982,9.2538,-1.9266,9.8689,1.5811,9.9948,,,,,,,,,,,,,,,0.50794,-0.52492,-0.49571,0.46981,-92.4,0.6,93.8,0,1908,50531.00,2026-09-12T08:55:19.480926+08:00,1178711,58.0,42.0,DISCHARGING,2026-09-12T09:13:58.253926+08:00,59938,TRAIL,0.50,2026-09-12T09:09:59.298317+08:00,298893,,,,5426.2,5.5,GOOD
4616a89e-6aa7-461f-abf0-d8186b0aab26,2026-09-12T09:15:28.247909+08:00,2026-09-12T09:15:18.247909+08:00,10,10.3513281,123.8237451,2026-09-12T01:15:27Z,1977,20.3,17.7,518.30,0.00,1.36,,,2026-09-12T09:15:26.291716+08:00,1954,94,0,6.25,29.30,18,0,7,0,47,0,18,0,4,0,1455,-0.6280,4.0694,-4.5343,9.9362,1.9442,10.1246,,,,,,,,,,,,,,,0.50794,-0.52492,-0.49571,0.46981,-92.4,0.6,93.8,0,1908,50531.00,2026-09-12T08:55:19.482909+08:00,1208765,57.0,41.0,DISCHARGING,2026-09-12T09:15:28.249909+08:00,-2,TRAIL,0.50,2026-09-12T09:09:59.298317+08:00,328949,,,,5443.0,20.3,GOOD
4616a89e-6aa7-461f-abf0-d8186b0aab26,2026-09-12T09:15:52.46583+08:00,2026-09-12T09:15:42.46583+08:00,10,10.3513233,123.8238046,2026-09-12T01:15:51Z,2196,7.3,9.0,524.91,0.47,1.10,70.1,76.4,2026-09-12T09:15:50.301659+08:00,2164,96,0,10.49,30.90,18,0,7,0,49,0,18,0,4,0,1251,-0.1015,8.9915,-0.3388,10.0018,2.5122,10.3125,,,,,,,,,,,,,,,0.50794,-0.52492,-0.49571,0.46981,-92.4,0.6,93.8,0,1908,286.00,2026-09-12T09:15:50.78583+08:00,1680,57.0,41.0,DISCHARGING,2026-09-12T09:15:28.24783+08:00,24218,TRAIL,0.50,2026-09-12T09:09:59.298317+08:00,353167,,,,5450.5,7.3,GOOD
4616a89e-6aa7-461f-abf0-d8186b0aab26,2026-09-12T09:16:02.485846+08:00,2026-09-12T09:15:52.485846+08:00,10,10.3513404,123.8238517,2026-09-12T01:15:59Z,4216,7.2,8.8,524.82,0.26,1.05,63.2,88.4,2026-09-12T09:15:58.277954+08:00,4208,96,0,8.97,33.20,18,0,7,0,49,0,18,0,4,0,507,-0.1651,8.3310,2.5749,9.8950,1.3789,9.9906,148,0.0491,-0.0888,0.0816,1.8222,1.4746,2.3441,149,0.0872,0.4454,-0.0155,1.1269,1.3486,1.7574,0.30730,0.68116,0.62120,0.23601,134.5,-3.5,96.7,0,1908,161.00,2026-09-12T09:16:02.369846+08:00,116,57.0,41.0,DISCHARGING,2026-09-12T09:15:28.247846+08:00,34238,TRAIL,0.50,2026-09-12T09:09:59.298317+08:00,363187,,,,5456.0,7.2,GOOD
4616a89e-6aa7-461f-abf0-d8186b0aab26,2026-09-12T09:16:12.492667+08:00,2026-09-12T09:16:02.492667+08:00,10,10.3513268,123.8238638,2026-09-12T01:16:07Z,6223,9.9,12.4,524.73,0.00,1.11,,,2026-09-12T09:16:12.279297+08:00,214,0,0,,,0,0,0,0,0,0,0,0,0,0,501,0.1817,9.6714,-0.4098,9.8050,1.3090,9.8920,283,-0.0103,0.0080,-0.0373,0.9934,1.1378,1.5104,201,-0.0200,-0.0642,-0.0145,0.3185,0.2321,0.3941,0.28652,0.61815,0.62192,0.38602,122.8,6.9,85.9,0,1908,83.00,2026-09-12T09:16:08.968667+08:00,3524,57.0,41.0,DISCHARGING,2026-09-12T09:15:28.247667+08:00,44245,TRAIL,0.50,2026-09-12T09:09:59.298317+08:00,373194,,,,5458.0,9.9,GOOD
4616a89e-6aa7-461f-abf0-d8186b0aab26,2026-09-12T09:16:22.497987+08:00,2026-09-12T09:16:12.497987+08:00,10,10.3512774,123.8238800,2026-09-12T01:16:21Z,2229,7.3,10.2,518.05,0.00,0.07,,,2026-09-12T09:16:20.283319+08:00,2215,0,0,,,0,0,0,0,0,0,0,0,0,0,502,-0.7230,9.6017,0.4707,9.7745,0.4131,9.7832,435,-0.0317,-0.0180,-0.0273,1.0368,1.0075,1.4457,201,-0.0066,-0.0061,0.0031,0.2669,0.2153,0.3429,0.26650,0.60706,0.65065,0.37028,125.9,5.9,83.0,0,1908,52.00,2026-09-12T09:16:18.168987+08:00,4329,57.0,41.0,DISCHARGING,2026-09-12T09:15:28.247987+08:00,54250,TRAIL,0.50,2026-09-12T09:09:59.298317+08:00,383199,,,,5465.1,7.3,GOOD
4616a89e-6aa7-461f-abf0-d8186b0aab26,2026-09-12T09:16:32.505328+08:00,2026-09-12T09:16:22.505328+08:00,10,10.3513490,123.8238819,2026-09-12T01:16:33Z,236,8.9,13.3,521.98,0.92,1.49,17.7,66.4,2026-09-12T09:16:32.276626+08:00,227,96,0,8.61,30.00,18,0,7,0,49,0,18,0,4,0,502,-0.1240,9.6256,0.5496,9.8288,2.0378,10.0378,201,0.0071,0.0187,-0.0269,1.8632,1.4974,2.3904,201,0.0180,-0.0301,0.0141,0.3926,0.2736,0.4785,0.47410,0.53625,0.54716,0.43392,100.0,-3.1,91.4,9,1917,73.00,2026-09-12T09:16:27.970328+08:00,4535,57.0,41.0,DISCHARGING,2026-09-12T09:16:32.506328+08:00,-1,UNPAVED,0.92,2026-09-12T09:16:32.30892+08:00,196,,,,5473.1,8.9,GOOD
4616a89e-6aa7-461f-abf0-d8186b0aab26,2026-09-12T09:16:42.51374+08:00,2026-09-12T09:16:32.51374+08:00,10,10.3513732,123.8238964,2026-09-12T01:16:39Z,4244,13.5,14.5,523.67,0.59,1.34,106.9,75.8,2026-09-12T09:16:38.279782+08:00,4234,96,0,7.09,27.00,18,0,7,0,49,0,18,0,4,0,506,0.1752,9.6813,0.0633,9.8882,1.9878,10.0860,201,-0.0248,-0.0037,-0.0475,2.2556,1.1391,2.5269,201,0.0022,0.0222,-0.0044,0.4401,0.2265,0.4950,0.37745,0.63560,0.58269,0.33766,119.1,-0.6,95.3,19,1936,71.00,2026-09-12T09:16:42.36874+08:00,145,57.0,41.0,DISCHARGING,2026-09-12T09:16:32.50474+08:00,10009,TRAIL,0.79,2026-09-12T09:16:33.074234+08:00,9439,,,,5476.2,13.5,GOOD
4616a89e-6aa7-461f-abf0-d8186b0aab26,2026-09-12T09:16:52.520574+08:00,2026-09-12T09:16:42.520574+08:00,10,10.3513353,123.8239454,2026-09-12T01:16:47Z,6251,10.2,13.4,518.07,0.00,0.07,,,2026-09-12T09:16:52.282074+08:00,238,0,0,,,0,0,0,0,0,0,0,0,0,0,502,-0.1039,9.6799,-0.0686,9.8211,1.5918,9.9493,201,-0.0298,0.0428,-0.0469,1.0448,1.7050,1.9996,201,-0.0132,0.0003,0.0005,0.2152,0.2670,0.3429,0.30246,0.62013,0.64276,0.33290,126.6,1.4,87.3,9,1945,79.00,2026-09-12T09:16:46.769574+08:00,5751,57.0,41.0,DISCHARGING,2026-09-12T09:16:32.505574+08:00,20015,TRAIL,0.79,2026-09-12T09:16:33.074234+08:00,19446,,,,5483.0,10.2,GOOD
4616a89e-6aa7-461f-abf0-d8186b0aab26,2026-09-12T09:17:02.526369+08:00,2026-09-12T09:16:52.526369+08:00,10,10.3513335,123.8239780,2026-09-12T01:17:03Z,258,7.2,11.2,514.32,0.00,0.08,,,2026-09-12T09:17:02.278087+08:00,248,96,0,8.50,30.50,18,0,7,0,49,0,18,0,4,0,502,-0.3688,9.6690,0.4366,9.6865,0.0326,9.6865,201,-0.0071,-0.0008,-0.0036,0.0504,0.0282,0.0577,201,-0.0007,0.0037,-0.0011,0.0191,0.0099,0.0216,0.25617,0.64074,0.65781,0.30184,133.4,2.9,87.3,0,1945,79.00,2026-09-12T09:16:46.769369+08:00,15757,57.0,41.0,DISCHARGING,2026-09-12T09:16:32.505369+08:00,30021,TRAIL,0.79,2026-09-12T09:16:33.074234+08:00,29452,,,,5493.6,7.2,GOOD
4616a89e-6aa7-461f-abf0-d8186b0aab26,2026-09-12T09:17:19.772726+08:00,2026-09-12T09:17:09.772726+08:00,10,10.3513658,123.8239960,2026-09-12T01:17:19Z,1504,5.3,9.4,517.55,0.00,0.08,,,2026-09-12T09:17:18.281429+08:00,1492,96,0,8.14,30.20,18,0,7,0,49,0,18,0,4,0,860,-0.5154,9.6528,0.6223,9.6873,0.0330,9.6873,344,-0.0077,-0.0001,-0.0026,0.0448,0.0248,0.0512,329,-0.0030,0.0023,0.0018,0.0170,0.0092,0.0194,0.21441,0.64205,0.68682,0.26473,140.2,2.6,85.2,0,1945,79.00,2026-09-12T09:16:46.768726+08:00,33004,57.0,41.0,DISCHARGING,2026-09-12T09:16:32.504726+08:00,47268,TRAIL,0.79,2026-09-12T09:16:33.074234+08:00,46698,,,,5498.8,5.3,GOOD
4616a89e-6aa7-461f-abf0-d8186b0aab26,2026-09-12T09:17:41.248547+08:00,2026-09-12T09:17:31.248547+08:00,10,10.3513730,123.8240010,2026-09-12T01:17:35Z,6980,7.8,11.3,517.87,0.29,1.42,74.3,92.0,2026-09-12T09:17:40.299049+08:00,948,0,0,,,0,0,0,0,0,0,0,0,0,0,1028,-0.5024,9.2898,-0.6377,9.8586,1.4298,9.9618,409,-0.0666,-0.0191,-0.0748,1.3270,1.4780,1.9863,393,0.0369,-0.0732,0.0282,0.4024,0.4483,0.6024,0.88078,0.19377,-0.15330,0.40396,13.9,25.3,133.9,0,1945,52.00,2026-09-12T09:17:40.255547+08:00,993,57.0,41.0,DISCHARGING,2026-09-12T09:17:41.249547+08:00,-1,TRAIL,0.79,2026-09-12T09:16:33.074234+08:00,68174,,,,5499.8,7.8,GOOD
4616a89e-6aa7-461f-abf0-d8186b0aab26,2026-09-12T09:18:08.92027+08:00,2026-09-12T09:17:58.92027+08:00,10,10.3513900,123.8239849,2026-09-12T01:18:07Z,2653,8.7,10.9,517.60,0.80,1.27,140.1,63.4,2026-09-12T09:18:06.282756+08:00,2637,96,0,8.11,33.90,18,0,7,0,49,0,18,0,4,0,1396,-0.7467,4.7433,-8.0935,9.8223,1.3830,9.9192,555,0.0740,0.0300,0.0224,1.6731,1.1147,2.0104,524,0.0006,-0.0271,0.0759,0.7084,0.4211,0.8240,0.69840,-0.70663,-0.10854,0.03358,-91.3,6.0,168.4,0,1945,76.00,2026-09-12T09:18:08.25527+08:00,665,57.0,41.0,DISCHARGING,2026-09-12T09:17:41.24827+08:00,27672,UNPAVED,0.50,2026-09-12T09:17:59.30744+08:00,9612,,,,5537.7,8.7,GOOD
4616a89e-6aa7-461f-abf0-d8186b0aab26,2026-09-12T09:18:25.244312+08:00,2026-09-12T09:18:15.244312+08:00,10,10.3513490,123.8240297,2026-09-12T01:18:23Z,2979,6.8,11.4,520.94,0.00,0.01,,,2026-09-12T09:18:22.305819+08:00,2938,96,0,9.29,35.80,18,0,7,0,49,0,18,0,4,0,799,0.3454,6.2535,-6.6276,9.8600,1.8650,10.0349,318,0.0613,-0.1351,-0.0529,1.8875,1.4800,2.3985,312,-0.0175,-0.1881,0.1083,0.8613,0.5003,0.9961,0.65923,0.70575,0.04741,0.25511,90.0,17.3,155.0,0,1945,50.00,2026-09-12T09:18:24.248312+08:00,996,57.0,41.0,DISCHARGING,2026-09-12T09:17:41.248312+08:00,43996,UNPAVED,0.50,2026-09-12T09:17:59.30744+08:00,25936,,,,5549.1,6.8,GOOD
4616a89e-6aa7-461f-abf0-d8186b0aab26,2026-09-12T09:18:37.3539+08:00,2026-09-12T09:18:27.3539+08:00,10,10.3513720,123.8240915,2026-09-12T01:18:31Z,7086,8.5,12.7,511.01,0.48,2.21,44.8,92.3,2026-09-12T09:18:37.274819+08:00,79,0,0,,,0,0,0,0,0,0,0,0,0,0,656,-0.4046,7.3432,-5.1579,9.8326,1.4181,9.9344,262,-0.0853,-0.0124,-0.0328,1.7239,1.1629,2.0795,259,-0.0694,0.0338,0.0049,0.6604,0.3733,0.7586,0.43329,0.66911,0.49722,0.34252,113.0,1.6,105.7,0,1945,34.00,2026-09-12T09:18:34.9689+08:00,2385,57.0,41.0,DISCHARGING,2026-09-12T09:17:41.2479+08:00,56106,TRAIL,0.50,2026-09-12T09:18:30.295228+08:00,7058,,,,5556.4,8.5,GOOD
4616a89e-6aa7-461f-abf0-d8186b0aab26,2026-09-12T09:18:53.207174+08:00,2026-09-12T09:18:43.207174+08:00,10,10.3514021,123.8240980,2026-09-12T01:18:47Z,6939,8.2,12.2,514.58,0.30,1.04,41.4,85.3,2026-09-12T09:18:52.279682+08:00,926,0,0,,,0,0,0,0,0,0,0,0,0,0,794,0.2374,8.1580,-4.4204,10.0790,2.6898,10.4317,318,-0.0946,-0.0658,-0.0770,2.6948,1.8926,3.2930,311,-0.0215,-0.0080,0.0154,0.7968,0.4022,0.8926,0.42457,0.64325,0.57954,0.26476,120.3,-8.7,101.0,18,1963,42.00,2026-09-12T09:18:50.570174+08:00,2637,57.0,41.0,DISCHARGING,2026-09-12T09:18:53.208174+08:00,-1,TRAIL,0.50,2026-09-12T09:18:30.295228+08:00,22911,,,,5561.3,8.2,GOOD
4616a89e-6aa7-461f-abf0-d8186b0aab26,2026-09-12T09:19:12.240538+08:00,2026-09-12T09:19:02.240538+08:00,10,10.3513642,123.8241619,2026-09-12T01:19:11Z,1972,10.6,12.8,518.77,0.46,1.15,167.8,77.9,2026-09-12T09:19:10.286857+08:00,1953,96,0,7.22,32.40,18,0,7,0,49,0,18,0,4,0,954,0.1026,9.1290,-2.5499,9.9978,2.0387,10.2035,379,-0.0789,-0.0494,-0.0518,2.4597,1.6774,2.9772,369,0.0068,-0.0519,0.0046,0.6874,0.4389,0.8155,0.69845,0.48509,0.32740,0.41191,71.6,-3.3,116.6,14,1977,43.00,2026-09-12T09:19:11.254538+08:00,986,57.0,41.0,DISCHARGING,2026-09-12T09:18:53.207538+08:00,19033,TRAIL,0.50,2026-09-12T09:18:30.295228+08:00,41945,,,,5580.5,10.6,GOOD
4616a89e-6aa7-461f-abf0-d8186b0aab26,2026-09-12T09:19:42.299566+08:00,2026-09-12T09:19:32.299566+08:00,10,10.3513715,123.8242199,2026-09-12T01:19:33Z,10030,7.8,8.2,513.14,0.00,0.07,,,2026-09-12T09:19:41.2746+08:00,1024,0,0,,,0,0,0,0,0,0,0,0,0,0,1498,0.3184,8.5470,-3.8149,10.0034,2.4294,10.2942,595,-0.0722,-0.0762,-0.1270,2.5161,1.9021,3.1542,566,0.0116,0.0061,-0.0174,0.7906,0.4572,0.9132,0.76451,0.48638,0.21049,0.36695,64.0,2.0,130.0,31,2008,48.00,2026-09-12T09:19:41.268566+08:00,1031,57.0,41.0,DISCHARGING,2026-09-12T09:18:53.207566+08:00,49092,TRAIL,0.50,2026-09-12T09:18:30.295228+08:00,72004,,,,5598.5,7.8,GOOD
4616a89e-6aa7-461f-abf0-d8186b0aab26,2026-09-12T09:19:56.895385+08:00,2026-09-12T09:19:46.895385+08:00,10,10.3513717,123.8243292,2026-09-12T01:19:51Z,6627,7.0,9.8,507.79,0.17,1.00,168.5,93.5,2026-09-12T09:19:56.277255+08:00,617,0,0,,,0,0,0,0,0,0,0,0,0,0,730,0.9212,8.9938,-2.8936,9.8924,1.6087,10.0223,292,-0.0522,-0.0529,-0.1462,2.0068,1.3631,2.4259,286,-0.0018,0.1122,-0.0305,0.6774,0.3715,0.7726,0.26366,0.82780,0.48557,0.09724,147.8,-5.5,120.8,18,2026,103.00,2026-09-12T09:19:56.261385+08:00,634,56.0,41.0,DISCHARGING,2026-09-12T09:19:56.896385+08:00,-1,TRAIL,0.50,2026-09-12T09:18:30.295228+08:00,86600,,,,5611.6,7.0,GOOD
4616a89e-6aa7-461f-abf0-d8186b0aab26,2026-09-12T09:20:10.023367+08:00,2026-09-12T09:20:00.023367+08:00,10,10.3512705,123.8243140,2026-09-12T01:20:07Z,3754,9.6,13.6,501.46,0.22,1.05,174.7,91.0,2026-09-12T09:20:06.28058+08:00,3742,95,0,8.57,36.00,18,0,6,0,49,0,18,0,4,0,659,0.9339,8.7733,-3.4188,9.9981,3.0341,10.4483,263,-0.0793,-0.0519,-0.0598,2.6788,2.4200,3.6100,259,-0.0365,0.0179,0.0187,0.7498,0.4513,0.8751,-0.18585,-0.79225,-0.58116,0.00747,162.9,-13.2,109.5,7,2033,98.00,2026-09-12T09:20:08.769367+08:00,1254,56.0,41.0,DISCHARGING,2026-09-12T09:19:56.895367+08:00,13128,TRAIL,0.50,2026-09-12T09:18:30.295228+08:00,99728,,,,5623.0,9.6,GOOD
4616a89e-6aa7-461f-abf0-d8186b0aab26,2026-09-12T09:20:27.18358+08:00,2026-09-12T09:20:17.18358+08:00,10,10.3513536,123.8244026,2026-09-12T01:20:23Z,4915,10.2,12.0,506.10,0.44,1.21,176.6,80.7,2026-09-12T09:20:22.305252+08:00,4878,95,0,8.87,36.90,18,0,6,0,49,0,18,0,4,0,860,0.1914,9.2266,-2.3055,10.1671,2.8016,10.5460,343,-0.1069,-0.0331,-0.0508,3.1086,2.0470,3.7220,334,-0.0143,-0.0636,0.0222,0.7381,0.3742,0.8275,0.50739,0.52854,0.51280,0.44748,94.9,-2.7,94.2,27,2060,31.00,2026-09-12T09:20:24.25058+08:00,2933,56.0,41.0,DISCHARGING,2026-09-12T09:19:56.89558+08:00,30288,TRAIL,0.50,2026-09-12T09:18:30.295228+08:00,116888,,,,5638.7,10.2,GOOD
4616a89e-6aa7-461f-abf0-d8186b0aab26,2026-09-12T09:20:39.419235+08:00,2026-09-12T09:20:29.419235+08:00,10,10.3513571,123.8244604,2026-09-12T01:20:40Z,151,10.3,10.7,501.43,0.00,0.47,,,2026-09-12T09:20:39.281439+08:00,138,95,0,7.53,32.00,18,0,6,0,49,0,18,0,4,0,600,0.7597,9.2055,-2.3665,10.0371,2.2331,10.2825,164,-0.0490,-0.0613,-0.0553,2.7082,1.7725,3.2366,163,0.0255,0.0142,-0.0215,0.6694,0.4393,0.8006,0.49673,0.57234,0.50992,0.40702,100.1,-2.3,98.6,13,2073,51.00,2026-09-12T09:20:35.169235+08:00,4250,56.0,41.0,DISCHARGING,2026-09-12T09:19:56.895235+08:00,42524,TRAIL,0.50,2026-09-12T09:18:30.295228+08:00,129124,,,,5647.1,10.3,GOOD
4616a89e-6aa7-461f-abf0-d8186b0aab26,2026-09-12T09:20:49.437206+08:00,2026-09-12T09:20:39.437206+08:00,10,10.3513629,123.8244954,2026-09-12T01:20:48Z,2168,8.9,8.3,506.41,0.00,0.63,,,2026-09-12T09:20:47.276447+08:00,2161,95,0,10.01,34.40,18,0,6,0,49,0,18,0,4,0,502,0.9155,9.3343,-2.0480,10.0980,2.3375,10.3650,,,,,,,,,,,,,,,0.49673,0.57234,0.50992,0.40702,100.1,-2.3,98.6,0,2073,51.00,2026-09-12T09:20:35.169206+08:00,14268,56.0,41.0,DISCHARGING,2026-09-12T09:19:56.895206+08:00,52542,TRAIL,0.50,2026-09-12T09:18:30.295228+08:00,139141,,,,5651.0,8.9,GOOD
4616a89e-6aa7-461f-abf0-d8186b0aab26,2026-09-12T09:21:02.927495+08:00,2026-09-12T09:20:52.927495+08:00,10,10.3514055,123.8245025,2026-09-12T01:21:03Z,658,9.5,9.5,510.58,0.00,0.13,,,2026-09-12T09:21:02.281367+08:00,645,95,0,10.66,35.50,18,0,6,0,49,0,18,0,4,0,676,0.3412,9.6196,-0.6495,9.9575,2.3413,10.2291,,,,,,,,,,,,,,,0.49673,0.57234,0.50992,0.40702,100.1,-2.3,98.6,0,2073,51.00,2026-09-12T09:20:35.170495+08:00,27757,56.0,41.0,DISCHARGING,2026-09-12T09:21:02.928495+08:00,-1,TRAIL,0.50,2026-09-12T09:18:30.295228+08:00,152632,,,,5657.0,9.5,GOOD
4616a89e-6aa7-461f-abf0-d8186b0aab26,2026-09-12T09:21:25.24078+08:00,2026-09-12T09:21:15.24078+08:00,10,10.3514254,123.8245038,2026-09-12T01:21:19Z,6972,8.7,9.1,507.18,0.00,0.14,,,2026-09-12T09:21:24.277722+08:00,962,0,0,,,0,0,0,0,0,0,0,0,0,0,1121,0.2612,9.6461,-0.4670,10.0109,2.4823,10.3141,,,,,,,,,,,,,,,0.49673,0.57234,0.50992,0.40702,100.1,-2.3,98.6,0,2073,51.00,2026-09-12T09:20:35.16978+08:00,50071,56.0,41.0,DISCHARGING,2026-09-12T09:21:02.92778+08:00,22313,TRAIL,0.50,2026-09-12T09:18:30.295228+08:00,174945,,,,5659.2,8.7,GOOD
4616a89e-6aa7-461f-abf0-d8186b0aab26,2026-09-12T09:21:46.317683+08:00,2026-09-12T09:21:36.317683+08:00,10,10.3515262,123.8244969,2026-09-12T01:21:43Z,4052,8.0,8.4,507.16,0.00,0.51,,,2026-09-12T09:21:42.283529+08:00,4034,95,0,15.11,37.30,18,0,6,0,49,0,18,0,4,0,1061,0.2021,8.9385,0.9004,9.9792,2.1890,10.2165,74,-0.0632,-0.0474,-0.0635,0.7699,0.4874,0.9112,75,0.0470,0.0118,-0.0582,0.4421,0.2992,0.5338,0.41219,-0.18141,-0.52164,0.72463,-66.7,9.6,52.9,4,2077,3437.00,2026-09-12T09:21:44.134683+08:00,2183,56.0,41.0,DISCHARGING,2026-09-12T09:21:02.926683+08:00,43391,TRAIL,0.50,2026-09-12T09:18:30.295228+08:00,196022,,,,5670.4,8.0,GOOD
4616a89e-6aa7-461f-abf0-d8186b0aab26,2026-09-12T09:21:56.33504+08:00,2026-09-12T09:21:46.33504+08:00,10,10.3515368,123.8244978,2026-09-12T01:21:51Z,6067,8.5,8.8,506.74,0.00,0.09,,,2026-09-12T09:21:56.281453+08:00,54,0,0,,,0,0,0,0,0,0,0,0,0,0,502,-0.9692,6.3889,7.2489,9.7461,0.2380,9.7490,201,-0.0081,-0.0034,-0.0078,0.3312,0.2487,0.4142,201,-0.0341,0.0047,0.0189,0.1899,0.2070,0.2809,0.27368,-0.11337,-0.46809,0.83255,-57.5,3.9,34.3,0,2077,4539.00,2026-09-12T09:21:55.64604+08:00,689,56.0,41.0,DISCHARGING,2026-09-12T09:21:02.92704+08:00,53408,TRAIL,0.50,2026-09-12T09:18:30.295228+08:00,206039,,,,5671.6,8.5,GOOD
4616a89e-6aa7-461f-abf0-d8186b0aab26,2026-09-12T09:22:06.34366+08:00,2026-09-12T09:21:56.34366+08:00,10,10.3515526,123.8244934,2026-09-12T01:22:07Z,75,7.8,8.1,504.46,0.00,0.09,,,2026-09-12T09:22:06.281197+08:00,61,95,0,13.71,34.00,18,0,6,0,49,0,18,0,4,0,502,-0.6612,6.0964,7.5549,9.7465,0.2383,9.7494,201,-0.0125,0.0123,-0.0155,0.2130,0.2110,0.2998,201,0.0141,-0.0036,-0.0000,0.1095,0.1539,0.1889,0.32585,-0.16141,-0.46194,0.80894,-58.6,2.3,42.6,0,2077,4048.00,2026-09-12T09:22:04.18566+08:00,2158,56.0,40.0,DISCHARGING,2026-09-12T09:22:06.34566+08:00,-2,TRAIL,0.50,2026-09-12T09:18:30.295228+08:00,216048,,,,5673.5,7.8,GOOD
4616a89e-6aa7-461f-abf0-d8186b0aab26,2026-09-12T09:22:16.350424+08:00,2026-09-12T09:22:06.350424+08:00,10,10.3515669,123.8244935,2026-09-12T01:22:15Z,2082,7.2,7.7,503.73,0.00,0.09,,,2026-09-12T09:22:14.277405+08:00,2073,94,0,14.24,36.20,18,0,6,0,49,0,18,0,2,0,502,-0.8896,6.0155,7.5876,9.7544,0.2947,9.7588,201,-0.0092,0.0059,0.0106,0.3636,0.3115,0.4788,201,-0.0081,0.0022,-0.0013,0.1713,0.1828,0.2505,0.30086,-0.12710,-0.46896,0.82061,-58.0,4.2,37.9,0,2077,4482.00,2026-09-12T09:22:10.765424+08:00,5585,56.0,40.0,DISCHARGING,2026-09-12T09:22:06.344424+08:00,10006,TRAIL,0.50,2026-09-12T09:18:30.295228+08:00,226055,,,,5675.1,7.2,GOOD
4616a89e-6aa7-461f-abf0-d8186b0aab26,2026-09-12T09:22:26.35722+08:00,2026-09-12T09:22:16.35722+08:00,10,10.3515764,123.8244930,2026-09-12T01:22:23Z,4089,7.1,7.7,503.70,0.00,0.09,,,2026-09-12T09:22:22.2852+08:00,4072,94,0,14.76,35.90,18,0,6,0,49,0,18,0,2,0,502,-0.9711,6.0965,7.5346,9.7546,0.3239,9.7600,201,-0.0087,0.0080,-0.0042,0.2831,0.2965,0.4099,201,0.0028,0.0025,0.0010,0.0984,0.1144,0.1508,0.32158,-0.12151,-0.46008,0.81862,-56.7,5.6,39.9,0,2077,4025.00,2026-09-12T09:22:23.78622+08:00,2571,56.0,40.0,DISCHARGING,2026-09-12T09:22:06.34422+08:00,20013,TRAIL,0.50,2026-09-12T09:18:30.295228+08:00,236061,,,,5676.2,7.1,GOOD
4616a89e-6aa7-461f-abf0-d8186b0aab26,2026-09-12T09:22:36.363275+08:00,2026-09-12T09:22:26.363275+08:00,10,10.3515848,123.8244911,2026-09-12T01:22:31Z,6095,7.1,7.6,502.88,0.00,0.09,,,2026-09-12T09:22:36.276047+08:00,87,0,0,,,0,0,0,0,0,0,0,0,0,0,502,-0.7938,6.1912,7.4845,9.7506,0.2288,9.7533,201,0.0000,0.0019,-0.0050,0.1617,0.2147,0.2688,201,0.0012,0.0002,0.0015,0.0583,0.0512,0.0776,0.32700,-0.12813,-0.44958,0.82130,-55.6,4.8,40.9,0,2077,4025.00,2026-09-12T09:22:23.786275+08:00,12577,56.0,40.0,DISCHARGING,2026-09-12T09:22:06.344275+08:00,30019,TRAIL,0.50,2026-09-12T09:18:30.295228+08:00,246068,,,,5677.1,7.1,GOOD
4616a89e-6aa7-461f-abf0-d8186b0aab26,2026-09-12T09:22:46.373719+08:00,2026-09-12T09:22:36.373719+08:00,10,10.3515959,123.8244914,2026-09-12T01:22:47Z,105,8.2,8.8,501.88,0.00,0.27,,,2026-09-12T09:22:46.290721+08:00,83,94,0,14.11,35.10,18,0,6,0,49,0,18,0,2,0,503,-1.6221,6.6236,6.6975,9.7855,0.5845,9.8029,201,-0.0063,-0.0244,0.0045,0.5882,0.8117,1.0024,201,0.0708,-0.0570,-0.0151,0.3732,0.5642,0.6765,0.40657,-0.39358,-0.65460,0.50129,-99.7,7.9,68.7,0,2077,44.00,2026-09-12T09:22:46.176719+08:00,197,56.0,40.0,DISCHARGING,2026-09-12T09:22:06.343719+08:00,40030,TRAIL,0.50,2026-09-12T09:18:30.295228+08:00,256078,,,,5678.4,8.2,GOOD
4616a89e-6aa7-461f-abf0-d8186b0aab26,2026-09-12T09:22:56.378467+08:00,2026-09-12T09:22:46.378467+08:00,10,10.3515968,123.8244960,2026-09-12T01:22:55Z,2110,7.6,8.8,501.13,0.00,0.09,,,2026-09-12T09:22:54.27632+08:00,2102,94,0,12.85,37.00,18,0,6,0,49,0,18,0,2,0,500,0.4831,7.6864,2.2836,10.0449,2.2305,10.2896,201,-0.1078,-0.1652,0.2090,2.1619,1.8134,2.8218,200,0.0458,-0.2451,-0.0664,1.4705,1.8146,2.3357,-0.09721,-0.79656,-0.59660,0.01050,171.7,-7.6,106.9,0,2077,138.00,2026-09-12T09:22:54.750467+08:00,1628,56.0,40.0,DISCHARGING,2026-09-12T09:22:06.344467+08:00,50034,TRAIL,0.50,2026-09-12T09:18:30.295228+08:00,266083,,,,5678.9,7.6,GOOD
4616a89e-6aa7-461f-abf0-d8186b0aab26,2026-09-12T09:23:06.385602+08:00,2026-09-12T09:22:56.385602+08:00,10,10.3515990,123.8245001,2026-09-12T01:23:03Z,4117,7.4,8.3,500.52,0.00,0.35,,,2026-09-12T09:23:02.279605+08:00,4104,94,0,11.10,37.90,18,0,6,0,49,0,18,0,2,0,503,0.4024,9.3117,-2.2804,10.2167,2.8293,10.6013,200,-0.0251,-0.0021,-0.1013,3.1477,1.9363,3.6956,201,-0.0181,-0.0377,-0.0013,0.7419,0.4395,0.8623,0.32396,0.70389,0.58069,0.24978,131.7,-1.4,101.6,16,2093,238.00,2026-09-12T09:23:06.351602+08:00,34,55.0,41.0,DISCHARGING,2026-09-12T09:23:06.386602+08:00,-1,TRAIL,0.50,2026-09-12T09:18:30.295228+08:00,276090,,,,5679.4,7.4,GOOD
4616a89e-6aa7-461f-abf0-d8186b0aab26,2026-09-12T09:23:23.952168+08:00,2026-09-12T09:23:13.952168+08:00,10,10.3516810,123.8245670,2026-09-12T01:23:20Z,4685,5.0,7.1,493.54,0.62,1.00,73.2,63.9,2026-09-12T09:23:19.279276+08:00,4673,94,0,13.10,38.30,18,0,6,0,49,0,18,0,2,0,878,0.7962,9.0903,-2.5942,10.0989,2.6977,10.4530,351,-0.0422,-0.0489,-0.1188,2.9318,1.8682,3.4765,337,-0.0038,0.0054,0.0088,0.7870,0.3882,0.8775,0.38730,0.67072,0.59952,0.20176,129.1,-11.2,101.7,28,2121,253.00,2026-09-12T09:23:23.750168+08:00,202,55.0,41.0,DISCHARGING,2026-09-12T09:23:06.385168+08:00,17567,TRAIL,0.50,2026-09-12T09:18:30.295228+08:00,293656,,,,5691.2,5.0,GOOD
4616a89e-6aa7-461f-abf0-d8186b0aab26,2026-09-12T09:23:46.245913+08:00,2026-09-12T09:23:36.245913+08:00,10,10.3518639,123.8246994,2026-09-12T01:23:43Z,3980,4.8,6.4,495.78,0.91,0.96,0.2,49.2,2026-09-12T09:23:42.2794+08:00,3967,94,0,14.35,40.10,18,0,6,0,49,0,18,0,2,0,1084,0.3863,9.5249,-1.3382,10.1541,2.7013,10.5073,433,-0.0397,-0.0060,-0.0852,3.0674,1.8915,3.6037,411,-0.0054,0.0844,-0.0252,0.7790,0.3724,0.8634,0.29839,-0.66435,-0.62731,0.27584,-132.0,0.5,93.5,31,2152,310.00,2026-09-12T09:23:45.150913+08:00,1095,55.0,41.0,DISCHARGING,2026-09-12T09:23:06.384913+08:00,39861,TRAIL,0.50,2026-09-12T09:18:30.295228+08:00,315950,,,,5718.1,4.8,GOOD
4616a89e-6aa7-461f-abf0-d8186b0aab26,2026-09-12T09:24:09.293323+08:00,2026-09-12T09:23:59.293323+08:00,10,10.3519007,123.8246989,2026-09-12T01:24:07Z,3027,3.8,5.0,495.21,0.00,0.08,,,2026-09-12T09:24:06.280953+08:00,2986,94,0,11.52,36.40,18,0,6,0,49,0,18,0,2,0,1187,-0.6602,9.4569,-1.3590,9.8268,1.3964,9.9255,471,-0.0867,-0.0381,-0.0630,1.3187,1.4745,1.9782,443,0.0229,-0.1169,0.0201,0.4877,0.4366,0.6546,0.44013,0.60556,0.54310,0.38029,108.9,-1.0,96.9,9,2161,588.00,2026-09-12T09:24:09.281323+08:00,12,55.0,41.0,DISCHARGING,2026-09-12T09:24:09.319323+08:00,-26,TRAIL,0.50,2026-09-12T09:18:30.295228+08:00,338998,,,,5726.4,3.8,GOOD
4616a89e-6aa7-461f-abf0-d8186b0aab26,2026-09-12T09:24:30.719697+08:00,2026-09-12T09:24:20.719697+08:00,10,10.3519070,123.8246828,2026-09-12T01:24:31Z,452,3.8,4.4,496.84,0.00,0.08,,,2026-09-12T09:24:30.29108+08:00,429,95,0,13.36,41.30,18,0,7,0,49,0,18,0,2,0,1074,1.3062,9.5334,-0.7299,9.7401,0.4754,9.7517,431,-0.0111,0.0016,-0.0041,0.4953,0.7734,0.9184,397,-0.0097,-0.0727,0.0061,0.2102,0.3580,0.4151,0.71084,0.11091,0.15382,0.67730,21.5,-3.9,92.0,0,2161,438.00,2026-09-12T09:24:18.349697+08:00,12370,55.0,41.0,DISCHARGING,2026-09-12T09:24:09.292697+08:00,21427,TRAIL,0.50,2026-09-12T09:18:30.295228+08:00,360424,,,,5729.7,3.8,GOOD
4616a89e-6aa7-461f-abf0-d8186b0aab26,2026-09-12T09:24:46.482903+08:00,2026-09-12T09:24:36.482903+08:00,10,10.3519735,123.8247393,2026-09-12T01:24:47Z,215,5.3,7.3,498.17,1.02,0.96,30.4,45.1,2026-09-12T09:24:46.281915+08:00,201,93,0,14.43,36.50,18,0,7,0,47,0,18,0,2,0,789,0.5348,9.2692,-2.2907,9.8733,1.9436,10.0627,314,0.0090,-0.0745,-0.1075,2.3613,1.2088,2.6527,303,0.0122,0.1215,-0.0562,0.6062,0.4615,0.7619,0.22797,0.76724,0.58148,0.14579,148.7,-2.4,106.3,17,2178,420.00,2026-09-12T09:24:45.549903+08:00,933,55.0,41.0,DISCHARGING,2026-09-12T09:24:09.292903+08:00,37190,TRAIL,1.00,2026-09-12T09:24:41.255956+08:00,5226,,,,5739.3,5.3,GOOD
4616a89e-6aa7-461f-abf0-d8186b0aab26,2026-09-12T09:25:07.339813+08:00,2026-09-12T09:24:57.339813+08:00,10,10.3520812,123.8247944,2026-09-12T01:25:03Z,5075,4.5,6.7,502.26,0.80,1.08,31.1,56.2,2026-09-12T09:25:02.279972+08:00,5060,93,0,12.75,35.00,18,0,7,0,47,0,18,0,2,0,1043,0.2048,9.3232,-2.2977,9.9443,1.9756,10.1387,415,-0.0645,-0.0297,-0.0648,2.4177,1.2159,2.7063,395,0.0089,-0.0280,0.0091,0.5588,0.3019,0.6351,0.41555,0.73503,0.44463,0.29891,118.5,4.0,115.3,33,2211,511.00,2026-09-12T09:25:07.250813+08:00,89,55.0,41.0,DISCHARGING,2026-09-12T09:24:09.292813+08:00,58047,TRAIL,1.00,2026-09-12T09:24:41.255956+08:00,26083,,,,5752.7,4.5,GOOD
4616a89e-6aa7-461f-abf0-d8186b0aab26,2026-09-12T09:25:26.649329+08:00,2026-09-12T09:25:16.649329+08:00,10,10.3521889,123.8248554,2026-09-12T01:25:27Z,382,4.8,7.2,490.71,0.60,1.29,0.8,72.6,2026-09-12T09:25:26.275115+08:00,373,92,0,13.48,37.00,18,0,6,0,47,0,18,0,2,0,965,0.0950,9.4608,-1.5454,9.9545,1.9338,10.1406,382,-0.0232,0.0026,0.0042,2.4221,1.2564,2.7285,367,-0.0178,0.0214,-0.0081,0.7323,0.3882,0.8288,0.16532,0.70965,0.67092,0.13758,155.2,-1.5,93.5,35,2246,632.00,2026-09-12T09:25:25.551329+08:00,1098,55.0,40.0,DISCHARGING,2026-09-12T09:25:26.650329+08:00,-1,TRAIL,1.00,2026-09-12T09:24:41.255956+08:00,45393,,,,5767.6,4.8,GOOD
4616a89e-6aa7-461f-abf0-d8186b0aab26,2026-09-12T09:25:54.244122+08:00,2026-09-12T09:25:44.244122+08:00,10,10.3523007,123.8249412,2026-09-12T01:25:51Z,3977,4.3,6.9,490.93,0.00,0.01,,,2026-09-12T09:25:50.281191+08:00,3963,92,0,14.88,37.50,18,0,6,0,47,0,18,0,2,0,1333,0.2270,9.5234,-1.1062,9.9652,2.0346,10.1708,530,-0.0293,-0.0097,-0.0333,2.4507,1.4381,2.8415,503,-0.0077,0.0345,-0.0006,0.6550,0.3127,0.7258,0.00882,-0.71479,-0.69781,0.04534,-175.6,-3.0,91.3,41,2287,559.00,2026-09-12T09:25:52.252122+08:00,1992,55.0,40.0,DISCHARGING,2026-09-12T09:25:26.649122+08:00,27595,TRAIL,1.00,2026-09-12T09:24:41.255956+08:00,72988,,,,5784.0,4.3,GOOD
4616a89e-6aa7-461f-abf0-d8186b0aab26,2026-09-12T09:26:22.251154+08:00,2026-09-12T09:26:12.251154+08:00,10,10.3523634,123.8249135,2026-09-12T01:26:15Z,7984,3.9,6.3,491.32,0.00,0.08,,,2026-09-12T09:26:21.310267+08:00,941,0,0,,,0,0,0,0,0,0,0,0,0,0,1405,0.4595,9.4936,-1.1496,9.9408,2.0901,10.1581,559,-0.1189,-0.0201,-0.0762,2.2701,1.6365,2.7985,527,0.0032,0.0445,0.0014,0.5350,0.3807,0.6566,0.35044,-0.69954,-0.50717,0.36140,-119.9,-8.6,103.1,31,2318,792.00,2026-09-12T09:26:21.259154+08:00,992,55.0,40.0,DISCHARGING,2026-09-12T09:25:26.649154+08:00,55602,TRAIL,1.00,2026-09-12T09:24:41.255956+08:00,100995,,,,5798.2,3.9,GOOD
4616a89e-6aa7-461f-abf0-d8186b0aab26,2026-09-12T09:26:45.340172+08:00,2026-09-12T09:26:35.340172+08:00,10,10.3523927,123.8249021,2026-09-12T01:26:39Z,7073,3.9,6.3,491.35,0.00,0.02,,,2026-09-12T09:26:45.273896+08:00,65,0,0,,,0,0,0,0,0,0,0,0,0,0,1195,0.7603,9.1968,-2.2706,10.1273,2.2847,10.3818,475,-0.1422,-0.0363,-0.0456,2.8320,1.9573,3.4426,447,0.0243,-0.0323,0.0135,0.7573,0.5147,0.9157,0.30857,-0.78562,-0.51050,0.16424,-139.2,3.3,115.2,25,2343,483.00,2026-09-12T09:26:44.228172+08:00,1112,55.0,40.0,DISCHARGING,2026-09-12T09:26:45.341172+08:00,-1,TRAIL,1.00,2026-09-12T09:24:41.255956+08:00,124084,,,,5810.8,3.9,GOOD
4616a89e-6aa7-461f-abf0-d8186b0aab26,2026-09-12T09:27:02.35472+08:00,2026-09-12T09:26:52.35472+08:00,10,10.3525466,123.8248678,2026-09-12T01:27:03Z,87,3.8,5.0,486.97,0.63,0.98,3.3,62.3,2026-09-12T09:27:02.281421+08:00,74,93,0,14.50,37.80,18,0,7,0,47,0,18,0,2,0,849,0.9682,9.3967,-1.6350,10.2242,3.3915,10.7720,271,-0.1293,-0.0268,-0.2445,3.8785,2.0581,4.3908,262,-0.0208,-0.0219,0.0305,0.8895,0.4576,1.0003,-0.08821,-0.78081,-0.59686,0.16221,-176.6,-21.0,104.6,28,2371,989.00,2026-09-12T09:26:58.75072+08:00,3604,55.0,40.0,DISCHARGING,2026-09-12T09:26:45.33972+08:00,17015,TRAIL,1.00,2026-09-12T09:24:41.255956+08:00,141098,,,,5828.8,3.8,GOOD
4616a89e-6aa7-461f-abf0-d8186b0aab26,2026-09-12T09:27:16.204236+08:00,2026-09-12T09:27:06.204236+08:00,10,10.3525820,123.8248924,2026-09-12T01:27:11Z,5936,4.4,6.6,484.35,0.62,0.99,17.4,63.7,2026-09-12T09:27:10.275946+08:00,5928,93,0,14.68,38.60,18,0,7,0,47,0,18,0,2,0,688,0.5578,9.6076,-0.8435,10.0847,3.0516,10.5363,,,,,,,,,,,,,,,-0.08821,-0.78081,-0.59686,0.16221,-176.6,-21.0,104.6,0,2371,989.00,2026-09-12T09:26:58.751236+08:00,17453,55.0,40.0,DISCHARGING,2026-09-12T09:26:45.340236+08:00,30864,TRAIL,1.00,2026-09-12T09:24:41.255956+08:00,154948,,,,5833.5,4.4,GOOD
4616a89e-6aa7-461f-abf0-d8186b0aab26,2026-09-12T09:27:42.770097+08:00,2026-09-12T09:27:32.770097+08:00,10,10.3526889,123.8249463,2026-09-12T01:27:43Z,502,3.8,4.5,481.83,0.00,0.02,,,2026-09-12T09:27:42.275807+08:00,494,93,0,15.47,39.20,18,0,7,0,47,0,18,0,2,0,1327,0.5946,9.5970,-0.8371,10.0211,2.4667,10.3202,,,,,,,,,,,,,,,-0.08821,-0.78081,-0.59686,0.16221,-176.6,-21.0,104.6,0,2371,989.00,2026-09-12T09:26:58.751097+08:00,44019,55.0,40.0,DISCHARGING,2026-09-12T09:26:45.340097+08:00,57430,TRAIL,1.00,2026-09-12T09:24:41.255956+08:00,181514,,,,5850.2,3.8,GOOD
4616a89e-6aa7-461f-abf0-d8186b0aab26,2026-09-12T09:28:11.246658+08:00,2026-09-12T09:28:01.246658+08:00,10,10.3528221,123.8249111,2026-09-12T01:28:07Z,4979,3.8,5.1,478.42,0.35,0.96,342.8,80.4,2026-09-12T09:28:06.299788+08:00,4945,93,0,16.07,37.70,18,0,7,0,47,0,18,0,2,0,1399,0.6274,9.6150,-0.7268,9.9988,2.3496,10.2711,,,,,,,,,,,,,,,-0.08821,-0.78081,-0.59686,0.16221,-176.6,-21.0,104.6,0,2371,989.00,2026-09-12T09:26:58.752658+08:00,72494,54.0,41.0,DISCHARGING,2026-09-12T09:28:11.248658+08:00,-2,TRAIL,1.00,2026-09-12T09:24:41.255956+08:00,209990,,,,5865.6,3.8,GOOD
4616a89e-6aa7-461f-abf0-d8186b0aab26,2026-09-12T09:28:30.914957+08:00,2026-09-12T09:28:20.914957+08:00,10,10.3528435,123.8248760,2026-09-12T01:28:31Z,647,5.1,7.7,470.70,0.00,0.02,,,2026-09-12T09:28:30.303709+08:00,611,93,0,15.96,38.40,18,0,7,0,47,0,18,0,2,0,1008,0.6631,9.5342,-0.8552,9.9633,2.2641,10.2173,,,,,,,,,,,,,,,-0.08821,-0.78081,-0.59686,0.16221,-176.6,-21.0,104.6,0,2371,989.00,2026-09-12T09:26:58.750957+08:00,92164,54.0,41.0,DISCHARGING,2026-09-12T09:28:11.246957+08:00,19668,TRAIL,1.00,2026-09-12T09:24:41.255956+08:00,229659,,,,5877.7,5.1,GOOD
4616a89e-6aa7-461f-abf0-d8186b0aab26,2026-09-12T09:28:46.691237+08:00,2026-09-12T09:28:36.691237+08:00,10,10.3529530,123.8248384,2026-09-12T01:28:47Z,423,3.8,5.8,477.32,0.68,0.96,349.3,59.4,2026-09-12T09:28:46.291831+08:00,399,93,0,16.81,39.90,18,0,7,0,47,0,18,0,2,0,791,0.5597,9.6523,-0.8090,9.9611,2.2595,10.2141,,,,,,,,,,,,,,,-0.08821,-0.78081,-0.59686,0.16221,-176.6,-21.0,104.6,0,2371,989.00,2026-09-12T09:26:58.751237+08:00,107940,54.0,41.0,DISCHARGING,2026-09-12T09:28:11.247237+08:00,35444,TRAIL,1.00,2026-09-12T09:24:41.255956+08:00,245435,,,,5890.5,3.8,GOOD
4616a89e-6aa7-461f-abf0-d8186b0aab26,2026-09-12T09:29:06.248482+08:00,2026-09-12T09:28:56.248482+08:00,10,10.3530830,123.8248372,2026-09-12T01:29:03Z,3981,4.2,6.4,472.29,0.64,0.96,352.1,61.7,2026-09-12T09:29:02.280641+08:00,3965,93,0,16.42,38.80,18,0,7,0,47,0,18,0,2,0,985,0.5295,9.5890,-0.9522,9.9755,2.4071,10.2618,97,-0.4728,-0.2525,-0.1759,2.9629,1.6594,3.3960,,,,,,,,0.59138,-0.40953,-0.37859,0.58243,-67.8,-1.7,92.0,0,2371,989.00,2026-09-12T09:26:58.753482+08:00,127495,54.0,41.0,DISCHARGING,2026-09-12T09:28:11.249482+08:00,54999,TRAIL,1.00,2026-09-12T09:24:41.255956+08:00,264992,,,,5905.4,4.2,GOOD
4616a89e-6aa7-461f-abf0-d8186b0aab26,2026-09-12T09:29:25.065442+08:00,2026-09-12T09:29:15.065442+08:00,10,10.3531432,123.8248279,2026-09-12T01:29:19Z,6797,4.1,6.5,468.04,0.34,0.96,346.0,81.3,2026-09-12T09:29:24.285744+08:00,778,0,0,,,0,0,0,0,0,0,0,0,0,0,940,0.6247,9.5473,-1.0335,10.0030,2.3378,10.2726,113,0.7596,-0.1825,0.1046,3.2804,1.7656,3.7253,,,,,,,,0.59994,-0.42336,-0.35821,0.57665,-67.3,-3.4,94.5,0,2371,989.00,2026-09-12T09:26:58.752442+08:00,146313,54.0,41.0,DISCHARGING,2026-09-12T09:29:25.066442+08:00,-1,TRAIL,1.00,2026-09-12T09:24:41.255956+08:00,283809,,,,5912.1,4.1,GOOD
4616a89e-6aa7-461f-abf0-d8186b0aab26,2026-09-12T09:29:50.635828+08:00,2026-09-12T09:29:40.635828+08:00,10,10.3532069,123.8248477,2026-09-12T01:29:51Z,369,4.1,6.7,464.24,0.00,0.02,,,2026-09-12T09:29:50.314+08:00,322,93,0,13.86,36.10,18,0,7,0,47,0,18,0,2,0,1276,0.6362,9.5660,-0.9259,9.9915,2.2909,10.2508,,,,,,,,,,,,,,,0.59994,-0.42336,-0.35821,0.57665,-67.3,-3.4,94.5,0,2371,989.00,2026-09-12T09:26:58.750828+08:00,171885,54.0,41.0,DISCHARGING,2026-09-12T09:29:25.064828+08:00,25571,TRAIL,1.00,2026-09-12T09:24:41.255956+08:00,309379,,,,5922.3,4.1,GOOD
4616a89e-6aa7-461f-abf0-d8186b0aab26,2026-09-12T09:30:07.651159+08:00,2026-09-12T09:29:57.651159+08:00,10,10.3531659,123.8248299,2026-09-12T01:30:07Z,1384,3.8,4.8,465.02,0.00,0.08,,,2026-09-12T09:30:06.300309+08:00,1351,95,0,13.89,35.30,18,0,7,0,47,0,18,0,4,0,849,1.1085,7.2059,-5.6584,9.7803,0.6613,9.8026,,,,,,,,,,,,,,,0.59994,-0.42336,-0.35821,0.57665,-67.3,-3.4,94.5,0,2371,989.00,2026-09-12T09:26:58.751159+08:00,188900,54.0,41.0,DISCHARGING,2026-09-12T09:29:25.065159+08:00,42586,TRAIL,1.00,2026-09-12T09:24:41.255956+08:00,326395,,,,5927.4,3.8,GOOD
4616a89e-6aa7-461f-abf0-d8186b0aab26,2026-09-12T09:30:31.244917+08:00,2026-09-12T09:30:21.244917+08:00,10,10.3531825,123.8248439,2026-09-12T01:30:31Z,977,4.5,6.5,465.20,0.00,0.98,,,2026-09-12T09:30:30.306657+08:00,936,96,0,14.18,38.20,18,0,8,0,47,0,18,0,4,0,1138,-0.0112,8.3867,-2.0218,9.7126,0.3904,9.7205,,,,,,,,,,,,,,,0.59994,-0.42336,-0.35821,0.57665,-67.3,-3.4,94.5,0,2371,989.00,2026-09-12T09:26:58.752917+08:00,212492,54.0,42.0,DISCHARGING,2026-09-12T09:30:31.246917+08:00,-2,TRAIL,1.00,2026-09-12T09:24:41.255956+08:00,349988,,,,5931.2,4.5,GOOD
4616a89e-6aa7-461f-abf0-d8186b0aab26,2026-09-12T09:31:04.242953+08:00,2026-09-12T09:30:54.242953+08:00,10,10.3531687,123.8248162,2026-09-12T01:31:03Z,1976,6.1,8.9,460.72,0.00,0.97,,,2026-09-12T09:31:02.288882+08:00,1954,97,0,13.13,39.30,18,0,9,0,47,0,18,0,4,0,1649,0.8260,8.4474,-1.8839,9.7412,0.4010,9.7494,,,,,,,,,,,,,,,0.59994,-0.42336,-0.35821,0.57665,-67.3,-3.4,94.5,0,2371,989.00,2026-09-12T09:26:58.750953+08:00,245492,54.0,42.0,DISCHARGING,2026-09-12T09:30:31.244953+08:00,32998,TRAIL,1.00,2026-09-12T09:24:41.255956+08:00,382986,,,,5935.1,6.1,GOOD
4616a89e-6aa7-461f-abf0-d8186b0aab26,2026-09-12T09:31:41.556114+08:00,2026-09-12T09:31:31.556114+08:00,10,10.3532059,123.8248327,2026-09-12T01:31:35Z,7289,6.3,10.4,460.99,0.00,0.02,,,2026-09-12T09:31:41.302763+08:00,252,0,0,,,0,0,0,0,0,0,0,0,0,0,1902,0.6852,9.2460,-1.5081,9.7595,0.8543,9.7968,,,,,,,,,,,,,,,0.59994,-0.42336,-0.35821,0.57665,-67.3,-3.4,94.5,0,2371,989.00,2026-09-12T09:26:58.752114+08:00,282804,54.0,42.0,DISCHARGING,2026-09-12T09:31:41.557114+08:00,-1,TRAIL,1.00,2026-09-12T09:24:41.255956+08:00,420300,,,,5953.7,6.3,GOOD
4616a89e-6aa7-461f-abf0-d8186b0aab26,2026-09-12T09:31:51.567864+08:00,2026-09-12T09:31:41.567864+08:00,10,10.3532191,123.8248190,2026-09-12T01:31:51Z,1301,4.1,5.5,463.28,0.00,0.02,,,2026-09-12T09:31:50.28036+08:00,1288,96,0,16.40,37.90,18,0,9,0,47,0,18,0,3,0,512,-0.9737,6.9865,6.2984,9.8068,0.6672,9.8294,170,-0.0116,0.0096,-0.0192,0.5303,0.5244,0.7458,172,0.0251,-0.0011,-0.0326,0.2599,0.2749,0.3783,0.39655,-0.17366,-0.54174,0.72049,-69.0,10.3,50.5,0,2371,8641.00,2026-09-12T09:31:51.344864+08:00,223,54.0,42.0,DISCHARGING,2026-09-12T09:31:41.555864+08:00,10012,TRAIL,1.00,2026-09-12T09:24:41.255956+08:00,430311,,,,5957.1,4.1,GOOD
4616a89e-6aa7-461f-abf0-d8186b0aab26,2026-09-12T09:32:01.574175+08:00,2026-09-12T09:31:51.574175+08:00,10,10.3531972,123.8248148,2026-09-12T01:31:59Z,3308,4.7,7.6,458.68,0.00,0.08,,,2026-09-12T09:31:58.276245+08:00,3298,97,0,16.12,35.60,18,0,9,0,47,0,18,0,4,0,502,-1.1709,7.3276,6.2399,9.7451,0.4076,9.7536,201,-0.0533,0.0125,-0.0131,0.4770,0.5360,0.7175,201,-0.0146,0.0010,0.0102,0.2065,0.2132,0.2968,0.34654,-0.14332,-0.50857,0.77507,-63.5,7.5,43.5,0,2371,10495.00,2026-09-12T09:32:00.586175+08:00,988,54.0,42.0,DISCHARGING,2026-09-12T09:31:41.556175+08:00,20018,TRAIL,1.00,2026-09-12T09:24:41.255956+08:00,440318,,,,5959.6,4.7,GOOD
4616a89e-6aa7-461f-abf0-d8186b0aab26,2026-09-12T09:32:11.580935+08:00,2026-09-12T09:32:01.580935+08:00,10,10.3531957,123.8248231,2026-09-12T01:32:07Z,5315,3.8,5.4,461.86,0.00,0.08,,,2026-09-12T09:32:06.275473+08:00,5306,97,0,15.38,35.00,18,0,9,0,47,0,18,0,4,0,502,-1.2144,6.4479,7.1806,9.7383,0.2038,9.7404,201,0.0071,0.0011,-0.0109,0.2078,0.1870,0.2796,200,0.0010,0.0184,0.0105,0.1459,0.2724,0.3090,0.37729,-0.09918,-0.43511,0.81148,-52.4,9.6,45.1,0,2371,23783.00,2026-09-12T09:32:10.344935+08:00,1236,54.0,42.0,DISCHARGING,2026-09-12T09:31:41.555935+08:00,30025,TRAIL,1.00,2026-09-12T09:24:41.255956+08:00,450324,,,,5960.5,3.8,GOOD
4616a89e-6aa7-461f-abf0-d8186b0aab26,2026-09-12T09:32:21.58658+08:00,2026-09-12T09:32:11.58658+08:00,10,10.3532087,123.8248388,2026-09-12T01:32:15Z,7320,4.4,6.8,464.63,0.00,0.08,,,2026-09-12T09:32:21.272661+08:00,313,0,0,,,0,0,0,0,0,0,0,0,0,0,503,-1.0298,6.8737,6.7420,9.7316,0.2486,9.7348,201,-0.0309,0.0102,-0.0349,0.2733,0.2269,0.3552,201,0.0072,-0.0197,0.0011,0.1562,0.2614,0.3045,0.38133,-0.18350,-0.46064,0.78021,-59.4,3.7,50.0,0,2371,6800.00,2026-09-12T09:32:21.55558+08:00,31,54.0,42.0,DISCHARGING,2026-09-12T09:31:41.55658+08:00,40030,TRAIL,1.00,2026-09-12T09:24:41.255956+08:00,460330,,,,5962.8,4.4,GOOD
4616a89e-6aa7-461f-abf0-d8186b0aab26,2026-09-12T09:32:31.593385+08:00,2026-09-12T09:32:21.593385+08:00,10,10.3531923,123.8248232,2026-09-12T01:32:31Z,1327,3.8,3.8,463.87,0.00,0.08,,,2026-09-12T09:32:30.274706+08:00,1318,97,0,15.45,35.90,18,0,9,0,47,0,18,0,4,0,501,-1.2828,7.1995,6.3711,9.7499,0.2926,9.7543,200,-0.0179,-0.0040,0.0060,0.3529,0.3712,0.5122,201,-0.0009,0.0095,0.0035,0.1888,0.2473,0.3111,0.38119,-0.14422,-0.43655,0.80207,-54.5,5.8,47.8,0,2371,26820.00,2026-09-12T09:32:30.245385+08:00,1348,54.0,42.0,DISCHARGING,2026-09-12T09:31:41.556385+08:00,50037,TRAIL,1.00,2026-09-12T09:24:41.255956+08:00,470337,,,,5965.3,3.8,GOOD
4616a89e-6aa7-461f-abf0-d8186b0aab26,2026-09-12T09:32:41.616883+08:00,2026-09-12T09:32:31.616883+08:00,10,10.3531945,123.8248254,2026-09-12T01:32:39Z,3350,4.2,6.1,465.05,0.00,0.08,,,2026-09-12T09:32:38.279027+08:00,3336,97,0,16.51,38.10,18,0,9,0,47,0,18,0,4,0,505,-0.5156,7.6421,4.8841,9.8255,1.3982,9.9245,202,0.0205,-0.0810,0.0773,1.1713,1.4446,1.8598,201,-0.0691,-0.3194,-0.2160,0.8860,1.3863,1.6452,0.45767,0.52323,0.50213,0.51443,93.0,4.5,88.1,0,2371,9507.00,2026-09-12T09:32:40.723883+08:00,893,53.0,42.0,DISCHARGING,2026-09-12T09:32:41.618883+08:00,-2,TRAIL,1.00,2026-09-12T09:24:41.255956+08:00,480360,,,,5965.6,4.2,GOOD
4616a89e-6aa7-461f-abf0-d8186b0aab26,2026-09-12T09:32:51.623606+08:00,2026-09-12T09:32:41.623606+08:00,10,10.3532170,123.8248506,2026-09-12T01:32:47Z,5357,4.3,6.8,465.76,0.00,0.02,,,2026-09-12T09:32:46.275194+08:00,5349,96,0,15.14,39.10,18,0,9,0,47,0,18,0,3,0,502,1.0730,9.0198,-2.2946,9.8278,1.7647,9.9850,200,-0.0536,-0.0790,-0.0697,1.8877,1.2575,2.2682,201,0.0381,-0.0342,0.0140,0.6372,0.3618,0.7328,0.02577,0.82345,0.56569,0.03559,175.3,1.7,111.0,0,2371,2319.00,2026-09-12T09:32:50.722606+08:00,901,53.0,42.0,DISCHARGING,2026-09-12T09:32:41.616606+08:00,10007,TRAIL,1.00,2026-09-12T09:24:41.255956+08:00,490367,,,,5969.4,4.3,GOOD
4616a89e-6aa7-461f-abf0-d8186b0aab26,2026-09-12T09:33:09.254929+08:00,2026-09-12T09:32:59.254929+08:00,10,10.3532292,123.8248685,2026-09-12T01:33:03Z,6988,4.2,6.8,468.48,0.00,0.08,,,2026-09-12T09:33:08.274749+08:00,980,0,0,,,0,0,0,0,0,0,0,0,0,0,883,1.1304,7.4380,-5.8623,9.7346,0.7904,9.7666,352,-0.0144,-0.0393,-0.0292,0.5958,0.9754,1.1430,340,0.0151,0.0299,-0.0067,0.3136,0.5205,0.6077,0.13988,-0.87320,-0.44684,0.13524,-158.4,-6.4,124.6,0,2371,1291.00,2026-09-12T09:33:03.247929+08:00,6007,53.0,42.0,DISCHARGING,2026-09-12T09:32:41.616929+08:00,27638,TRAIL,1.00,2026-09-12T09:24:41.255956+08:00,507998,,,,5971.8,4.2,GOOD
4616a89e-6aa7-461f-abf0-d8186b0aab26,2026-09-12T09:33:25.565099+08:00,2026-09-12T09:33:15.565099+08:00,10,10.3532111,123.8248429,2026-09-12T01:33:19Z,7299,4.9,6.5,463.90,0.00,0.07,,,2026-09-12T09:33:25.286728+08:00,278,0,0,,,0,0,0,0,0,0,0,0,0,0,815,1.6138,7.3881,-5.8525,9.6989,0.4106,9.7075,327,-0.0247,-0.0045,-0.0167,0.3817,0.4981,0.6275,309,0.0011,0.0253,-0.0060,0.1318,0.1738,0.2181,0.28303,-0.76143,-0.51874,0.26651,-134.6,-6.4,108.8,0,2371,1198.00,2026-09-12T09:33:25.253099+08:00,312,53.0,42.0,DISCHARGING,2026-09-12T09:32:41.617099+08:00,43948,TRAIL,1.00,2026-09-12T09:24:41.255956+08:00,524309,,,,5975.5,4.9,GOOD
4616a89e-6aa7-461f-abf0-d8186b0aab26,2026-09-12T09:33:50.991589+08:00,2026-09-12T09:33:40.991589+08:00,10,10.3532260,123.8248543,2026-09-12T01:33:51Z,725,7.3,9.5,468.52,0.00,0.08,,,2026-09-12T09:33:50.274558+08:00,715,93,0,13.35,37.80,18,0,9,0,47,0,18,0,0,0,1264,1.7991,8.8899,-3.2633,9.6877,0.1270,9.6885,502,-0.0057,-0.0016,0.0047,0.1662,0.1805,0.2454,477,0.0113,-0.0088,0.0102,0.0857,0.1028,0.1338,0.17915,-0.84282,-0.45942,0.21560,-149.3,-11.5,119.7,0,2371,1347.00,2026-09-12T09:33:42.258589+08:00,8733,53.0,42.0,DISCHARGING,2026-09-12T09:33:50.992589+08:00,-1,TRAIL,1.00,2026-09-12T09:24:41.255956+08:00,549735,,,,5983.3,7.3,GOOD
4616a89e-6aa7-461f-abf0-d8186b0aab26,2026-09-12T09:34:17.207918+08:00,2026-09-12T09:34:07.207918+08:00,10,10.3532483,123.8248337,2026-09-12T01:34:15Z,2942,4.0,5.6,471.04,0.00,0.08,,,2026-09-12T09:34:14.27723+08:00,2931,95,0,13.74,36.80,18,0,9,0,47,0,18,0,2,0,1314,2.5516,7.2078,-5.9271,9.6941,0.1382,9.6950,522,-0.0075,-0.0017,-0.0126,0.1599,0.1363,0.2102,494,0.0078,0.0057,0.0031,0.0565,0.0623,0.0841,0.17977,-0.88926,-0.34627,0.23873,-149.4,-17.5,132.6,0,2371,769.00,2026-09-12T09:34:16.521918+08:00,686,53.0,42.0,DISCHARGING,2026-09-12T09:33:50.990918+08:00,26217,TRAIL,1.00,2026-09-12T09:24:41.255956+08:00,575951,,,,5989.1,4.0,GOOD
4616a89e-6aa7-461f-abf0-d8186b0aab26,2026-09-12T09:34:40.449492+08:00,2026-09-12T09:34:30.449492+08:00,10,10.3532403,123.8248388,2026-09-12T01:34:39Z,2183,3.9,5.1,468.98,0.00,0.08,,,2026-09-12T09:34:38.274356+08:00,2175,95,0,13.25,38.10,18,0,9,0,47,0,18,0,2,0,1166,2.9720,6.7078,-6.3406,9.6996,0.0894,9.7001,466,-0.0075,-0.0002,-0.0037,0.1032,0.0893,0.1365,438,0.0007,0.0019,0.0017,0.0361,0.0298,0.0468,0.18551,-0.89011,-0.33317,0.24957,-148.4,-18.7,133.6,0,2371,948.00,2026-09-12T09:34:23.523492+08:00,16926,53.0,42.0,DISCHARGING,2026-09-12T09:33:50.991492+08:00,49458,TRAIL,1.00,2026-09-12T09:24:41.255956+08:00,599193,,,,5990.3,3.9,GOOD
4616a89e-6aa7-461f-abf0-d8186b0aab26,2026-09-12T09:35:06.24785+08:00,2026-09-12T09:34:56.24785+08:00,10,10.3532350,123.8248402,2026-09-12T01:35:03Z,3981,3.8,4.7,468.46,0.00,0.08,,,2026-09-12T09:35:02.307513+08:00,3934,95,0,13.63,36.30,18,0,9,0,47,0,18,0,2,0,1237,3.1828,6.5934,-6.3641,9.7024,0.0649,9.7026,491,-0.0076,0.0002,-0.0036,0.0729,0.0583,0.0934,463,-0.0003,0.0022,0.0005,0.0247,0.0205,0.0320,0.18033,-0.89106,-0.32860,0.25598,-148.7,-19.7,133.9,0,2371,948.00,2026-09-12T09:34:23.52885+08:00,42719,53.0,41.0,DISCHARGING,2026-09-12T09:35:06.25385+08:00,-6,TRAIL,1.00,2026-09-12T09:24:41.255956+08:00,624991,,,,5991.0,3.8,GOOD
4616a89e-6aa7-461f-abf0-d8186b0aab26,2026-09-12T09:35:40.260002+08:00,2026-09-12T09:35:30.260002+08:00,10,10.3532497,123.8248577,2026-09-12T01:35:35Z,5994,3.8,4.3,467.62,0.00,0.02,,,2026-09-12T09:35:35.257202+08:00,5003,94,0,16.36,41.50,18,0,8,0,47,0,18,0,2,0,1744,0.5935,8.9857,-2.2615,9.7246,0.7104,9.7505,696,-0.0098,-0.0555,-0.0891,0.7577,0.7685,1.0792,652,-0.0227,0.0049,0.0137,0.3749,0.3401,0.5062,0.19523,-0.75683,-0.49187,0.38361,-133.1,-22.9,103.9,0,2371,2807.00,2026-09-12T09:35:39.123002+08:00,1137,53.0,41.0,DISCHARGING,2026-09-12T09:35:06.248002+08:00,34012,TRAIL,1.00,2026-09-12T09:24:41.255956+08:00,659004,,,,5999.5,3.8,GOOD
4616a89e-6aa7-461f-abf0-d8186b0aab26,2026-09-12T09:36:04.299304+08:00,2026-09-12T09:35:54.299304+08:00,10,10.3532298,123.8248550,2026-09-12T01:35:59Z,6033,3.8,4.2,468.29,0.00,1.07,,,2026-09-12T09:35:58.292407+08:00,6007,95,0,13.19,35.80,18,0,8,0,47,0,18,0,3,0,1207,2.9676,6.4924,-4.4705,9.7700,0.6986,9.7950,479,0.0044,-0.0620,-0.0672,0.8251,0.6904,1.0758,457,-0.0123,0.0299,-0.0179,0.4440,0.3411,0.5599,0.56233,-0.56436,-0.35397,0.48988,-83.5,-8.9,105.8,0,2371,846.00,2026-09-12T09:36:00.522304+08:00,3777,53.0,41.0,DISCHARGING,2026-09-12T09:35:06.248304+08:00,58051,TRAIL,1.00,2026-09-12T09:24:41.255956+08:00,683043,,,,6002.0,3.8,GOOD
4616a89e-6aa7-461f-abf0-d8186b0aab26,2026-09-12T09:36:20.281825+08:00,2026-09-12T09:36:10.281825+08:00,10,10.3532229,123.8248336,2026-09-12T01:36:15Z,6023,4.2,6.5,466.08,0.00,0.08,,,2026-09-12T09:36:14.30844+08:00,5971,94,0,12.56,37.10,18,0,8,0,47,0,18,0,2,0,798,-2.5937,4.5141,-6.7988,9.6811,0.2983,9.6857,319,-0.0605,-0.0673,-0.0188,0.4521,0.3121,0.5493,310,0.0771,0.0192,-0.0256,0.2446,0.2491,0.3491,-0.79609,0.57956,0.17391,0.01017,-73.8,16.8,168.8,0,2371,1623.00,2026-09-12T09:36:16.924825+08:00,3357,53.0,41.0,DISCHARGING,2026-09-12T09:36:20.284825+08:00,-3,TRAIL,1.00,2026-09-12T09:24:41.255956+08:00,699025,,,,6005.2,4.2,GOOD
4616a89e-6aa7-461f-abf0-d8186b0aab26,2026-09-12T09:36:45.821099+08:00,2026-09-12T09:36:35.821099+08:00,10,10.3532197,123.8248361,2026-09-12T01:36:39Z,7555,3.8,4.4,461.08,0.00,0.04,,,2026-09-12T09:36:45.305541+08:00,515,0,0,,,0,0,0,0,0,0,0,0,0,0,1276,-0.1560,5.8447,-4.1055,9.7211,0.4602,9.7320,508,0.0002,-0.0399,-0.0282,0.5282,0.5438,0.7581,483,-0.0471,0.0027,0.0286,0.2753,0.3319,0.4313,0.36162,-0.59114,-0.50384,0.51570,-102.3,-14.2,87.7,0,2371,3041.00,2026-09-12T09:36:34.248099+08:00,11573,53.0,41.0,DISCHARGING,2026-09-12T09:36:20.282099+08:00,25539,TRAIL,1.00,2026-09-12T09:24:41.255956+08:00,724565,,,,6007.1,3.8,GOOD
4616a89e-6aa7-461f-abf0-d8186b0aab26,2026-09-12T09:37:04.393275+08:00,2026-09-12T09:36:54.393275+08:00,10,10.3532354,123.8248487,2026-09-12T01:37:03Z,2129,3.8,4.6,461.60,0.00,0.02,,,2026-09-12T09:37:02.289398+08:00,2104,95,0,15.32,40.60,18,0,8,0,47,0,18,0,2,0,930,2.1932,8.9812,-1.6674,9.7650,1.2115,9.8399,369,-0.0417,-0.0330,-0.0412,1.0045,1.1190,1.5037,353,-0.0046,-0.0260,0.0329,0.5108,0.3823,0.6380,0.18625,-0.71128,-0.60383,0.30786,-139.3,-12.3,94.8,0,2371,2757.00,2026-09-12T09:37:04.248275+08:00,145,53.0,41.0,DISCHARGING,2026-09-12T09:36:20.282275+08:00,44111,TRAIL,1.00,2026-09-12T09:24:41.255956+08:00,743137,,,,6010.6,3.8,GOOD
4616a89e-6aa7-461f-abf0-d8186b0aab26,2026-09-12T09:37:28.185126+08:00,2026-09-12T09:37:18.185126+08:00,10,10.3532981,123.8248371,2026-09-12T01:37:27Z,1919,3.9,6.3,464.47,0.00,0.02,,,2026-09-12T09:37:26.279766+08:00,1904,95,0,17.41,40.40,18,0,8,0,47,0,18,0,2,0,1190,1.3702,9.1882,-1.6467,9.9355,2.2144,10.1793,473,-0.0291,-0.0560,-0.0536,2.3669,1.6947,2.9110,452,0.0054,0.0138,-0.0042,0.7413,0.4418,0.8630,0.23796,-0.74913,-0.53939,0.30206,-135.9,-11.3,103.9,21,2392,1913.00,2026-09-12T09:37:27.870126+08:00,315,53.0,41.0,DISCHARGING,2026-09-12T09:37:28.186126+08:00,-1,TRAIL,1.00,2026-09-12T09:24:41.255956+08:00,766929,,,,6017.8,3.9,GOOD
4616a89e-6aa7-461f-abf0-d8186b0aab26,2026-09-12T09:37:47.226402+08:00,2026-09-12T09:37:37.226402+08:00,10,10.3533424,123.8248427,2026-09-12T01:37:43Z,4961,3.8,5.8,457.77,0.00,0.02,,,2026-09-12T09:37:42.31357+08:00,4912,95,0,17.16,40.40,18,0,8,0,47,0,18,0,2,0,904,0.9313,9.3738,-2.0660,9.9981,2.4389,10.2912,242,-0.1142,0.0158,-0.1438,2.5803,1.6951,3.0872,234,-0.0048,-0.0386,0.0108,0.6507,0.3519,0.7397,0.06478,-0.79718,-0.58611,0.12955,-165.1,-7.5,106.4,17,2409,2610.00,2026-09-12T09:37:39.922402+08:00,7304,53.0,41.0,DISCHARGING,2026-09-12T09:37:28.185402+08:00,19041,TRAIL,1.00,2026-09-12T09:24:41.255956+08:00,785970,,,,6022.8,3.8,GOOD
4616a89e-6aa7-461f-abf0-d8186b0aab26,2026-09-12T09:37:58.859637+08:00,2026-09-12T09:37:48.859637+08:00,10,10.3533943,123.8248453,2026-09-12T01:37:59Z,594,5.4,7.8,456.37,0.51,0.94,3.5,68.9,2026-09-12T09:37:58.273413+08:00,587,95,0,15.64,40.40,18,0,8,0,47,0,18,0,2,0,629,0.6478,9.5171,-1.2718,9.9753,2.5204,10.2887,,,,,,,,,,,,,,,0.06478,-0.79718,-0.58611,0.12955,-165.1,-7.5,106.4,0,2409,2610.00,2026-09-12T09:37:39.921637+08:00,18938,53.0,41.0,DISCHARGING,2026-09-12T09:37:28.184637+08:00,30675,TRAIL,1.00,2026-09-12T09:24:41.255956+08:00,797603,,,,6029.2,5.4,GOOD
4616a89e-6aa7-461f-abf0-d8186b0aab26,2026-09-12T09:38:25.437045+08:00,2026-09-12T09:38:15.437045+08:00,10,10.3534221,123.8248187,2026-09-12T01:38:23Z,3171,4.6,6.9,449.59,0.61,0.95,330.9,62.9,2026-09-12T09:38:22.312735+08:00,3124,95,0,15.61,39.40,18,0,8,0,47,0,18,0,2,0,1327,0.9371,9.3604,-1.6207,9.9791,2.3797,10.2590,,,,,,,,,,,,,,,0.06478,-0.79718,-0.58611,0.12955,-165.1,-7.5,106.4,0,2409,2610.00,2026-09-12T09:37:39.922045+08:00,45515,53.0,41.0,DISCHARGING,2026-09-12T09:37:28.185045+08:00,57252,TRAIL,1.00,2026-09-12T09:24:41.255956+08:00,824181,,,,6036.1,4.6,GOOD
4616a89e-6aa7-461f-abf0-d8186b0aab26,2026-09-12T09:38:48.24484+08:00,2026-09-12T09:38:38.24484+08:00,10,10.3535324,123.8248208,2026-09-12T01:38:47Z,1979,5.5,8.6,455.80,0.47,0.95,358.5,71.6,2026-09-12T09:38:46.278837+08:00,1960,95,0,15.80,39.80,18,0,8,0,47,0,18,0,2,0,1147,0.8409,9.4018,-1.3974,10.0549,2.7537,10.4252,,,,,,,,,,,,,,,0.06478,-0.79718,-0.58611,0.12955,-165.1,-7.5,106.4,0,2409,2610.00,2026-09-12T09:37:39.92784+08:00,68317,52.0,41.0,DISCHARGING,2026-09-12T09:38:48.25084+08:00,-6,TRAIL,1.00,2026-09-12T09:24:41.255956+08:00,846988,,,,6048.5,5.5,GOOD
4616a89e-6aa7-461f-abf0-d8186b0aab26,2026-09-12T09:39:09.215052+08:00,2026-09-12T09:38:59.215052+08:00,10,10.3536062,123.8248590,2026-09-12T01:39:03Z,6949,4.1,6.7,450.60,0.00,0.07,,,2026-09-12T09:39:08.283265+08:00,932,0,0,,,0,0,0,0,0,0,0,0,0,0,1039,0.5178,9.4469,-1.5334,10.1902,3.1552,10.6675,,,,,,,,,,,,,,,0.06478,-0.79718,-0.58611,0.12955,-165.1,-7.5,106.4,0,2409,2610.00,2026-09-12T09:37:39.922052+08:00,89293,52.0,41.0,DISCHARGING,2026-09-12T09:38:48.245052+08:00,20970,TRAIL,1.00,2026-09-12T09:24:41.255956+08:00,867959,,,,6057.8,4.1,GOOD
4616a89e-6aa7-461f-abf0-d8186b0aab26,2026-09-12T09:39:22.24117+08:00,2026-09-12T09:39:12.24117+08:00,10,10.3536832,123.8248764,2026-09-12T01:39:19Z,3976,4.1,5.8,446.98,0.84,1.02,1.1,52.3,2026-09-12T09:39:18.27692+08:00,3964,97,0,15.34,38.20,18,0,8,0,47,0,18,0,4,0,601,0.6371,9.4987,-1.1362,9.9931,2.7729,10.3707,,,,,,,,,,,,,,,0.06478,-0.79718,-0.58611,0.12955,-165.1,-7.5,106.4,0,2409,2610.00,2026-09-12T09:37:39.92217+08:00,102319,52.0,41.0,DISCHARGING,2026-09-12T09:38:48.24517+08:00,33996,UNPAVED,0.50,2026-09-12T09:39:18.290536+08:00,3950,,,,6066.5,4.1,GOOD
4616a89e-6aa7-461f-abf0-d8186b0aab26,2026-09-12T09:39:47.369599+08:00,2026-09-12T09:39:37.369599+08:00,10,10.3537323,123.8250171,2026-09-12T01:39:43Z,5104,4.0,5.2,443.68,0.44,0.94,53.8,73.9,2026-09-12T09:39:42.278241+08:00,5092,99,0,14.83,38.00,18,0,8,0,49,0,18,0,4,0,1310,0.4050,9.5937,-0.8565,10.0290,2.4823,10.3316,,,,,,,,,,,,,,,0.06478,-0.79718,-0.58611,0.12955,-165.1,-7.5,106.4,0,2409,2610.00,2026-09-12T09:37:39.921599+08:00,127448,52.0,41.0,DISCHARGING,2026-09-12T09:38:48.244599+08:00,59125,TRAIL,0.50,2026-09-12T09:39:42.293006+08:00,5076,,,,6091.0,4.0,GOOD
4616a89e-6aa7-461f-abf0-d8186b0aab26,2026-09-12T09:40:06.260328+08:00,2026-09-12T09:39:56.260328+08:00,10,10.3537934,123.8250285,2026-09-12T01:39:59Z,7994,5.5,8.3,445.02,0.48,0.95,29.0,71.3,2026-09-12T09:40:05.272534+08:00,986,0,0,,,0,0,0,0,0,0,0,0,0,0,929,0.7346,9.5500,-1.1621,9.9837,2.6850,10.3385,,,,,,,,,,,,,,,0.06478,-0.79718,-0.58611,0.12955,-165.1,-7.5,106.4,0,2409,2610.00,2026-09-12T09:37:39.923328+08:00,146337,52.0,41.0,DISCHARGING,2026-09-12T09:40:06.261328+08:00,-1,TRAIL,0.50,2026-09-12T09:39:42.293006+08:00,23967,,,,6099.4,5.5,GOOD
4616a89e-6aa7-461f-abf0-d8186b0aab26,2026-09-12T09:40:43.243258+08:00,2026-09-12T09:40:33.243258+08:00,10,10.3540267,123.8250746,2026-09-12T01:40:39Z,4979,4.5,6.4,440.05,0.56,0.95,19.7,65.6,2026-09-12T09:40:38.280307+08:00,4963,97,0,15.31,39.60,18,0,8,0,49,0,18,0,2,0,1820,0.5321,9.6133,-0.6903,10.0056,2.6723,10.3563,,,,,,,,,,,,,,,0.06478,-0.79718,-0.58611,0.12955,-165.1,-7.5,106.4,0,2409,2610.00,2026-09-12T09:37:39.922258+08:00,183321,52.0,41.0,DISCHARGING,2026-09-12T09:40:06.260258+08:00,36983,TRAIL,0.50,2026-09-12T09:39:42.293006+08:00,60950,,,,6129.3,4.5,GOOD
4616a89e-6aa7-461f-abf0-d8186b0aab26,2026-09-12T09:41:17.2946+08:00,2026-09-12T09:41:07.2946+08:00,10,10.3541786,123.8250795,2026-09-12T01:41:11Z,7028,3.8,5.1,432.63,0.55,0.94,14.2,66.2,2026-09-12T09:41:17.291211+08:00,2,0,0,,,0,0,0,0,0,0,0,0,0,0,1747,0.5683,9.6095,-0.6444,10.0063,2.3170,10.2711,,,,,,,,,,,,,,,0.06478,-0.79718,-0.58611,0.12955,-165.1,-7.5,106.4,0,2409,2610.00,2026-09-12T09:37:39.9236+08:00,217371,52.0,41.0,DISCHARGING,2026-09-12T09:41:17.2966+08:00,-2,TRAIL,0.50,2026-09-12T09:39:42.293006+08:00,95001,,,,6147.2,3.8,GOOD
4616a89e-6aa7-461f-abf0-d8186b0aab26,2026-09-12T09:41:39.901733+08:00,2026-09-12T09:41:29.901733+08:00,10,10.3542551,123.8250840,2026-09-12T01:41:35Z,5636,3.8,4.9,431.29,0.00,0.01,,,2026-09-12T09:41:34.280019+08:00,5622,98,0,16.76,39.00,18,0,8,0,49,0,18,0,3,0,1126,0.6287,9.5215,-0.9425,10.0854,2.7057,10.4420,,,,,,,,,,,,,,,0.06478,-0.79718,-0.58611,0.12955,-165.1,-7.5,106.4,0,2409,2610.00,2026-09-12T09:37:39.921733+08:00,239980,52.0,41.0,DISCHARGING,2026-09-12T09:41:17.294733+08:00,22607,TRAIL,0.50,2026-09-12T09:39:42.293006+08:00,117608,,,,6157.9,3.8,GOOD
4616a89e-6aa7-461f-abf0-d8186b0aab26,2026-09-12T09:41:53.209998+08:00,2026-09-12T09:41:43.209998+08:00,10,10.3542963,123.8250682,2026-09-12T01:41:51Z,2945,3.8,4.6,426.63,0.00,0.08,,,2026-09-12T09:41:50.276324+08:00,2934,99,0,16.53,41.00,18,0,8,0,49,0,18,0,4,0,663,0.4101,9.5917,-0.7114,9.9700,2.3742,10.2488,,,,,,,,,,,,,,,0.06478,-0.79718,-0.58611,0.12955,-165.1,-7.5,106.4,0,2409,2610.00,2026-09-12T09:37:39.921998+08:00,253288,52.0,41.0,DISCHARGING,2026-09-12T09:41:17.294998+08:00,35915,TRAIL,0.50,2026-09-12T09:39:42.293006+08:00,130916,,,,6164.7,3.8,GOOD
4616a89e-6aa7-461f-abf0-d8186b0aab26,2026-09-12T09:42:03.807893+08:00,2026-09-12T09:41:53.807893+08:00,10,10.3543361,123.8250630,2026-09-12T01:41:59Z,5543,4.0,5.7,429.16,1.01,1.21,345.0,50.8,2026-09-12T09:41:58.272831+08:00,5535,99,0,14.24,36.80,18,0,8,0,49,0,18,0,4,0,539,0.6350,9.4631,-0.8835,10.1739,2.9836,10.6023,,,,,,,,,,,,,,,0.06478,-0.79718,-0.58611,0.12955,-165.1,-7.5,106.4,0,2409,2610.00,2026-09-12T09:37:39.921893+08:00,263886,52.0,41.0,DISCHARGING,2026-09-12T09:41:17.294893+08:00,46513,UNPAVED,0.50,2026-09-12T09:41:58.286666+08:00,5521,,,,6169.1,4.0,GOOD
4616a89e-6aa7-461f-abf0-d8186b0aab26,2026-09-12T09:42:22.710312+08:00,2026-09-12T09:42:12.710312+08:00,10,10.3543435,123.8250281,2026-09-12T01:42:23Z,446,3.8,5.6,420.89,0.45,0.96,217.1,73.0,2026-09-12T09:42:22.278822+08:00,430,99,0,17.04,40.00,18,0,8,0,49,0,18,0,4,0,937,0.2224,9.5911,-0.7125,10.0278,2.4250,10.3168,86,0.6784,0.2705,0.2808,3.2871,1.7052,3.7031,,,,,,,,0.49635,-0.49457,-0.51877,0.48980,-91.6,1.7,89.0,0,2409,2610.00,2026-09-12T09:37:39.923312+08:00,282787,52.0,41.0,DISCHARGING,2026-09-12T09:42:22.711312+08:00,-1,TRAIL,0.50,2026-09-12T09:42:14.298655+08:00,8411,,,,6178.3,3.8,GOOD
4616a89e-6aa7-461f-abf0-d8186b0aab26,2026-09-12T09:42:50.323078+08:00,2026-09-12T09:42:40.323078+08:00,10,10.3546400,123.8250770,2026-09-12T01:42:47Z,4058,3.8,5.1,427.67,0.64,0.95,5.6,61.1,2026-09-12T09:42:46.30713+08:00,4016,99,0,16.41,38.60,18,0,8,0,49,0,18,0,4,0,1389,0.7887,9.5812,-0.5292,10.0618,2.8409,10.4552,46,0.0820,-0.1493,-0.1753,3.8622,1.8368,4.2767,,,,,,,,0.49166,-0.48427,-0.47084,0.54961,-85.0,-4.0,87.3,0,2409,2610.00,2026-09-12T09:37:39.922078+08:00,310401,52.0,41.0,DISCHARGING,2026-09-12T09:42:22.710078+08:00,27613,TRAIL,0.50,2026-09-12T09:42:14.298655+08:00,36024,,,,6211.6,3.8,GOOD
4616a89e-6aa7-461f-abf0-d8186b0aab26,2026-09-12T09:43:27.474176+08:00,2026-09-12T09:43:17.474176+08:00,10,10.3549078,123.8251574,2026-09-12T01:43:27Z,1210,4.2,5.7,426.70,1.08,1.03,27.1,45.0,2026-09-12T09:43:26.313515+08:00,1159,99,0,14.77,36.10,18,0,8,0,49,0,18,0,4,0,1850,0.6608,9.6288,-0.3990,10.0824,2.4988,10.3874,,,,,,,,,,,,,,,0.49166,-0.48427,-0.47084,0.54961,-85.0,-4.0,87.3,0,2409,2610.00,2026-09-12T09:37:39.923176+08:00,347551,51.0,42.0,DISCHARGING,2026-09-12T09:43:27.475176+08:00,-1,UNPAVED,0.50,2026-09-12T09:43:18.29185+08:00,9182,,,,6244.2,4.2,GOOD
4616a89e-6aa7-461f-abf0-d8186b0aab26,2026-09-12T09:43:43.32829+08:00,2026-09-12T09:43:33.32829+08:00,10,10.3548880,123.8252203,2026-09-12T01:43:43Z,1063,3.9,5.4,425.07,0.00,0.95,,,2026-09-12T09:43:42.276995+08:00,1051,99,0,15.00,39.50,18,0,8,0,49,0,18,0,4,0,800,0.7235,9.5269,-0.8783,9.9526,2.0523,10.1620,,,,,,,,,,,,,,,0.49166,-0.48427,-0.47084,0.54961,-85.0,-4.0,87.3,0,2409,2610.00,2026-09-12T09:37:39.92229+08:00,363406,51.0,42.0,DISCHARGING,2026-09-12T09:43:27.47429+08:00,15854,UNPAVED,0.50,2026-09-12T09:43:18.29185+08:00,25036,,,,6256.4,3.9,GOOD
4616a89e-6aa7-461f-abf0-d8186b0aab26,2026-09-12T09:43:59.948356+08:00,2026-09-12T09:43:49.948356+08:00,10,10.3549504,123.8252524,2026-09-12T01:43:59Z,1684,3.8,5.6,415.48,0.00,0.08,,,2026-09-12T09:43:58.285451+08:00,1663,98,0,16.26,39.50,18,0,8,0,49,0,18,0,3,0,827,0.8797,9.5017,-1.2553,10.0687,2.2770,10.3230,,,,,,,,,,,,,,,0.49166,-0.48427,-0.47084,0.54961,-85.0,-4.0,87.3,0,2409,2610.00,2026-09-12T09:37:39.922356+08:00,380026,51.0,42.0,DISCHARGING,2026-09-12T09:43:27.474356+08:00,32474,UNPAVED,0.50,2026-09-12T09:43:18.29185+08:00,41656,,,,6264.1,3.8,GOOD
4616a89e-6aa7-461f-abf0-d8186b0aab26,2026-09-12T09:44:21.944196+08:00,2026-09-12T09:44:11.944196+08:00,10,10.3549777,123.8252321,2026-09-12T01:44:15Z,7679,4.2,6.4,410.25,0.37,0.95,32.8,78.3,2026-09-12T09:44:21.298834+08:00,645,0,0,,,0,0,0,0,0,0,0,0,0,0,1106,0.5428,9.4299,-1.2445,9.8900,1.8505,10.0616,,,,,,,,,,,,,,,0.49166,-0.48427,-0.47084,0.54961,-85.0,-4.0,87.3,0,2409,2610.00,2026-09-12T09:37:39.922196+08:00,402022,51.0,42.0,DISCHARGING,2026-09-12T09:43:27.474196+08:00,54470,TRAIL,0.50,2026-09-12T09:44:15.257522+08:00,6686,,,,6267.9,4.2,GOOD
4616a89e-6aa7-461f-abf0-d8186b0aab26,2026-09-12T09:44:52.287526+08:00,2026-09-12T09:44:42.287526+08:00,10,10.3550085,123.8252589,2026-09-12T01:44:47Z,6024,4.6,8.1,404.52,0.00,1.04,,,2026-09-12T09:44:46.302836+08:00,5979,97,0,13.78,35.40,18,0,8,0,49,0,18,0,2,0,1523,0.7421,9.0450,-2.1524,9.9789,2.6119,10.3151,,,,,,,,,,,,,,,0.49166,-0.48427,-0.47084,0.54961,-85.0,-4.0,87.3,0,2409,2610.00,2026-09-12T09:37:39.927526+08:00,432360,51.0,42.0,DISCHARGING,2026-09-12T09:44:52.292526+08:00,-5,TRAIL,0.50,2026-09-12T09:44:15.257522+08:00,37030,,,,6276.6,4.6,GOOD
4616a89e-6aa7-461f-abf0-d8186b0aab26,2026-09-12T09:45:34.249111+08:00,2026-09-12T09:45:24.249111+08:00,10,10.3550798,123.8253512,2026-09-12T01:45:27Z,7984,8.5,11.4,412.06,0.00,0.08,,,2026-09-12T09:45:33.296069+08:00,953,0,0,,,0,0,0,0,0,0,0,0,0,0,2050,0.3926,9.2803,-1.2125,9.8882,1.7990,10.0505,,,,,,,,,,,,,,,0.49166,-0.48427,-0.47084,0.54961,-85.0,-4.0,87.3,0,2409,2610.00,2026-09-12T09:37:39.922111+08:00,474327,51.0,42.0,DISCHARGING,2026-09-12T09:44:52.287111+08:00,41962,TRAIL,0.50,2026-09-12T09:44:15.257522+08:00,78991,,,,6293.4,8.5,GOOD
4616a89e-6aa7-461f-abf0-d8186b0aab26,2026-09-12T09:46:04.250881+08:00,2026-09-12T09:45:54.250881+08:00,10,10.3550745,123.8253187,2026-09-12T01:45:59Z,5986,3.9,5.2,406.66,0.00,0.08,,,2026-09-12T09:45:58.276519+08:00,5037,94,0,11.81,37.00,18,0,7,0,47,0,18,0,2,0,1500,1.6199,9.2677,-0.7110,9.7525,0.4374,9.7623,,,,,,,,,,,,,,,0.49166,-0.48427,-0.47084,0.54961,-85.0,-4.0,87.3,0,2409,2610.00,2026-09-12T09:37:40.858881+08:00,503392,51.0,42.0,DISCHARGING,2026-09-12T09:46:05.187881+08:00,-937,TRAIL,0.50,2026-09-12T09:44:15.257522+08:00,108993,,,,6299.9,3.9,GOOD
4616a89e-6aa7-461f-abf0-d8186b0aab26,2026-09-12T09:46:33.23946+08:00,2026-09-12T09:46:23.23946+08:00,10,10.3551176,123.8252846,2026-09-12T01:46:31Z,2974,4.7,7.0,403.15,0.00,0.02,,,2026-09-12T09:46:30.274203+08:00,2965,94,0,13.54,42.20,18,0,7,0,47,0,18,0,2,0,1451,-0.1877,9.5084,0.5136,9.7563,0.9028,9.7980,,,,,,,,,,,,,,,0.49166,-0.48427,-0.47084,0.54961,-85.0,-4.0,87.3,0,2409,2610.00,2026-09-12T09:37:39.92246+08:00,533317,51.0,42.0,DISCHARGING,2026-09-12T09:46:04.25146+08:00,28988,TRAIL,0.50,2026-09-12T09:44:15.257522+08:00,137981,,,,6311.9,4.7,GOOD
4616a89e-6aa7-461f-abf0-d8186b0aab26,2026-09-12T09:47:04.238472+08:00,2026-09-12T09:46:54.238472+08:00,10,10.3552118,123.8251869,2026-09-12T01:47:03Z,1977,4.5,6.0,412.40,0.66,0.97,307.8,60.4,2026-09-12T09:47:02.275524+08:00,1962,94,0,14.83,38.90,18,0,7,0,47,0,18,0,2,0,1554,0.8169,9.2951,-1.8968,9.8567,1.7834,10.0167,,,,,,,,,,,,,,,0.49166,-0.48427,-0.47084,0.54961,-85.0,-4.0,87.3,0,2409,2610.00,2026-09-12T09:37:39.922472+08:00,564316,51.0,42.0,DISCHARGING,2026-09-12T09:46:04.251472+08:00,59987,TRAIL,0.50,2026-09-12T09:47:02.288492+08:00,1949,,,,6330.3,4.5,GOOD
4616a89e-6aa7-461f-abf0-d8186b0aab26,2026-09-12T09:47:32.953178+08:00,2026-09-12T09:47:22.953178+08:00,10,10.3553380,123.8251860,2026-09-12T01:47:27Z,6690,3.8,4.7,416.13,0.50,0.93,349.9,69.3,2026-09-12T09:47:32.27223+08:00,679,0,0,,,0,0,0,0,0,0,0,0,0,0,1473,0.6047,9.4521,-1.4739,9.8948,2.1461,10.1249,,,,,,,,,,,,,,,0.49166,-0.48427,-0.47084,0.54961,-85.0,-4.0,87.3,0,2409,2610.00,2026-09-12T09:37:39.924178+08:00,593029,51.0,42.0,DISCHARGING,2026-09-12T09:47:32.955178+08:00,-2,TRAIL,0.50,2026-09-12T09:47:26.289712+08:00,6663,,,,6347.5,3.8,GOOD
4616a89e-6aa7-461f-abf0-d8186b0aab26,2026-09-12T09:47:56.331512+08:00,2026-09-12T09:47:46.331512+08:00,10,10.3554848,123.8251509,2026-09-12T01:47:51Z,6067,4.1,5.9,408.24,0.75,0.94,354.1,55.2,2026-09-12T09:47:56.27711+08:00,54,0,0,,,0,0,0,0,0,0,0,0,0,0,1175,0.8757,9.5968,-0.5716,10.0465,2.8095,10.4319,,,,,,,,,,,,,,,0.49166,-0.48427,-0.47084,0.54961,-85.0,-4.0,87.3,0,2409,2610.00,2026-09-12T09:37:39.922512+08:00,616409,51.0,42.0,DISCHARGING,2026-09-12T09:47:32.953512+08:00,23378,UNPAVED,0.50,2026-09-12T09:47:42.287841+08:00,14043,,,,6364.9,4.1,GOOD
4616a89e-6aa7-461f-abf0-d8186b0aab26,2026-09-12T09:48:13.277297+08:00,2026-09-12T09:48:03.277297+08:00,10,10.3555406,123.8251671,2026-09-12T01:48:07Z,7014,4.1,5.6,404.22,0.53,0.97,24.3,68.2,2026-09-12T09:48:12.302881+08:00,974,0,0,,,0,0,0,0,0,0,0,0,0,0,846,0.6455,9.6025,-0.6244,9.9305,2.0354,10.1370,,,,,,,,,,,,,,,0.49166,-0.48427,-0.47084,0.54961,-85.0,-4.0,87.3,0,2409,2610.00,2026-09-12T09:37:39.922297+08:00,633355,51.0,42.0,DISCHARGING,2026-09-12T09:47:32.953297+08:00,40324,TRAIL,0.50,2026-09-12T09:47:58.291171+08:00,14986,,,,6371.7,4.1,GOOD
4616a89e-6aa7-461f-abf0-d8186b0aab26,2026-09-12T09:48:27.883306+08:00,2026-09-12T09:48:17.883306+08:00,10,10.3555903,123.8252124,2026-09-12T01:48:23Z,5620,4.5,6.6,405.52,0.50,0.93,37.2,69.1,2026-09-12T09:48:22.27681+08:00,5606,96,0,15.91,37.70,18,0,7,0,47,0,18,0,4,0,728,0.7380,9.6426,-0.4680,10.0141,2.4913,10.3194,99,-0.1049,-0.4446,0.0127,3.6005,1.6293,3.9520,,,,,,,,0.56478,-0.46154,-0.43731,0.52608,-79.0,0.5,93.7,0,2409,2610.00,2026-09-12T09:37:39.922306+08:00,647961,51.0,42.0,DISCHARGING,2026-09-12T09:47:32.953306+08:00,54930,TRAIL,0.50,2026-09-12T09:47:58.291171+08:00,29592,,,,6379.8,4.5,GOOD
4616a89e-6aa7-461f-abf0-d8186b0aab26,2026-09-12T09:48:47.789975+08:00,2026-09-12T09:48:37.789975+08:00,10,10.3556468,123.8252188,2026-09-12T01:48:47Z,1526,6.1,8.9,399.16,0.00,0.93,,,2026-09-12T09:48:46.27398+08:00,1514,96,0,14.54,35.40,18,0,7,0,47,0,18,0,4,0,1001,0.1362,8.8754,-1.6236,9.8850,1.8682,10.0600,32,0.0391,-0.0591,-0.1176,3.8474,1.8065,4.2505,,,,,,,,0.51228,-0.50175,-0.39269,0.57585,-79.0,-10.1,91.7,0,2409,2610.00,2026-09-12T09:37:39.923975+08:00,667866,51.0,42.0,DISCHARGING,2026-09-12T09:48:47.791975+08:00,-2,TRAIL,0.50,2026-09-12T09:47:58.291171+08:00,49498,,,,6391.9,6.1,GOOD
4616a89e-6aa7-461f-abf0-d8186b0aab26,2026-09-12T09:49:14.869212+08:00,2026-09-12T09:49:04.869212+08:00,10,10.3557050,123.8254145,2026-09-12T01:49:11Z,4606,4.8,6.4,402.94,0.57,1.00,75.8,66.9,2026-09-12T09:49:10.273093+08:00,4596,94,0,14.17,38.30,18,0,7,0,47,0,18,0,2,0,1349,0.2757,9.3604,-1.1363,10.0036,2.5380,10.3205,,,,,,,,,,,,,,,0.51228,-0.50175,-0.39269,0.57585,-79.0,-10.1,91.7,0,2409,2610.00,2026-09-12T09:37:39.922212+08:00,694947,51.0,42.0,DISCHARGING,2026-09-12T09:48:47.790212+08:00,27079,TRAIL,0.50,2026-09-12T09:49:10.289496+08:00,4579,,,,6415.2,4.8,GOOD
4616a89e-6aa7-461f-abf0-d8186b0aab26,2026-09-12T09:49:34.86801+08:00,2026-09-12T09:49:24.86801+08:00,10,10.3557654,123.8255305,2026-09-12T01:49:35Z,605,5.8,8.5,406.05,2.93,1.07,61.6,19.1,2026-09-12T09:49:34.271179+08:00,597,94,0,14.05,39.10,18,0,7,0,47,0,18,0,2,0,1001,0.6887,9.6150,-0.6420,9.9459,2.1956,10.1854,180,-0.0963,-0.0673,0.1465,2.6130,2.1014,3.3532,,,,,,,,0.68371,-0.26147,-0.23944,0.63785,-41.5,-0.4,94.1,0,2409,2610.00,2026-09-12T09:37:39.92201+08:00,714946,51.0,42.0,DISCHARGING,2026-09-12T09:48:47.79001+08:00,47078,CONCRETE,0.50,2026-09-12T09:49:34.283414+08:00,584,,,,6429.7,5.8,GOOD
4616a89e-6aa7-461f-abf0-d8186b0aab26,2026-09-12T09:49:50.569891+08:00,2026-09-12T09:49:40.569891+08:00,10,10.3557669,123.8256146,2026-09-12T01:49:51Z,306,7.9,10.0,399.65,0.55,0.98,87.4,67.1,2026-09-12T09:49:50.301049+08:00,267,95,0,14.71,41.80,18,0,7,0,47,0,18,0,3,0,790,0.5938,9.6472,-0.4985,9.9358,2.6686,10.2880,,,,,,,,,,,,,,,0.68371,-0.26147,-0.23944,0.63785,-41.5,-0.4,94.1,0,2409,2610.00,2026-09-12T09:37:39.923891+08:00,730646,50.0,43.0,DISCHARGING,2026-09-12T09:49:50.571891+08:00,-2,TRAIL,0.50,2026-09-12T09:49:42.284456+08:00,8285,,,,6445.8,7.9,GOOD
4616a89e-6aa7-461f-abf0-d8186b0aab26,2026-09-12T09:50:12.244393+08:00,2026-09-12T09:50:02.244393+08:00,10,10.3556906,123.8257055,2026-09-12T01:50:07Z,5980,5.1,7.7,390.60,0.63,1.08,104.6,63.9,2026-09-12T09:50:06.289793+08:00,5954,94,0,15.09,41.40,18,0,7,0,47,0,18,0,2,0,1040,0.7215,9.6026,-0.4653,10.0525,2.6596,10.3984,,,,,,,,,,,,,,,0.68371,-0.26147,-0.23944,0.63785,-41.5,-0.4,94.1,0,2409,2610.00,2026-09-12T09:37:39.922393+08:00,752322,50.0,43.0,DISCHARGING,2026-09-12T09:49:50.570393+08:00,21674,TRAIL,0.50,2026-09-12T09:50:06.309678+08:00,5934,,,,6459.0,5.1,GOOD
4616a89e-6aa7-461f-abf0-d8186b0aab26,2026-09-12T09:50:42.088282+08:00,2026-09-12T09:50:32.088282+08:00,10,10.3558205,123.8258245,2026-09-12T01:50:36Z,6826,6.2,6.3,391.21,1.64,2.55,132.4,67.2,2026-09-12T09:50:38.294036+08:00,3794,94,0,15.04,38.40,18,0,7,0,47,0,18,0,2,0,1499,0.4720,9.6154,-0.6635,9.9593,2.0240,10.1629,,,,,,,,,,,,,,,0.68371,-0.26147,-0.23944,0.63785,-41.5,-0.4,94.1,0,2409,2610.00,2026-09-12T09:37:39.922282+08:00,782166,50.0,43.0,DISCHARGING,2026-09-12T09:49:50.570282+08:00,51518,CONCRETE,0.50,2026-09-12T09:50:35.293954+08:00,6794,,,,6479.1,6.2,GOOD
4616a89e-6aa7-461f-abf0-d8186b0aab26,2026-09-12T09:51:05.242601+08:00,2026-09-12T09:50:55.242601+08:00,10,10.3559615,123.8258733,2026-09-12T01:51:03Z,2978,6.7,8.3,391.50,0.00,0.19,,,2026-09-12T09:51:02.304679+08:00,2934,95,0,16.33,35.40,18,0,7,0,47,0,18,0,3,0,1202,0.4716,9.6588,-0.3365,10.0338,2.5177,10.3448,,,,,,,,,,,,,,,0.68371,-0.26147,-0.23944,0.63785,-41.5,-0.4,94.1,0,2409,2610.00,2026-09-12T09:37:39.925601+08:00,805317,50.0,43.0,DISCHARGING,2026-09-12T09:51:05.246601+08:00,-4,CONCRETE,0.50,2026-09-12T09:50:35.293954+08:00,29948,,,,6495.8,6.7,GOOD
4616a89e-6aa7-461f-abf0-d8186b0aab26,2026-09-12T09:51:27.959726+08:00,2026-09-12T09:51:17.959726+08:00,10,10.3561284,123.8259606,2026-09-12T01:51:27Z,1696,4.3,6.5,392.71,0.53,0.91,60.6,6.0,2026-09-12T09:51:26.27101+08:00,1689,96,0,15.51,38.30,18,0,7,0,47,0,18,0,4,0,1126,0.5371,9.5840,-0.5838,10.0245,2.7721,10.4007,,,,,,,,,,,,,,,0.68371,-0.26147,-0.23944,0.63785,-41.5,-0.4,94.1,0,2409,2610.00,2026-09-12T09:37:39.921726+08:00,828038,50.0,43.0,DISCHARGING,2026-09-12T09:51:05.242726+08:00,22717,TRAIL,0.50,2026-09-12T09:51:26.289979+08:00,1669,,,,6516.8,4.3,GOOD
4616a89e-6aa7-461f-abf0-d8186b0aab26,2026-09-12T09:51:57.245263+08:00,2026-09-12T09:51:47.245263+08:00,10,10.3561844,123.8260276,2026-09-12T01:51:51Z,6981,7.5,9.6,387.72,0.00,0.12,,,2026-09-12T09:51:56.297303+08:00,948,0,0,,,0,0,0,0,0,0,0,0,0,0,1428,0.5764,9.5732,-0.8813,9.9883,2.7725,10.3659,,,,,,,,,,,,,,,0.68371,-0.26147,-0.23944,0.63785,-41.5,-0.4,94.1,0,2409,2610.00,2026-09-12T09:37:39.922263+08:00,857323,50.0,43.0,DISCHARGING,2026-09-12T09:51:05.243263+08:00,52002,TRAIL,0.50,2026-09-12T09:51:26.289979+08:00,30955,,,,6526.4,7.5,GOOD
4616a89e-6aa7-461f-abf0-d8186b0aab26,2026-09-12T09:52:17.241844+08:00,2026-09-12T09:52:07.241844+08:00,10,10.3562192,123.8260322,2026-09-12T01:52:15Z,2978,8.5,9.8,384.56,0.00,0.09,,,2026-09-12T09:52:14.302732+08:00,2936,95,0,14.44,39.30,18,0,7,0,47,0,18,0,3,0,997,1.0053,9.3482,-1.8596,9.9227,2.4089,10.2109,,,,,,,,,,,,,,,0.68371,-0.26147,-0.23944,0.63785,-41.5,-0.4,94.1,0,2409,2610.00,2026-09-12T09:37:39.924844+08:00,877317,50.0,43.0,DISCHARGING,2026-09-12T09:52:17.244844+08:00,-3,TRAIL,0.50,2026-09-12T09:51:26.289979+08:00,50951,,,,6530.4,8.5,GOOD
4616a89e-6aa7-461f-abf0-d8186b0aab26,2026-09-12T09:52:42.247694+08:00,2026-09-12T09:52:32.247694+08:00,10,10.3562405,123.8260365,2026-09-12T01:52:39Z,3984,7.3,8.3,379.64,0.00,0.09,,,2026-09-12T09:52:38.298995+08:00,3949,94,0,15.12,40.10,18,0,7,0,47,0,18,0,2,0,1300,1.5714,9.1401,-1.6166,9.8261,1.5835,9.9529,140,0.0263,-0.0390,-0.0151,0.4647,0.3940,0.6093,,,,,,,,0.64789,-0.39631,-0.19646,0.62015,-51.2,-13.7,99.1,0,2409,2610.00,2026-09-12T09:37:39.921694+08:00,902326,50.0,43.0,DISCHARGING,2026-09-12T09:52:17.241694+08:00,25006,TRAIL,0.50,2026-09-12T09:51:26.289979+08:00,75957,,,,6532.9,7.3,GOOD
4616a89e-6aa7-461f-abf0-d8186b0aab26,2026-09-12T09:53:17.295004+08:00,2026-09-12T09:53:07.295004+08:00,10,10.3562570,123.8260658,2026-09-12T01:53:11Z,7032,7.5,8.2,380.46,0.00,0.09,,,2026-09-12T09:53:17.292497+08:00,1,0,0,,,0,0,0,0,0,0,0,0,0,0,1752,2.5743,6.8270,-5.5210,9.8157,1.4252,9.9186,,,,,,,,,,,,,,,0.64789,-0.39631,-0.19646,0.62015,-51.2,-13.7,99.1,0,2409,2610.00,2026-09-12T09:37:39.923004+08:00,937372,50.0,43.0,DISCHARGING,2026-09-12T09:53:17.296004+08:00,-1,TRAIL,0.50,2026-09-12T09:51:26.289979+08:00,111005,,,,6536.7,7.5,GOOD
4616a89e-6aa7-461f-abf0-d8186b0aab26,2026-09-12T09:53:48.243037+08:00,2026-09-12T09:53:38.243037+08:00,10,10.3562781,123.8260850,2026-09-12T01:53:43Z,5982,8.5,9.3,378.36,0.00,0.09,,,2026-09-12T09:53:42.287376+08:00,5955,94,0,15.20,38.30,18,0,7,0,47,0,18,0,2,0,1501,2.6414,8.3144,-3.3927,9.8081,1.1506,9.8754,,,,,,,,,,,,,,,0.64789,-0.39631,-0.19646,0.62015,-51.2,-13.7,99.1,0,2409,2610.00,2026-09-12T09:37:39.922037+08:00,968321,50.0,43.0,DISCHARGING,2026-09-12T09:53:17.295037+08:00,30948,TRAIL,0.50,2026-09-12T09:51:26.289979+08:00,141953,,,,6539.9,8.5,GOOD
4616a89e-6aa7-461f-abf0-d8186b0aab26,2026-09-12T09:54:00.553555+08:00,2026-09-12T09:53:50.553555+08:00,10,10.3562845,123.8260990,2026-09-12T01:53:59Z,2291,9.5,9.7,377.49,0.00,0.67,,,2026-09-12T09:53:58.273683+08:00,2279,94,0,12.37,35.40,18,0,7,0,47,0,18,0,2,0,663,1.8837,8.0092,-4.5453,9.8996,2.2139,10.1442,,,,,,,,,,,,,,,0.64789,-0.39631,-0.19646,0.62015,-51.2,-13.7,99.1,0,2409,2610.00,2026-09-12T09:37:39.922555+08:00,980631,50.0,43.0,DISCHARGING,2026-09-12T09:53:17.295555+08:00,43258,TRAIL,0.50,2026-09-12T09:51:26.289979+08:00,154263,,,,6541.6,9.5,GOOD
4616a89e-6aa7-461f-abf0-d8186b0aab26,2026-09-12T09:54:11.099621+08:00,2026-09-12T09:54:01.099621+08:00,10,10.3562884,123.8261124,2026-09-12T01:54:08Z,3836,8.6,9.7,375.81,0.00,0.13,,,2026-09-12T09:54:07.271883+08:00,3828,94,0,13.69,36.90,18,0,7,0,47,0,18,0,2,0,526,0.4824,9.4504,-1.0790,9.9889,2.3000,10.2503,,,,,,,,,,,,,,,0.64789,-0.39631,-0.19646,0.62015,-51.2,-13.7,99.1,0,2409,2610.00,2026-09-12T09:37:39.921621+08:00,991178,50.0,43.0,DISCHARGING,2026-09-12T09:53:17.294621+08:00,53805,TRAIL,0.50,2026-09-12T09:51:26.289979+08:00,164809,,,,6543.1,8.6,GOOD
4616a89e-6aa7-461f-abf0-d8186b0aab26,2026-09-12T09:54:21.105304+08:00,2026-09-12T09:54:11.105304+08:00,10,10.3562894,123.8261161,2026-09-12T01:54:15Z,6842,8.8,9.3,375.42,0.00,0.30,,,2026-09-12T09:54:20.270316+08:00,834,0,0,,,0,0,0,0,0,0,0,0,0,0,501,-0.2850,9.6475,0.2745,9.7198,0.3764,9.7271,,,,,,,,,,,,,,,0.64789,-0.39631,-0.19646,0.62015,-51.2,-13.7,99.1,0,2409,2610.00,2026-09-12T09:37:39.923304+08:00,1001182,50.0,43.0,DISCHARGING,2026-09-12T09:54:21.106304+08:00,-1,TRAIL,0.50,2026-09-12T09:51:26.289979+08:00,174815,,,,6543.6,8.8,GOOD
4616a89e-6aa7-461f-abf0-d8186b0aab26,2026-09-12T09:54:31.109949+08:00,2026-09-12T09:54:21.109949+08:00,10,10.3562974,123.8261255,2026-09-12T01:54:31Z,847,7.8,9.4,375.57,0.00,0.09,,,2026-09-12T09:54:30.27527+08:00,835,94,0,16.02,38.30,18,0,7,0,47,0,18,0,2,0,502,0.6390,9.1113,-1.8695,10.0879,2.0275,10.2896,,,,,,,,,,,,,,,0.64789,-0.39631,-0.19646,0.62015,-51.2,-13.7,99.1,0,2409,2610.00,2026-09-12T09:37:39.921949+08:00,1011188,50.0,43.0,DISCHARGING,2026-09-12T09:54:21.104949+08:00,10005,TRAIL,0.50,2026-09-12T09:51:26.289979+08:00,184819,,,,6545.1,7.8,GOOD
4616a89e-6aa7-461f-abf0-d8186b0aab26,2026-09-12T09:54:41.115327+08:00,2026-09-12T09:54:31.115327+08:00,10,10.3562997,123.8261368,2026-09-12T01:54:39Z,2852,8.4,10.0,374.77,0.00,0.09,,,2026-09-12T09:54:38.271495+08:00,2843,94,0,14.97,37.90,18,0,7,0,47,0,18,0,2,0,502,0.9177,8.8858,-2.8916,10.1452,3.1703,10.6290,,,,,,,,,,,,,,,0.64789,-0.39631,-0.19646,0.62015,-51.2,-13.7,99.1,0,2409,2610.00,2026-09-12T09:37:39.922327+08:00,1021193,50.0,43.0,DISCHARGING,2026-09-12T09:54:21.105327+08:00,20010,TRAIL,0.50,2026-09-12T09:51:26.289979+08:00,194825,,,,6546.4,8.4,GOOD
4616a89e-6aa7-461f-abf0-d8186b0aab26,2026-09-12T09:54:51.121256+08:00,2026-09-12T09:54:41.121256+08:00,10,10.3563037,123.8261417,2026-09-12T01:54:47Z,4859,8.3,9.8,374.36,0.00,0.09,,,2026-09-12T09:54:46.273153+08:00,4848,94,0,14.37,40.20,18,0,7,0,47,0,18,0,2,0,502,0.0856,9.4915,-1.6258,9.8309,1.8698,10.0071,,,,,,,,,,,,,,,0.64789,-0.39631,-0.19646,0.62015,-51.2,-13.7,99.1,0,2409,2610.00,2026-09-12T09:37:39.922256+08:00,1031199,50.0,43.0,DISCHARGING,2026-09-12T09:54:21.105256+08:00,30016,TRAIL,0.50,2026-09-12T09:51:26.289979+08:00,204831,,,,6547.1,8.3,GOOD
4616a89e-6aa7-461f-abf0-d8186b0aab26,2026-09-12T09:55:01.126408+08:00,2026-09-12T09:54:51.126408+08:00,10,10.3563057,123.8261489,2026-09-12T01:54:55Z,6864,7.0,8.1,373.90,0.00,0.18,,,2026-09-12T09:55:00.270454+08:00,856,0,0,,,0,0,0,0,0,0,0,0,0,0,502,0.6809,9.2738,-2.3320,9.8856,1.8725,10.0614,,,,,,,,,,,,,,,0.64789,-0.39631,-0.19646,0.62015,-51.2,-13.7,99.1,0,2409,2610.00,2026-09-12T09:37:39.922408+08:00,1041204,50.0,43.0,DISCHARGING,2026-09-12T09:54:21.105408+08:00,40021,TRAIL,0.50,2026-09-12T09:51:26.289979+08:00,214836,,,,6547.9,7.0,GOOD
4616a89e-6aa7-461f-abf0-d8186b0aab26,2026-09-12T09:55:11.131464+08:00,2026-09-12T09:55:01.131464+08:00,10,10.3563031,123.8261539,2026-09-12T01:55:03Z,8868,8.6,9.2,373.87,0.00,0.44,,,2026-09-12T09:55:10.273564+08:00,857,94,0,12.29,35.40,18,0,7,0,47,0,18,0,2,0,501,1.3723,9.2485,-2.4833,9.8630,2.0682,10.0775,,,,,,,,,,,,,,,0.64789,-0.39631,-0.19646,0.62015,-51.2,-13.7,99.1,0,2409,2610.00,2026-09-12T09:37:39.922464+08:00,1051209,50.0,43.0,DISCHARGING,2026-09-12T09:54:21.105464+08:00,50026,TRAIL,0.50,2026-09-12T09:51:26.289979+08:00,224841,,,,6548.5,8.6,GOOD
4616a89e-6aa7-461f-abf0-d8186b0aab26,2026-09-12T09:55:21.139306+08:00,2026-09-12T09:55:11.139306+08:00,10,10.3562787,123.8261712,2026-09-12T01:55:19Z,2876,8.5,9.3,374.22,0.00,0.63,,,2026-09-12T09:55:18.270988+08:00,2867,94,0,14.38,35.40,18,0,7,0,47,0,18,0,2,0,502,1.9524,8.7930,-2.8836,9.8098,2.1948,10.0524,,,,,,,,,,,,,,,0.64789,-0.39631,-0.19646,0.62015,-51.2,-13.7,99.1,0,2409,2610.00,2026-09-12T09:37:39.923306+08:00,1061216,49.0,43.0,DISCHARGING,2026-09-12T09:55:21.140306+08:00,-1,TRAIL,0.50,2026-09-12T09:51:26.289979+08:00,234849,,,,6551.8,8.5,GOOD
4616a89e-6aa7-461f-abf0-d8186b0aab26,2026-09-12T09:55:33.513217+08:00,2026-09-12T09:55:23.513217+08:00,10,10.3562633,123.8261773,2026-09-12T01:55:28Z,6250,7.5,8.7,373.60,0.00,0.14,,,2026-09-12T09:55:33.269676+08:00,243,0,0,,,0,0,0,0,0,0,0,0,0,0,614,0.6809,8.9792,-2.5679,9.8163,1.5003,9.9303,,,,,,,,,,,,,,,0.64789,-0.39631,-0.19646,0.62015,-51.2,-13.7,99.1,0,2409,2610.00,2026-09-12T09:37:39.922217+08:00,1073591,49.0,43.0,DISCHARGING,2026-09-12T09:55:21.139217+08:00,12374,TRAIL,0.50,2026-09-12T09:51:26.289979+08:00,247223,,,,6553.7,7.5,GOOD
4616a89e-6aa7-461f-abf0-d8186b0aab26,2026-09-12T09:55:51.394662+08:00,2026-09-12T09:55:41.394662+08:00,10,10.3562362,123.8261938,2026-09-12T01:55:51Z,1132,9.1,11.2,374.28,0.00,0.09,,,2026-09-12T09:55:50.298927+08:00,1096,94,0,13.14,41.20,18,0,7,0,47,0,18,0,2,0,901,0.3222,9.4980,-1.7189,9.6899,0.4492,9.7003,,,,,,,,,,,,,,,0.64789,-0.39631,-0.19646,0.62015,-51.2,-13.7,99.1,0,2409,2610.00,2026-09-12T09:37:39.921662+08:00,1091473,49.0,43.0,DISCHARGING,2026-09-12T09:55:21.138662+08:00,30256,TRAIL,0.50,2026-09-12T09:51:26.289979+08:00,265104,,,,6557.2,9.1,GOOD
4616a89e-6aa7-461f-abf0-d8186b0aab26,2026-09-12T09:56:10.349169+08:00,2026-09-12T09:56:00.349169+08:00,10,10.3562182,123.8262192,2026-09-12T01:56:08Z,3086,8.8,10.6,374.34,0.00,0.40,,,2026-09-12T09:56:07.271701+08:00,3077,94,0,11.50,35.50,18,0,7,0,47,0,18,0,2,0,951,0.0165,6.3927,-5.1995,9.7421,0.7625,9.7719,,,,,,,,,,,,,,,0.64789,-0.39631,-0.19646,0.62015,-51.2,-13.7,99.1,0,2409,2610.00,2026-09-12T09:37:39.922169+08:00,1110427,49.0,43.0,DISCHARGING,2026-09-12T09:55:21.139169+08:00,49210,TRAIL,0.50,2026-09-12T09:51:26.289979+08:00,284059,,,,6560.6,8.8,GOOD
4616a89e-6aa7-461f-abf0-d8186b0aab26,2026-09-12T09:56:40.34268+08:00,2026-09-12T09:56:30.34268+08:00,10,10.3562183,123.8262409,2026-09-12T01:56:39Z,2080,8.0,8.5,374.71,0.00,0.09,,,2026-09-12T09:56:38.272494+08:00,2068,94,0,13.96,40.30,18,0,7,0,47,0,18,0,2,0,1501,0.5063,8.5506,-3.4106,9.9881,2.7095,10.3491,,,,,,,,,,,,,,,0.64789,-0.39631,-0.19646,0.62015,-51.2,-13.7,99.1,0,2409,2610.00,2026-09-12T09:37:39.92368+08:00,1140419,49.0,45.0,DISCHARGING,2026-09-12T09:56:40.34468+08:00,-2,TRAIL,0.50,2026-09-12T09:51:26.289979+08:00,314052,,,,6563.9,8.0,GOOD
4616a89e-6aa7-461f-abf0-d8186b0aab26,2026-09-12T09:57:09.24355+08:00,2026-09-12T09:56:59.24355+08:00,10,10.3562474,123.8262414,2026-09-12T01:57:03Z,6981,8.6,10.1,373.87,0.00,0.09,,,2026-09-12T09:57:08.270769+08:00,972,0,0,,,0,0,0,0,0,0,0,0,0,0,1401,0.8427,9.1419,-2.0686,10.1228,3.0372,10.5686,,,,,,,,,,,,,,,0.64789,-0.39631,-0.19646,0.62015,-51.2,-13.7,99.1,0,2409,2610.00,2026-09-12T09:37:39.92255+08:00,1169321,49.0,45.0,DISCHARGING,2026-09-12T09:56:40.34355+08:00,28900,TRAIL,0.50,2026-09-12T09:51:26.289979+08:00,342953,,,,6567.1,8.6,GOOD
4616a89e-6aa7-461f-abf0-d8186b0aab26,2026-09-12T09:57:44.312458+08:00,2026-09-12T09:57:34.312458+08:00,10,10.3564555,123.8262655,2026-09-12T01:57:43Z,2050,4.1,5.8,367.23,0.00,0.93,,,2026-09-12T09:57:42.274246+08:00,2037,94,0,13.88,35.40,18,0,7,0,47,0,18,0,2,0,1802,0.7920,9.1850,-2.0252,10.0640,2.8964,10.4725,,,,,,,,,,,,,,,0.64789,-0.39631,-0.19646,0.62015,-51.2,-13.7,99.1,0,2409,2610.00,2026-09-12T09:37:39.923458+08:00,1204389,49.0,45.0,DISCHARGING,2026-09-12T09:57:44.313458+08:00,-1,TRAIL,0.50,2026-09-12T09:51:26.289979+08:00,378022,,,,6590.3,4.1,GOOD
4616a89e-6aa7-461f-abf0-d8186b0aab26,2026-09-12T09:58:11.218324+08:00,2026-09-12T09:58:01.218324+08:00,10,10.3565927,123.8262346,2026-09-12T01:58:07Z,4956,4.2,6.2,362.47,0.91,0.94,358.6,48.2,2026-09-12T09:58:06.273431+08:00,4945,94,0,14.97,36.80,18,0,7,0,47,0,18,0,2,0,1338,0.2216,9.5512,-0.8350,9.9844,2.8230,10.3758,,,,,,,,,,,,,,,0.64789,-0.39631,-0.19646,0.62015,-51.2,-13.7,99.1,0,2409,2610.00,2026-09-12T09:37:39.922324+08:00,1231296,49.0,45.0,DISCHARGING,2026-09-12T09:57:44.312324+08:00,26906,UNPAVED,0.50,2026-09-12T09:58:06.287214+08:00,4931,,,,6605.9,4.2,GOOD
4616a89e-6aa7-461f-abf0-d8186b0aab26,2026-09-12T09:58:40.481941+08:00,2026-09-12T09:58:30.481941+08:00,10,10.3567482,123.8263176,2026-09-12T01:58:39Z,2220,6.0,8.2,364.03,0.00,0.02,,,2026-09-12T09:58:38.277959+08:00,2204,94,0,15.25,41.00,18,0,7,0,47,0,18,0,2,0,1461,0.7126,9.4139,-1.3780,10.0597,3.2127,10.5603,,,,,,,,,,,,,,,0.64789,-0.39631,-0.19646,0.62015,-51.2,-13.7,99.1,0,2409,2610.00,2026-09-12T09:37:39.921941+08:00,1260560,49.0,45.0,DISCHARGING,2026-09-12T09:57:44.311941+08:00,56170,TRAIL,0.50,2026-09-12T09:58:14.289456+08:00,26192,,,,6634.4,6.0,GOOD
4616a89e-6aa7-461f-abf0-d8186b0aab26,2026-09-12T09:58:58.109132+08:00,2026-09-12T09:58:48.109132+08:00,10,10.3567030,123.8263499,2026-09-12T01:58:55Z,3847,6.3,8.4,353.27,0.67,1.21,51.5,66.9,2026-09-12T09:58:54.274854+08:00,3833,94,0,13.69,38.70,18,0,7,0,47,0,18,0,2,0,889,0.5978,9.2887,-1.8919,10.0933,3.7651,10.7727,,,,,,,,,,,,,,,0.64789,-0.39631,-0.19646,0.62015,-51.2,-13.7,99.1,0,2409,2610.00,2026-09-12T09:37:39.923132+08:00,1278186,49.0,45.0,DISCHARGING,2026-09-12T09:58:58.110132+08:00,-1,TRAIL,0.50,2026-09-12T09:58:14.289456+08:00,43819,,,,6640.8,6.3,GOOD
4616a89e-6aa7-461f-abf0-d8186b0aab26,2026-09-12T09:59:20.542645+08:00,2026-09-12T09:59:10.542645+08:00,10,10.3567734,123.8264591,2026-09-12T01:59:19Z,2281,8.0,10.7,348.79,0.60,0.93,356.3,62.5,2026-09-12T09:59:18.268782+08:00,2274,94,0,12.47,37.90,18,0,7,0,47,0,18,0,2,0,1127,0.5357,9.5921,-0.7225,10.0262,2.4975,10.3325,,,,,,,,,,,,,,,0.64789,-0.39631,-0.19646,0.62015,-51.2,-13.7,99.1,0,2409,2610.00,2026-09-12T09:37:39.921645+08:00,1300621,49.0,45.0,DISCHARGING,2026-09-12T09:58:58.108645+08:00,22434,TRAIL,0.50,2026-09-12T09:59:18.285912+08:00,2256,,,,6660.4,8.0,GOOD
4616a89e-6aa7-461f-abf0-d8186b0aab26,2026-09-12T09:59:40.503722+08:00,2026-09-12T09:59:30.503722+08:00,10,10.3568465,123.8264386,2026-09-12T01:59:35Z,6242,6.7,9.3,350.40,0.00,0.01,,,2026-09-12T09:59:40.274123+08:00,230,0,0,,,0,0,0,0,0,0,0,0,0,0,987,0.5380,9.5861,-0.4605,9.9963,2.5593,10.3187,,,,,,,,,,,,,,,0.64789,-0.39631,-0.19646,0.62015,-51.2,-13.7,99.1,0,2409,2610.00,2026-09-12T09:37:39.921722+08:00,1320582,49.0,45.0,DISCHARGING,2026-09-12T09:58:58.108722+08:00,42395,TRAIL,0.50,2026-09-12T09:59:18.285912+08:00,22217,,,,6668.9,6.7,GOOD
4616a89e-6aa7-461f-abf0-d8186b0aab26,2026-09-12T09:59:50.766114+08:00,2026-09-12T09:59:40.766114+08:00,10,10.3569405,123.8264757,2026-09-12T01:59:51Z,504,5.5,7.8,347.16,0.47,0.95,35.1,71.5,2026-09-12T09:59:50.275092+08:00,491,94,0,14.46,39.80,18,0,7,0,47,0,18,0,2,0,514,0.4729,9.5285,-1.0694,10.0505,2.6600,10.3965,,,,,,,,,,,,,,,0.64789,-0.39631,-0.19646,0.62015,-51.2,-13.7,99.1,0,2409,2610.00,2026-09-12T09:37:39.922114+08:00,1330844,49.0,45.0,DISCHARGING,2026-09-12T09:58:58.109114+08:00,52657,TRAIL,0.50,2026-09-12T09:59:18.285912+08:00,32480,,,,6683.9,5.5,GOOD
4616a89e-6aa7-461f-abf0-d8186b0aab26,2026-09-12T10:00:05.027178+08:00,2026-09-12T09:59:55.027178+08:00,10,10.3569724,123.8264712,2026-09-12T01:59:59Z,6765,4.8,7.1,350.02,0.00,0.08,,,2026-09-12T10:00:04.272428+08:00,753,0,0,,,0,0,0,0,0,0,0,0,0,0,726,0.7189,8.8816,-2.8401,10.0219,1.9970,10.2190,,,,,,,,,,,,,,,0.64789,-0.39631,-0.19646,0.62015,-51.2,-13.7,99.1,0,2409,2610.00,2026-09-12T09:37:39.924178+08:00,1345103,48.0,44.0,DISCHARGING,2026-09-12T10:00:05.029178+08:00,-2,TRAIL,0.50,2026-09-12T09:59:18.285912+08:00,46741,,,,6687.5,4.8,GOOD
4616a89e-6aa7-461f-abf0-d8186b0aab26,2026-09-12T10:00:30.772058+08:00,2026-09-12T10:00:20.772058+08:00,10,10.3570101,123.8265856,2026-09-12T02:00:31Z,510,5.6,7.8,344.86,0.00,0.01,,,2026-09-12T10:00:30.270168+08:00,502,94,0,15.21,39.30,18,0,7,0,47,0,18,0,2,0,1290,1.0443,9.4809,-0.9323,9.9862,2.8347,10.3807,,,,,,,,,,,,,,,0.64789,-0.39631,-0.19646,0.62015,-51.2,-13.7,99.1,0,2409,2610.00,2026-09-12T09:37:39.922058+08:00,1370850,48.0,44.0,DISCHARGING,2026-09-12T10:00:05.027058+08:00,25745,UNPAVED,0.50,2026-09-12T10:00:22.296975+08:00,8475,,,,6704.7,5.6,GOOD
4616a89e-6aa7-461f-abf0-d8186b0aab26,2026-09-12T10:00:56.074388+08:00,2026-09-12T10:00:46.074388+08:00,10,10.3571416,123.8265009,2026-09-12T02:00:55Z,1812,5.7,8.6,347.60,0.00,0.02,,,2026-09-12T10:00:54.27393+08:00,1800,94,0,14.95,39.40,18,0,7,0,47,0,18,0,2,0,1262,0.5164,9.4809,-1.4543,9.9622,2.3731,10.2410,,,,,,,,,,,,,,,0.64789,-0.39631,-0.19646,0.62015,-51.2,-13.7,99.1,0,2409,2610.00,2026-09-12T09:37:39.922388+08:00,1396152,48.0,44.0,DISCHARGING,2026-09-12T10:00:05.027388+08:00,51047,UNPAVED,0.50,2026-09-12T10:00:22.296975+08:00,33777,,,,6722.7,5.7,GOOD
4616a89e-6aa7-461f-abf0-d8186b0aab26,2026-09-12T10:01:13.994557+08:00,2026-09-12T10:01:03.994557+08:00,10,10.3571221,123.8265537,2026-09-12T02:01:11Z,3733,4.5,6.4,337.21,0.18,0.95,27.0,92.2,2026-09-12T10:01:10.271004+08:00,3722,94,0,14.84,40.10,18,0,7,0,47,0,18,0,2,0,887,0.6501,9.5577,-0.8974,9.9709,2.5751,10.2980,,,,,,,,,,,,,,,0.64789,-0.39631,-0.19646,0.62015,-51.2,-13.7,99.1,0,2409,2610.00,2026-09-12T09:37:39.923557+08:00,1414071,48.0,44.0,DISCHARGING,2026-09-12T10:01:13.995557+08:00,-1,TRAIL,0.50,2026-09-12T10:01:02.293548+08:00,11701,,,,6733.2,4.5,GOOD
4616a89e-6aa7-461f-abf0-d8186b0aab26,2026-09-12T10:01:46.077926+08:00,2026-09-12T10:01:36.077926+08:00,10,10.3572178,123.8265886,2026-09-12T02:01:43Z,3816,4.9,7.2,330.71,0.22,0.93,24.9,89.3,2026-09-12T10:01:42.29883+08:00,3779,94,0,15.02,39.30,18,0,7,0,47,0,18,0,2,0,1613,1.0125,9.4760,-0.9760,9.9628,2.2090,10.2048,,,,,,,,,,,,,,,0.64789,-0.39631,-0.19646,0.62015,-51.2,-13.7,99.1,0,2409,2610.00,2026-09-12T09:37:39.921926+08:00,1446156,48.0,44.0,DISCHARGING,2026-09-12T10:01:13.993926+08:00,32084,TRAIL,0.50,2026-09-12T10:01:02.293548+08:00,43784,,,,6746.2,4.9,GOOD
4616a89e-6aa7-461f-abf0-d8186b0aab26,2026-09-12T10:02:18.65944+08:00,2026-09-12T10:02:08.65944+08:00,10,10.3573534,123.8265100,2026-09-12T02:02:15Z,4397,5.0,7.2,332.91,0.00,0.91,,,2026-09-12T10:02:14.301011+08:00,4357,95,0,14.82,38.80,18,0,7,0,48,0,18,0,2,0,1624,0.9048,9.1124,-1.9101,10.0033,2.5918,10.3336,,,,,,,,,,,,,,,0.64789,-0.39631,-0.19646,0.62015,-51.2,-13.7,99.1,0,2409,2610.00,2026-09-12T09:37:39.92344+08:00,1478736,48.0,44.0,DISCHARGING,2026-09-12T10:02:18.66044+08:00,-1,TRAIL,0.50,2026-09-12T10:02:06.310275+08:00,12349,,,,6763.7,5.0,GOOD
4616a89e-6aa7-461f-abf0-d8186b0aab26,2026-09-12T10:02:48.748246+08:00,2026-09-12T10:02:38.748246+08:00,10,10.3574499,123.8264755,2026-09-12T02:02:47Z,2486,6.3,9.2,327.04,0.76,0.98,318.5,55.5,2026-09-12T10:02:46.295794+08:00,2452,95,0,13.91,35.40,18,0,7,0,48,0,18,0,2,0,1501,0.6029,9.4428,-1.3629,10.0691,2.8444,10.4631,,,,,,,,,,,,,,,0.64789,-0.39631,-0.19646,0.62015,-51.2,-13.7,99.1,0,2409,2610.00,2026-09-12T09:37:39.922246+08:00,1508826,48.0,44.0,DISCHARGING,2026-09-12T10:02:18.659246+08:00,30089,UNPAVED,0.50,2026-09-12T10:02:46.313796+08:00,2434,,,,6776.1,6.3,GOOD
4616a89e-6aa7-461f-abf0-d8186b0aab26,2026-09-12T10:03:07.257254+08:00,2026-09-12T10:02:57.257254+08:00,10,10.3574164,123.8263790,2026-09-12T02:03:03Z,4995,6.0,9.1,320.87,0.20,1.06,239.3,92.2,2026-09-12T10:03:02.274418+08:00,4983,95,0,12.04,39.30,18,0,7,0,48,0,18,0,2,0,928,0.6433,9.5164,-0.9492,10.0657,3.0548,10.5191,,,,,,,,,,,,,,,0.64789,-0.39631,-0.19646,0.62015,-51.2,-13.7,99.1,0,2409,2610.00,2026-09-12T09:37:39.922254+08:00,1527335,48.0,44.0,DISCHARGING,2026-09-12T10:02:18.659254+08:00,48598,UNPAVED,0.50,2026-09-12T10:02:46.313796+08:00,20943,,,,6789.1,6.0,GOOD
4616a89e-6aa7-461f-abf0-d8186b0aab26,2026-09-12T10:03:18.724163+08:00,2026-09-12T10:03:08.724163+08:00,10,10.3574695,123.8263383,2026-09-12T02:03:19Z,462,6.0,8.3,317.36,0.32,0.96,306.7,83.0,2026-09-12T10:03:18.292919+08:00,430,95,0,13.54,35.40,18,0,7,0,48,0,18,0,2,0,576,0.9385,9.5231,-0.6627,9.9487,2.1170,10.1714,,,,,,,,,,,,,,,0.64789,-0.39631,-0.19646,0.62015,-51.2,-13.7,99.1,0,2409,2610.00,2026-09-12T09:37:39.923163+08:00,1538801,48.0,44.0,DISCHARGING,2026-09-12T10:03:18.725163+08:00,-1,TRAIL,0.50,2026-09-12T10:03:10.297313+08:00,8426,,,,6798.4,6.0,GOOD
4616a89e-6aa7-461f-abf0-d8186b0aab26,2026-09-12T10:03:36.592806+08:00,2026-09-12T10:03:26.592806+08:00,10,10.3575276,123.8263119,2026-09-12T02:03:35Z,2331,5.9,8.3,315.82,1.02,0.93,176.5,43.9,2026-09-12T10:03:34.274938+08:00,2318,95,0,14.55,37.70,18,0,7,0,48,0,18,0,2,0,902,0.7084,9.5405,-0.7456,10.0392,2.9636,10.4675,260,0.0088,0.1056,-0.2034,3.4647,2.3411,4.1815,,,,,,,,0.29466,-0.66773,-0.64030,0.23942,-135.5,3.3,93.8,0,2409,2610.00,2026-09-12T09:37:39.921806+08:00,1556671,48.0,44.0,DISCHARGING,2026-09-12T10:03:18.723806+08:00,17869,UNPAVED,0.50,2026-09-12T10:03:26.320728+08:00,10272,,,,6808.2,5.9,GOOD
4616a89e-6aa7-461f-abf0-d8186b0aab26,2026-09-12T10:04:05.110981+08:00,2026-09-12T10:03:55.110981+08:00,10,10.3576811,123.8262998,2026-09-12T02:03:59Z,6851,4.7,6.4,320.42,0.62,0.96,329.0,62.2,2026-09-12T10:04:04.269279+08:00,842,0,0,,,0,0,0,0,0,0,0,0,0,0,1422,0.5360,9.5847,-0.6530,10.0158,2.7463,10.3855,32,-0.2082,-0.2600,0.4649,4.0485,1.6626,4.3766,,,,,,,,0.29981,-0.65498,-0.65273,0.23465,-135.4,4.8,92.2,0,2409,2610.00,2026-09-12T09:37:39.921981+08:00,1585189,48.0,44.0,DISCHARGING,2026-09-12T10:03:18.723981+08:00,46387,TRAIL,0.50,2026-09-12T10:03:50.299904+08:00,14811,,,,6834.6,4.7,GOOD
4616a89e-6aa7-461f-abf0-d8186b0aab26,2026-09-12T10:04:29.520256+08:00,2026-09-12T10:04:19.520256+08:00,10,10.3578028,123.8263560,2026-09-12T02:04:23Z,7260,6.2,10.4,321.38,0.00,0.01,,,2026-09-12T10:04:29.268461+08:00,250,0,0,,,0,0,0,0,0,0,0,0,0,0,1224,0.4543,9.5501,-0.8830,10.0058,2.8468,10.4029,,,,,,,,,,,,,,,0.29981,-0.65498,-0.65273,0.23465,-135.4,4.8,92.2,0,2409,2610.00,2026-09-12T09:37:39.923256+08:00,1609597,47.0,44.0,DISCHARGING,2026-09-12T10:04:29.521256+08:00,-1,TRAIL,0.50,2026-09-12T10:03:50.299904+08:00,39220,,,,6850.2,6.2,GOOD
4616a89e-6aa7-461f-abf0-d8186b0aab26,2026-09-12T10:05:03.708073+08:00,2026-09-12T10:04:53.708073+08:00,10,10.3579749,123.8262913,2026-09-12T02:05:03Z,1447,4.4,5.9,317.13,0.66,0.93,107.8,59.5,2026-09-12T10:05:02.270036+08:00,1438,97,0,15.82,37.70,18,0,7,0,48,0,18,0,4,0,1698,0.0285,9.5451,-1.1684,10.0095,1.9906,10.2055,,,,,,,,,,,,,,,0.29981,-0.65498,-0.65273,0.23465,-135.4,4.8,92.2,0,2409,2610.00,2026-09-12T09:37:39.922073+08:00,1643786,47.0,44.0,DISCHARGING,2026-09-12T10:04:29.520073+08:00,34188,TRAIL,0.50,2026-09-12T10:05:02.285805+08:00,1422,,,,6877.6,4.4,GOOD
4616a89e-6aa7-461f-abf0-d8186b0aab26,2026-09-12T10:05:28.392014+08:00,2026-09-12T10:05:18.392014+08:00,10,10.3580461,123.8263089,2026-09-12T02:05:27Z,2131,3.8,4.3,317.42,0.00,0.08,,,2026-09-12T10:05:26.297957+08:00,2094,97,0,14.62,41.80,18,0,7,0,48,0,18,0,4,0,1239,0.3631,9.6210,-0.7980,9.7156,0.5643,9.7319,,,,,,,,,,,,,,,0.29981,-0.65498,-0.65273,0.23465,-135.4,4.8,92.2,0,2409,2610.00,2026-09-12T09:37:39.922014+08:00,1668470,47.0,44.0,DISCHARGING,2026-09-12T10:04:29.520014+08:00,58872,TRAIL,0.50,2026-09-12T10:05:02.285805+08:00,26106,,,,6887.5,3.8,GOOD
4616a89e-6aa7-461f-abf0-d8186b0aab26,2026-09-12T10:05:56.297899+08:00,2026-09-12T10:05:46.297899+08:00,10,10.3580617,123.8263310,2026-09-12T02:05:51Z,6037,4.6,6.8,316.02,0.00,1.00,,,2026-09-12T10:05:56.266528+08:00,30,0,0,,,0,0,0,0,0,0,0,0,0,0,1400,0.1650,8.6355,-2.0733,9.7822,1.1600,9.8507,,,,,,,,,,,,,,,0.29981,-0.65498,-0.65273,0.23465,-135.4,4.8,92.2,0,2409,2610.00,2026-09-12T09:37:39.922899+08:00,1696375,47.0,44.0,DISCHARGING,2026-09-12T10:05:56.298899+08:00,-1,TRAIL,0.50,2026-09-12T10:05:02.285805+08:00,54012,,,,6891.4,4.6,GOOD
4616a89e-6aa7-461f-abf0-d8186b0aab26,2026-09-12T10:06:19.288436+08:00,2026-09-12T10:06:09.288436+08:00,10,10.3580618,123.8262878,2026-09-12T02:06:15Z,5027,8.9,12.4,320.61,0.00,0.91,,,2026-09-12T10:06:14.296178+08:00,4992,93,0,8.80,32.70,18,0,7,0,48,0,18,0,1,0,1149,0.0666,6.6549,-3.7545,9.7376,0.5350,9.7523,,,,,,,,,,,,,,,0.29981,-0.65498,-0.65273,0.23465,-135.4,4.8,92.2,0,2409,2610.00,2026-09-12T09:37:39.922436+08:00,1719366,47.0,44.0,DISCHARGING,2026-09-12T10:05:56.298436+08:00,22990,TRAIL,0.50,2026-09-12T10:05:02.285805+08:00,77002,,,,6900.5,8.9,GOOD
4616a89e-6aa7-461f-abf0-d8186b0aab26,2026-09-12T10:06:45.092151+08:00,2026-09-12T10:06:35.092151+08:00,10,10.3580640,123.8262769,2026-09-12T02:06:39Z,6831,5.9,8.8,316.51,1.46,1.02,152.5,34.4,2026-09-12T10:06:44.270575+08:00,821,0,0,,,0,0,0,0,0,0,0,0,0,0,1288,0.9114,7.0432,-3.5825,9.8473,1.4174,9.9488,,,,,,,,,,,,,,,0.29981,-0.65498,-0.65273,0.23465,-135.4,4.8,92.2,0,2409,2610.00,2026-09-12T09:37:39.922151+08:00,1745170,47.0,44.0,DISCHARGING,2026-09-12T10:05:56.298151+08:00,48794,CONCRETE,0.50,2026-09-12T10:06:38.297843+08:00,6794,,,,6904.1,5.9,GOOD
4616a89e-6aa7-461f-abf0-d8186b0aab26,2026-09-12T10:06:55.096995+08:00,2026-09-12T10:06:45.096995+08:00,10,10.3580958,123.8263575,2026-09-12T02:06:55Z,836,5.0,7.1,320.33,0.00,0.08,,,2026-09-12T10:06:54.269174+08:00,828,95,0,13.18,39.80,18,0,7,0,48,0,18,0,4,0,502,-0.5099,9.1127,-1.3715,9.7125,0.5204,9.7265,,,,,,,,,,,,,,,0.29981,-0.65498,-0.65273,0.23465,-135.4,4.8,92.2,0,2409,2610.00,2026-09-12T09:37:39.921995+08:00,1755175,47.0,44.0,DISCHARGING,2026-09-12T10:05:56.297995+08:00,58799,TRAIL,0.50,2026-09-12T10:06:46.283883+08:00,8813,,,,6923.9,5.0,GOOD
4616a89e-6aa7-461f-abf0-d8186b0aab26,2026-09-12T10:07:06.303523+08:00,2026-09-12T10:06:56.303523+08:00,10,10.3581400,123.8263615,2026-09-12T02:07:03Z,4042,6.0,8.7,315.50,0.00,0.02,,,2026-09-12T10:07:02.301647+08:00,4000,95,0,13.03,40.20,18,0,7,0,48,0,18,0,4,0,564,-0.0256,9.6092,-0.7163,9.7025,0.3517,9.7089,,,,,,,,,,,,,,,0.29981,-0.65498,-0.65273,0.23465,-135.4,4.8,92.2,0,2409,2610.00,2026-09-12T09:37:39.923523+08:00,1766380,47.0,44.0,DISCHARGING,2026-09-12T10:07:06.304523+08:00,-1,TRAIL,0.50,2026-09-12T10:06:46.283883+08:00,20019,,,,6928.8,6.0,GOOD
4616a89e-6aa7-461f-abf0-d8186b0aab26,2026-09-12T10:07:34.243408+08:00,2026-09-12T10:07:24.243408+08:00,10,10.3581077,123.8263403,2026-09-12T02:07:27Z,7982,3.8,4.1,322.96,0.00,0.08,,,2026-09-12T10:07:33.266735+08:00,976,0,0,,,0,0,0,0,0,0,0,0,0,0,1352,-0.1663,9.4925,1.6576,9.7361,0.7854,9.7677,,,,,,,,,,,,,,,0.29981,-0.65498,-0.65273,0.23465,-135.4,4.8,92.2,0,2409,2610.00,2026-09-12T09:37:39.922408+08:00,1794321,47.0,44.0,DISCHARGING,2026-09-12T10:07:06.303408+08:00,27940,TRAIL,0.50,2026-09-12T10:06:46.283883+08:00,47959,,,,6933.1,3.8,GOOD
4616a89e-6aa7-461f-abf0-d8186b0aab26,2026-09-12T10:08:03.132914+08:00,2026-09-12T10:07:53.132914+08:00,10,10.3580376,123.8263303,2026-09-12T02:07:59Z,4872,3.8,4.7,319.11,1.61,1.08,152.2,32.7,2026-09-12T10:07:58.296447+08:00,4837,96,0,14.76,38.80,18,0,7,0,48,0,18,0,5,0,1489,0.0646,9.5608,1.5759,9.7181,0.7421,9.7464,,,,,,,,,,,,,,,0.29981,-0.65498,-0.65273,0.23465,-135.4,4.8,92.2,0,2409,2610.00,2026-09-12T09:37:39.921914+08:00,1823211,47.0,44.0,DISCHARGING,2026-09-12T10:07:06.302914+08:00,56830,CONCRETE,0.50,2026-09-12T10:07:58.311812+08:00,4821,,,,6941.9,3.8,GOOD
4616a89e-6aa7-461f-abf0-d8186b0aab26,2026-09-12T10:08:29.382438+08:00,2026-09-12T10:08:19.382438+08:00,10,10.3581272,123.8261802,2026-09-12T02:08:23Z,7121,5.2,7.5,319.12,0.00,0.01,,,2026-09-12T10:08:29.266426+08:00,115,0,0,,,0,0,0,0,0,0,0,0,0,0,1315,0.0300,9.5507,1.5629,9.7620,1.7604,9.9195,,,,,,,,,,,,,,,0.29981,-0.65498,-0.65273,0.23465,-135.4,4.8,92.2,0,2409,2610.00,2026-09-12T09:37:39.923438+08:00,1849459,47.0,44.0,DISCHARGING,2026-09-12T10:08:29.383438+08:00,-1,TRAIL,0.50,2026-09-12T10:08:06.297168+08:00,23085,,,,6963.7,5.2,GOOD
4616a89e-6aa7-461f-abf0-d8186b0aab26,2026-09-12T10:09:02.373609+08:00,2026-09-12T10:08:52.373609+08:00,10,10.3582758,123.8260030,2026-09-12T02:09:03Z,113,4.7,6.8,305.11,0.39,0.95,307.7,76.4,2026-09-12T10:09:02.270718+08:00,103,96,0,15.34,43.00,18,0,7,0,48,0,18,0,5,0,1649,0.0047,9.5989,1.2340,9.7738,2.1005,9.9970,,,,,,,,,,,,,,,0.29981,-0.65498,-0.65273,0.23465,-135.4,4.8,92.2,0,2409,2610.00,2026-09-12T09:37:39.921609+08:00,1882452,47.0,44.0,DISCHARGING,2026-09-12T10:08:29.381609+08:00,32992,TRAIL,0.50,2026-09-12T10:08:06.297168+08:00,56076,,,,6996.1,4.7,GOOD
4616a89e-6aa7-461f-abf0-d8186b0aab26,2026-09-12T10:09:30.239512+08:00,2026-09-12T10:09:20.239512+08:00,10,10.3583919,123.8259575,2026-09-12T02:09:27Z,3979,5.3,6.9,307.11,0.67,0.92,336.2,58.9,2026-09-12T10:09:26.294217+08:00,3943,95,0,15.25,42.90,18,0,7,0,47,0,18,0,5,0,1351,0.0371,9.5823,1.2684,9.7655,1.7360,9.9186,,,,,,,,,,,,,,,0.29981,-0.65498,-0.65273,0.23465,-135.4,4.8,92.2,0,2409,2610.00,2026-09-12T09:37:39.924512+08:00,1910315,47.0,44.0,DISCHARGING,2026-09-12T10:09:30.241512+08:00,-2,TRAIL,0.50,2026-09-12T10:09:26.310689+08:00,3928,,,,7014.1,5.3,GOOD
4616a89e-6aa7-461f-abf0-d8186b0aab26,2026-09-12T10:09:46.909093+08:00,2026-09-12T10:09:36.909093+08:00,10,10.3584841,123.8259695,2026-09-12T02:09:43Z,4649,3.8,4.6,305.24,0.78,0.92,354.8,53.2,2026-09-12T10:09:42.267751+08:00,4641,94,0,15.66,42.60,18,0,7,0,47,0,18,0,4,0,876,-0.0737,9.6088,1.3588,9.7916,1.8164,9.9587,,,,,,,,,,,,,,,0.29981,-0.65498,-0.65273,0.23465,-135.4,4.8,92.2,0,2409,2610.00,2026-09-12T09:37:39.922093+08:00,1926987,47.0,44.0,DISCHARGING,2026-09-12T10:09:30.239093+08:00,16670,UNPAVED,0.50,2026-09-12T10:09:34.315457+08:00,12593,,,,7024.4,3.8,GOOD
4616a89e-6aa7-461f-abf0-d8186b0aab26,2026-09-12T10:10:11.313852+08:00,2026-09-12T10:10:01.313852+08:00,10,10.3586798,123.8260362,2026-09-12T02:10:05Z,7052,5.3,10.4,305.24,1.01,2.16,13.6,60.2,2026-09-12T10:10:04.295486+08:00,7019,0,0,,,0,0,0,0,0,0,0,0,0,0,1227,0.2390,9.6127,1.1194,9.7766,1.7567,9.9332,,,,,,,,,,,,,,,0.29981,-0.65498,-0.65273,0.23465,-135.4,4.8,92.2,0,2409,2610.00,2026-09-12T09:37:39.921852+08:00,1951392,47.0,44.0,DISCHARGING,2026-09-12T10:09:30.238852+08:00,41075,UNPAVED,0.50,2026-09-12T10:09:58.322292+08:00,12991,,,,7047.4,5.3,GOOD
4616a89e-6aa7-461f-abf0-d8186b0aab26,2026-09-12T10:10:37.620377+08:00,2026-09-12T10:10:27.620377+08:00,10,10.3589080,123.8260472,2026-09-12T02:10:30Z,8360,8.3,13.6,310.53,1.51,2.25,337.1,46.1,2026-09-12T10:10:37.26442+08:00,355,0,0,,,0,0,0,0,0,0,0,0,0,0,1312,0.5023,9.6249,0.6623,9.8412,1.6830,9.9840,,,,,,,,,,,,,,,0.29981,-0.65498,-0.65273,0.23465,-135.4,4.8,92.2,0,2409,2610.00,2026-09-12T09:37:39.923377+08:00,1977697,46.0,44.0,DISCHARGING,2026-09-12T10:10:37.621377+08:00,-1,CONCRETE,0.50,2026-09-12T10:10:29.306912+08:00,8313,,,,7073.4,8.3,GOOD
4616a89e-6aa7-461f-abf0-d8186b0aab26,2026-09-12T10:10:47.625456+08:00,2026-09-12T10:10:37.625456+08:00,10,10.3590006,123.8260378,2026-09-12T02:10:47Z,1365,5.4,7.1,303.74,0.66,1.02,357.2,62.4,2026-09-12T10:10:46.273638+08:00,1351,95,0,13.31,36.70,18,0,7,0,47,0,18,0,5,0,502,0.9540,9.6052,-0.3801,9.9382,1.8968,10.1176,,,,,,,,,,,,,,,0.29981,-0.65498,-0.65273,0.23465,-135.4,4.8,92.2,0,2409,2610.00,2026-09-12T09:37:39.922456+08:00,1987703,46.0,44.0,DISCHARGING,2026-09-12T10:10:37.620456+08:00,10005,TRAIL,0.50,2026-09-12T10:10:46.286526+08:00,1338,,,,7083.9,5.4,GOOD
4616a89e-6aa7-461f-abf0-d8186b0aab26,2026-09-12T10:10:57.630431+08:00,2026-09-12T10:10:47.630431+08:00,10,10.3590521,123.8260477,2026-09-12T02:10:53Z,5369,6.4,12.0,303.08,1.09,2.26,6.8,58.7,2026-09-12T10:10:52.269798+08:00,5360,0,0,,,0,0,0,0,0,0,0,0,0,0,502,0.8834,9.6360,-0.4497,9.9425,1.8167,10.1071,215,0.2000,-0.0749,0.0838,2.4160,1.0465,2.6329,,,,,,,,0.55036,-0.45699,-0.38464,0.58336,-73.3,-6.3,91.4,0,2409,2610.00,2026-09-12T09:37:39.922431+08:00,1997708,46.0,44.0,DISCHARGING,2026-09-12T10:10:37.620431+08:00,20010,UNPAVED,0.50,2026-09-12T10:10:52.277798+08:00,5352,,,,7089.7,6.4,GOOD
4616a89e-6aa7-461f-abf0-d8186b0aab26,2026-09-12T10:11:27.235629+08:00,2026-09-12T10:11:17.235629+08:00,10,10.3592815,123.8261467,2026-09-12T02:11:25Z,2975,6.1,10.7,297.96,1.13,2.55,355.4,63.1,2026-09-12T10:11:24.269626+08:00,2966,0,0,,,0,0,0,0,0,0,0,0,0,0,1438,0.7359,9.6470,-0.3485,9.9538,2.1688,10.1873,,,,,,,,,,,,,,,0.55036,-0.45699,-0.38464,0.58336,-73.3,-6.3,91.4,0,2409,2610.00,2026-09-12T09:37:39.921629+08:00,2027314,46.0,44.0,DISCHARGING,2026-09-12T10:10:37.619629+08:00,49616,UNPAVED,0.50,2026-09-12T10:11:19.309127+08:00,7926,,,,7119.7,6.1,GOOD
4616a89e-6aa7-461f-abf0-d8186b0aab26,2026-09-12T10:11:49.903221+08:00,2026-09-12T10:11:39.903221+08:00,10,10.3595220,123.8260855,2026-09-12T02:11:50Z,643,6.6,12.3,290.45,1.19,2.25,350.1,51.6,2026-09-12T10:11:49.296084+08:00,606,0,0,,,0,0,0,0,0,0,0,0,0,0,1176,0.7454,9.6123,-0.4445,9.9212,1.9781,10.1165,,,,,,,,,,,,,,,0.55036,-0.45699,-0.38464,0.58336,-73.3,-6.3,91.4,0,2409,2610.00,2026-09-12T09:37:39.923221+08:00,2049980,46.0,44.0,DISCHARGING,2026-09-12T10:11:49.904221+08:00,-1,UNPAVED,0.50,2026-09-12T10:11:49.303868+08:00,599,,,,7148.6,6.6,GOOD
4616a89e-6aa7-461f-abf0-d8186b0aab26,2026-09-12T10:12:26.241668+08:00,2026-09-12T10:12:16.241668+08:00,10,10.3594857,123.8260339,2026-09-12T02:12:23Z,3981,3.8,4.3,294.50,0.00,0.97,,,2026-09-12T10:12:22.293018+08:00,3949,94,0,16.38,34.80,18,0,7,0,47,0,18,0,4,0,1823,0.6970,9.5756,-0.6711,9.7487,0.8012,9.7816,,,,,,,,,,,,,,,0.55036,-0.45699,-0.38464,0.58336,-73.3,-6.3,91.4,0,2409,2610.00,2026-09-12T09:37:39.921668+08:00,2086320,46.0,44.0,DISCHARGING,2026-09-12T10:11:49.902668+08:00,36339,UNPAVED,0.50,2026-09-12T10:11:49.303868+08:00,36937,,,,7159.7,3.8,GOOD
4616a89e-6aa7-461f-abf0-d8186b0aab26,2026-09-12T10:13:07.154343+08:00,2026-09-12T10:12:57.154343+08:00,10,10.3594659,123.8260745,2026-09-12T02:13:03Z,4894,8.2,10.7,289.72,0.00,0.07,,,2026-09-12T10:13:02.293718+08:00,4859,95,0,6.24,31.30,18,0,7,0,47,0,20,0,3,0,2040,5.7428,4.6717,-5.8609,9.7738,0.5613,9.7899,,,,,,,,,,,,,,,0.55036,-0.45699,-0.38464,0.58336,-73.3,-6.3,91.4,0,2409,2610.00,2026-09-12T09:37:39.923343+08:00,2127231,46.0,44.0,DISCHARGING,2026-09-12T10:13:07.155343+08:00,-1,UNPAVED,0.50,2026-09-12T10:11:49.303868+08:00,77850,,,,7178.6,8.2,GOOD
4616a89e-6aa7-461f-abf0-d8186b0aab26,2026-09-12T10:13:17.69844+08:00,2026-09-12T10:13:07.69844+08:00,10,10.3595345,123.8260717,2026-09-12T02:13:12Z,6438,13.6,14.6,287.10,0.00,0.07,,,2026-09-12T10:13:17.289765+08:00,408,0,0,,,0,0,0,0,0,0,0,0,0,0,535,5.1924,2.6556,-7.6768,9.7742,0.3558,9.7807,,,,,,,,,,,,,,,0.55036,-0.45699,-0.38464,0.58336,-73.3,-6.3,91.4,0,2409,2610.00,2026-09-12T09:37:39.92244+08:00,2137776,46.0,44.0,DISCHARGING,2026-09-12T10:13:07.15444+08:00,10544,UNPAVED,0.50,2026-09-12T10:11:49.303868+08:00,88394,,,,7186.2,13.6,GOOD
4616a89e-6aa7-461f-abf0-d8186b0aab26,2026-09-12T10:13:38.235066+08:00,2026-09-12T10:13:28.235066+08:00,10,10.3595811,123.8259812,2026-09-12T02:13:35Z,3975,15.3,11.6,301.82,0.00,0.07,,,2026-09-12T10:13:34.289591+08:00,3945,95,0,7.17,33.00,18,0,7,0,47,0,20,0,3,0,992,4.1505,5.5467,-6.0806,9.7791,0.9700,9.8271,,,,,,,,,,,,,,,0.55036,-0.45699,-0.38464,0.58336,-73.3,-6.3,91.4,0,2409,2610.00,2026-09-12T09:37:39.922066+08:00,2158313,46.0,44.0,DISCHARGING,2026-09-12T10:13:07.154066+08:00,31081,UNPAVED,0.50,2026-09-12T10:11:49.303868+08:00,108931,,,,7205.7,15.3,GOOD
4616a89e-6aa7-461f-abf0-d8186b0aab26,2026-09-12T10:14:06.828975+08:00,2026-09-12T10:13:56.828975+08:00,10,10.3594807,123.8260262,2026-09-12T02:13:59Z,8569,9.5,13.8,303.81,0.00,1.29,,,2026-09-12T10:14:06.269566+08:00,559,95,0,7.11,29.50,18,0,7,0,47,0,20,0,3,0,1466,1.5133,7.0946,-4.2406,9.8000,0.9805,9.8489,,,,,,,,,,,,,,,0.55036,-0.45699,-0.38464,0.58336,-73.3,-6.3,91.4,0,2409,2610.00,2026-09-12T09:37:39.921975+08:00,2186907,46.0,44.0,DISCHARGING,2026-09-12T10:13:07.153975+08:00,59675,UNPAVED,0.50,2026-09-12T10:11:49.303868+08:00,137525,,,,7217.9,9.5,GOOD
4616a89e-6aa7-461f-abf0-d8186b0aab26,2026-09-12T10:14:16.835344+08:00,2026-09-12T10:14:06.835344+08:00,10,10.3594521,123.8259427,2026-09-12T02:14:15Z,2575,20.7,15.1,290.37,1.16,2.90,227.6,81.6,2026-09-12T10:14:14.267231+08:00,2567,95,0,6.21,29.00,18,0,7,0,47,0,20,0,3,0,501,3.4395,6.0006,-6.4224,9.7570,1.2204,9.8330,,,,,,,,,,,,,,,0.55036,-0.45699,-0.38464,0.58336,-73.3,-6.3,91.4,0,2409,2610.00,2026-09-12T09:37:39.923344+08:00,2196912,46.0,44.0,DISCHARGING,2026-09-12T10:14:16.836344+08:00,-1,UNPAVED,0.50,2026-09-12T10:14:14.279939+08:00,2555,,,,7228.0,20.7,GOOD
4616a89e-6aa7-461f-abf0-d8186b0aab26,2026-09-12T10:14:29.750277+08:00,2026-09-12T10:14:19.750277+08:00,10,10.3594469,123.8259502,2026-09-12T02:14:24Z,6491,11.4,13.8,303.62,0.00,1.25,,,2026-09-12T10:14:29.269439+08:00,481,0,0,,,0,0,0,0,0,0,0,0,0,0,639,3.7392,4.6177,-7.5901,9.7360,0.9241,9.7798,,,,,,,,,,,,,,,0.55036,-0.45699,-0.38464,0.58336,-73.3,-6.3,91.4,0,2409,2610.00,2026-09-12T09:37:39.922277+08:00,2209828,46.0,44.0,DISCHARGING,2026-09-12T10:14:16.835277+08:00,12915,UNPAVED,0.50,2026-09-12T10:14:14.279939+08:00,15470,,,,7229.0,11.4,GOOD
4616a89e-6aa7-461f-abf0-d8186b0aab26,2026-09-12T10:14:40.570012+08:00,2026-09-12T10:14:30.570012+08:00,10,10.3594751,123.8259972,2026-09-12T02:14:40Z,1310,10.0,11.9,305.53,0.24,1.36,284.9,93.4,2026-09-12T10:14:39.270318+08:00,1300,95,0,6.70,28.00,18,0,7,0,47,0,20,0,3,0,552,3.9881,4.6173,-7.4904,9.7933,0.9682,9.8411,,,,,,,,,,,,,,,0.55036,-0.45699,-0.38464,0.58336,-73.3,-6.3,91.4,0,2409,2610.00,2026-09-12T09:37:39.922012+08:00,2220648,46.0,44.0,DISCHARGING,2026-09-12T10:14:16.835012+08:00,23735,UNPAVED,0.50,2026-09-12T10:14:14.279939+08:00,26290,,,,7235.4,10.0,GOOD
4616a89e-6aa7-461f-abf0-d8186b0aab26,2026-09-12T10:14:50.575011+08:00,2026-09-12T10:14:40.575011+08:00,10,10.3594768,123.8260093,2026-09-12T02:14:47Z,4316,8.3,9.3,293.76,0.33,3.04,123.8,97.8,2026-09-12T10:14:46.269599+08:00,4305,95,0,9.15,31.30,18,0,7,0,47,0,20,0,3,0,502,2.7207,7.5554,-2.6909,9.9189,1.2335,9.9953,,,,,,,,,,,,,,,0.55036,-0.45699,-0.38464,0.58336,-73.3,-6.3,91.4,0,2409,2610.00,2026-09-12T09:37:39.922011+08:00,2230653,46.0,44.0,DISCHARGING,2026-09-12T10:14:16.835011+08:00,33740,TRAIL,0.50,2026-09-12T10:14:46.283465+08:00,4291,,,,7236.7,8.3,GOOD
4616a89e-6aa7-461f-abf0-d8186b0aab26,2026-09-12T10:15:09.451946+08:00,2026-09-12T10:14:59.451946+08:00,10,10.3594074,123.8260536,2026-09-12T02:15:03Z,7193,4.7,5.7,292.80,0.00,0.02,,,2026-09-12T10:15:09.264837+08:00,187,0,0,,,0,0,0,0,0,0,0,0,0,0,937,0.4096,9.4891,-1.2156,9.7970,0.7773,9.8278,,,,,,,,,,,,,,,0.55036,-0.45699,-0.38464,0.58336,-73.3,-6.3,91.4,0,2409,2610.00,2026-09-12T09:37:39.921946+08:00,2249530,46.0,44.0,DISCHARGING,2026-09-12T10:14:16.834946+08:00,52617,TRAIL,0.50,2026-09-12T10:14:46.283465+08:00,23168,,,,7246.1,4.7,GOOD
4616a89e-6aa7-461f-abf0-d8186b0aab26,2026-09-12T10:15:36.422718+08:00,2026-09-12T10:15:26.422718+08:00,10,10.3594494,123.8260261,2026-09-12T02:15:35Z,2164,4.3,6.1,302.70,0.00,0.08,,,2026-09-12T10:15:34.269169+08:00,2148,95,0,10.75,38.70,18,0,7,0,47,0,20,0,3,0,1352,0.7662,9.6088,-0.7160,9.6864,0.2042,9.6885,,,,,,,,,,,,,,,0.55036,-0.45699,-0.38464,0.58336,-73.3,-6.3,91.4,0,2409,2610.00,2026-09-12T09:37:39.927718+08:00,2276495,45.0,45.0,DISCHARGING,2026-09-12T10:15:36.428718+08:00,-6,TRAIL,0.50,2026-09-12T10:14:46.283465+08:00,50139,,,,7252.5,4.3,GOOD
4616a89e-6aa7-461f-abf0-d8186b0aab26,2026-09-12T10:15:57.995669+08:00,2026-09-12T10:15:47.995669+08:00,10,10.3595055,123.8260245,2026-09-12T02:15:50Z,8737,8.3,12.5,300.96,1.06,2.67,4.4,62.3,2026-09-12T10:15:57.266062+08:00,730,0,0,,,0,0,0,0,0,0,0,0,0,0,1074,0.4993,9.5819,-0.7219,9.9671,2.4586,10.2658,,,,,,,,,,,,,,,0.55036,-0.45699,-0.38464,0.58336,-73.3,-6.3,91.4,0,2409,2610.00,2026-09-12T09:37:39.921669+08:00,2298074,45.0,45.0,DISCHARGING,2026-09-12T10:15:36.422669+08:00,21573,UNPAVED,0.50,2026-09-12T10:15:49.275363+08:00,8720,,,,7258.8,8.3,GOOD
4616a89e-6aa7-461f-abf0-d8186b0aab26,2026-09-12T10:16:24.235378+08:00,2026-09-12T10:16:14.235378+08:00,10,10.3598362,123.8259726,2026-09-12T02:16:23Z,1978,5.3,8.6,293.72,0.97,0.85,345.1,43.0,2026-09-12T10:16:22.294327+08:00,1941,53,0,18.75,37.10,12,0,7,0,21,0,10,0,3,0,1276,0.6916,9.6425,0.0390,9.9296,2.2230,10.1754,,,,,,,,,,,,,,,0.55036,-0.45699,-0.38464,0.58336,-73.3,-6.3,91.4,0,2409,2610.00,2026-09-12T09:37:39.922378+08:00,2324313,45.0,45.0,DISCHARGING,2026-09-12T10:15:36.423378+08:00,47812,UNPAVED,0.50,2026-09-12T10:15:49.275363+08:00,34960,,,,7295.9,5.3,GOOD
4616a89e-6aa7-461f-abf0-d8186b0aab26,2026-09-12T10:16:40.792039+08:00,2026-09-12T10:16:30.792039+08:00,10,10.3599669,123.8259381,2026-09-12T02:16:40Z,1533,5.4,8.4,288.57,0.99,1.04,2.7,49.2,2026-09-12T10:16:39.274068+08:00,1517,99,0,16.24,36.70,20,0,7,0,47,0,20,0,5,0,876,0.6305,9.6493,-0.1620,9.9195,2.3718,10.1991,5,-1.3725,-0.2660,-1.2825,2.2928,1.4282,2.7012,,,,,,,,0.61659,-0.37911,-0.40956,0.55529,-67.8,4.8,92.8,0,2409,2610.00,2026-09-12T09:37:39.923039+08:00,2340869,45.0,45.0,DISCHARGING,2026-09-12T10:16:40.793039+08:00,-1,UNPAVED,0.50,2026-09-12T10:15:49.275363+08:00,51516,,,,7310.8,5.4,GOOD
4616a89e-6aa7-461f-abf0-d8186b0aab26,2026-09-12T10:16:53.245329+08:00,2026-09-12T10:16:43.245329+08:00,10,10.3600103,123.8259366,2026-09-12T02:16:45Z,8987,6.1,11.5,288.78,1.02,2.38,6.1,64.0,2026-09-12T10:16:52.266956+08:00,978,0,0,,,0,0,0,0,0,0,0,0,0,0,577,0.6432,9.6744,-0.1266,9.9330,2.5768,10.2618,,,,,,,,,,,,,,,0.61659,-0.37911,-0.40956,0.55529,-67.8,4.8,92.8,0,2409,2610.00,2026-09-12T09:37:39.922329+08:00,2353323,45.0,45.0,DISCHARGING,2026-09-12T10:16:40.792329+08:00,12453,UNPAVED,0.50,2026-09-12T10:15:49.275363+08:00,63969,,,,7315.6,6.1,GOOD
4616a89e-6aa7-461f-abf0-d8186b0aab26,2026-09-12T10:17:11.536724+08:00,2026-09-12T10:17:01.536724+08:00,10,10.3602517,123.8259790,2026-09-12T02:17:10Z,2278,8.4,13.7,297.28,1.07,2.23,35.2,55.7,2026-09-12T10:17:09.268977+08:00,2268,0,0,,,0,0,0,0,0,0,0,0,0,0,963,0.5106,9.6505,-0.2693,9.9264,2.7035,10.2880,,,,,,,,,,,,,,,0.61659,-0.37911,-0.40956,0.55529,-67.8,4.8,92.8,0,2409,2610.00,2026-09-12T09:37:39.921724+08:00,2371615,45.0,45.0,DISCHARGING,2026-09-12T10:16:40.791724+08:00,30745,UNPAVED,0.50,2026-09-12T10:15:49.275363+08:00,82261,,,,7343.0,8.4,GOOD
4616a89e-6aa7-461f-abf0-d8186b0aab26,2026-09-12T10:17:42.249023+08:00,2026-09-12T10:17:32.249023+08:00,10,10.3604388,123.8261126,2026-09-12T02:17:35Z,7991,14.0,40.1,295.70,0.95,4.07,19.0,72.1,2026-09-12T10:17:41.290286+08:00,958,0,0,,,0,0,0,0,0,0,0,0,0,0,1489,0.7733,9.6418,-0.6695,9.9550,2.1813,10.1912,50,-0.4284,0.2602,-0.1970,2.6705,1.2606,2.9530,,,,,,,,0.58821,-0.41842,-0.35793,0.59230,-66.8,-4.3,92.4,0,2409,2610.00,2026-09-12T09:37:39.923023+08:00,2402326,45.0,45.0,DISCHARGING,2026-09-12T10:17:42.250023+08:00,-1,UNPAVED,0.50,2026-09-12T10:15:49.275363+08:00,112973,,,,7368.4,14.0,GOOD
4616a89e-6aa7-461f-abf0-d8186b0aab26,2026-09-12T10:18:20.27503+08:00,2026-09-12T10:18:10.27503+08:00,10,10.3607224,123.8259581,2026-09-12T02:18:14Z,7016,15.2,24.1,278.12,1.13,3.15,14.2,66.8,2026-09-12T10:18:20.267727+08:00,7,0,0,,,0,0,0,0,0,0,0,0,0,0,1941,0.5484,9.6531,-0.2194,9.9236,2.6696,10.2764,,,,,,,,,,,,,,,0.58821,-0.41842,-0.35793,0.59230,-66.8,-4.3,92.4,0,2409,2610.00,2026-09-12T09:37:39.92203+08:00,2440353,45.0,45.0,DISCHARGING,2026-09-12T10:17:42.24903+08:00,38026,UNPAVED,0.50,2026-09-12T10:15:49.275363+08:00,150999,,,,7405.0,15.2,GOOD
4616a89e-6aa7-461f-abf0-d8186b0aab26,2026-09-12T10:18:39.458755+08:00,2026-09-12T10:18:29.458755+08:00,10,10.3609760,123.8259358,2026-09-12T02:18:37Z,3199,9.8,21.8,287.56,1.11,2.07,352.2,54.1,2026-09-12T10:18:36.270627+08:00,3188,0,0,,,0,0,0,0,0,0,0,0,0,0,960,0.7949,9.3825,-1.2847,9.9805,2.9303,10.4018,117,-0.0146,0.0157,-0.0858,2.9333,1.6624,3.3716,119,0.0130,-0.0241,0.0164,0.6128,0.3374,0.6996,0.58279,-0.49383,-0.38772,0.51590,-77.8,-3.3,99.6,12,2421,2967.00,2026-09-12T10:18:38.488755+08:00,970,45.0,45.0,DISCHARGING,2026-09-12T10:17:42.248755+08:00,57210,TRAIL,1.00,2026-09-12T10:18:35.377407+08:00,4081,,,,7433.2,9.8,GOOD
4616a89e-6aa7-461f-abf0-d8186b0aab26,2026-09-12T10:18:49.467273+08:00,2026-09-12T10:18:39.467273+08:00,10,10.3610875,123.8259289,2026-09-12T02:18:47Z,3209,15.1,47.5,285.29,1.05,2.89,13.4,55.9,2026-09-12T10:18:46.267289+08:00,3198,101,0,14.94,36.30,22,0,7,0,47,0,20,0,5,0,502,0.8994,9.5579,-0.2756,9.8756,2.7526,10.2520,201,-0.1262,-0.0844,0.0025,3.0133,1.2783,3.2732,201,-0.0135,-0.0348,0.0001,0.5645,0.2844,0.6321,0.10210,-0.71725,-0.67447,0.14220,-160.2,-3.8,92.9,20,2441,2520.00,2026-09-12T10:18:48.891273+08:00,576,45.0,45.0,DISCHARGING,2026-09-12T10:18:49.469273+08:00,-2,TRAIL,1.00,2026-09-12T10:18:35.377407+08:00,14089,,,,7445.5,15.1,GOOD
4616a89e-6aa7-461f-abf0-d8186b0aab26,2026-09-12T10:18:59.473774+08:00,2026-09-12T10:18:49.473774+08:00,10,10.3610995,123.8259211,2026-09-12T02:18:55Z,5216,6.8,12.9,271.71,1.09,0.87,327.2,39.3,2026-09-12T10:18:54.264732+08:00,5209,54,0,16.20,35.00,13,0,7,0,21,0,10,0,3,0,499,0.6914,9.6332,-0.3206,9.9891,2.5027,10.2978,201,-0.0850,-0.0009,-0.0980,2.9949,1.3295,3.2768,201,0.0054,0.1083,0.0087,0.5685,0.2849,0.6359,0.36834,-0.62455,-0.53491,0.43374,-110.9,-8.5,93.0,19,2460,2550.00,2026-09-12T10:18:59.065774+08:00,408,45.0,45.0,DISCHARGING,2026-09-12T10:18:49.466774+08:00,10007,TRAIL,1.00,2026-09-12T10:18:35.377407+08:00,24096,,,,7447.1,6.8,GOOD
4616a89e-6aa7-461f-abf0-d8186b0aab26,2026-09-12T10:19:12.026358+08:00,2026-09-12T10:19:02.026358+08:00,10,10.3611058,123.8258058,2026-09-12T02:19:12Z,767,12.5,17.8,271.71,0.99,1.39,302.2,56.4,2026-09-12T10:19:11.268273+08:00,758,101,0,12.45,31.00,22,0,7,0,47,0,20,0,5,0,633,0.5733,9.6651,0.0443,9.9369,2.5526,10.2595,252,-0.1024,0.0309,-0.0523,2.7739,1.3298,3.0762,250,-0.0143,0.0025,-0.0099,0.4786,0.2453,0.5378,0.34511,-0.54237,-0.63913,0.42219,-113.9,-1.0,80.0,23,2483,942.00,2026-09-12T10:19:10.273358+08:00,1753,45.0,45.0,DISCHARGING,2026-09-12T10:18:49.467358+08:00,22559,TRAIL,1.00,2026-09-12T10:18:35.377407+08:00,36648,,,,7460.6,12.5,GOOD
4616a89e-6aa7-461f-abf0-d8186b0aab26,2026-09-12T10:19:36.006481+08:00,2026-09-12T10:19:26.006481+08:00,10,10.3611303,123.8256101,2026-09-12T02:19:36Z,748,7.4,12.9,253.29,0.99,1.32,280.1,57.8,2026-09-12T10:19:35.266833+08:00,739,99,0,9.24,34.10,21,0,7,0,47,0,20,0,4,0,1197,-0.3915,9.5542,1.4615,9.7897,2.5345,10.1125,480,-0.0530,0.0516,-0.0155,2.4729,1.3252,2.8056,464,-0.0038,0.0043,0.0021,0.4020,0.1940,0.4464,0.54904,-0.35936,-0.43862,0.61403,-69.1,2.3,82.0,47,2530,606.00,2026-09-12T10:19:35.866481+08:00,140,45.0,45.0,DISCHARGING,2026-09-12T10:18:49.467481+08:00,46539,TRAIL,1.00,2026-09-12T10:18:35.377407+08:00,60629,,,,7483.1,7.4,GOOD
4616a89e-6aa7-461f-abf0-d8186b0aab26,2026-09-12T10:19:46.011546+08:00,2026-09-12T10:19:36.011546+08:00,10,10.3611451,123.8255686,2026-09-12T02:19:43Z,3752,16.8,16.7,266.04,1.19,2.00,325.6,69.0,2026-09-12T10:19:42.267573+08:00,3743,99,0,7.98,32.00,21,0,7,0,47,0,20,0,4,0,502,-0.4258,9.6357,0.4353,9.8320,2.6982,10.1955,201,-0.1150,0.0109,0.0108,2.7650,1.3283,3.0675,201,0.0110,0.0013,-0.0017,0.4488,0.2421,0.5099,0.59357,-0.37180,-0.41588,0.58008,-67.8,3.6,88.9,19,2549,1114.00,2026-09-12T10:19:45.866546+08:00,145,45.0,45.0,DISCHARGING,2026-09-12T10:18:49.467546+08:00,56544,TRAIL,1.00,2026-09-12T10:18:35.377407+08:00,70634,,,,7488.0,16.8,GOOD
4616a89e-6aa7-461f-abf0-d8186b0aab26,2026-09-12T10:19:57.163077+08:00,2026-09-12T10:19:47.163077+08:00,10,10.3611683,123.8254720,2026-09-12T02:19:52Z,5905,9.0,10.8,273.83,1.44,1.50,255.7,50.7,2026-09-12T10:19:56.288611+08:00,851,0,0,,,0,0,0,0,0,0,0,0,0,0,520,-0.7540,9.6333,0.6790,9.8452,2.3312,10.1174,206,-0.0749,0.0210,-0.0203,2.5593,1.0575,2.7691,207,-0.0044,-0.0201,0.0079,0.5101,0.2703,0.5773,0.52528,-0.43320,-0.47492,0.55756,-80.0,0.9,85.8,20,2569,43.00,2026-09-12T10:19:55.289077+08:00,1874,44.0,45.0,DISCHARGING,2026-09-12T10:19:57.186077+08:00,-23,TRAIL,1.00,2026-09-12T10:18:35.377407+08:00,81785,,,,7498.9,9.0,GOOD
4616a89e-6aa7-461f-abf0-d8186b0aab26,2026-09-12T10:20:22.243297+08:00,2026-09-12T10:20:12.243297+08:00,10,10.3613285,123.8253475,2026-09-12T02:20:15Z,7986,6.0,8.5,266.29,1.23,1.22,344.3,44.1,2026-09-12T10:20:21.298073+08:00,945,0,0,,,0,0,0,0,0,0,0,0,0,0,1245,-0.5639,9.6094,1.0452,9.7960,1.9844,9.9949,496,-0.1198,0.0097,-0.0182,2.1306,0.9253,2.3229,477,-0.0016,-0.0098,-0.0060,0.4318,0.2039,0.4775,0.42160,-0.50568,-0.61646,0.43189,-105.8,4.8,82.3,46,2615,205.00,2026-09-12T10:20:20.245297+08:00,1998,44.0,45.0,DISCHARGING,2026-09-12T10:19:57.163297+08:00,25080,TRAIL,1.00,2026-09-12T10:18:35.377407+08:00,106865,,,,7523.2,6.0,GOOD
4616a89e-6aa7-461f-abf0-d8186b0aab26,2026-09-12T10:20:36.284231+08:00,2026-09-12T10:20:26.284231+08:00,10,10.3615141,123.8252971,2026-09-12T02:20:36Z,1026,8.4,9.7,261.15,1.01,1.23,321.8,55.3,2026-09-12T10:20:36.269906+08:00,14,0,0,,,0,0,0,0,0,0,0,0,0,0,751,-0.1118,9.5494,1.5190,9.7780,2.1693,10.0158,424,0.0349,-0.0418,0.0238,2.2041,1.1192,2.4720,296,-0.0003,-0.0043,0.0049,0.3716,0.1843,0.4148,0.56744,-0.35662,-0.45021,0.59004,-70.0,5.2,84.1,29,2644,864.00,2026-09-12T10:20:34.266231+08:00,2018,44.0,45.0,DISCHARGING,2026-09-12T10:19:57.163231+08:00,39121,TRAIL,1.00,2026-09-12T10:18:35.377407+08:00,120906,,,,7544.6,8.4,GOOD
4616a89e-6aa7-461f-abf0-d8186b0aab26,2026-09-12T10:20:46.294156+08:00,2026-09-12T10:20:36.294156+08:00,10,10.3614944,123.8252819,2026-09-12T02:20:47Z,37,6.8,8.1,255.35,0.63,1.03,336.0,64.4,2026-09-12T10:20:46.275591+08:00,18,98,0,7.54,32.80,20,0,7,0,47,0,20,0,4,0,501,-0.4953,9.6049,1.2750,9.8555,2.3637,10.1350,404,-0.1277,0.0323,-0.0714,2.4800,1.3458,2.8216,201,-0.0031,0.0002,0.0113,0.4672,0.2532,0.5314,0.58763,0.32286,0.37086,0.64258,58.9,-1.2,84.2,19,2663,1024.00,2026-09-12T10:20:44.666156+08:00,1628,44.0,45.0,DISCHARGING,2026-09-12T10:19:57.163156+08:00,49131,TRAIL,1.00,2026-09-12T10:18:35.377407+08:00,130916,,,,7547.3,6.8,GOOD
4616a89e-6aa7-461f-abf0-d8186b0aab26,2026-09-12T10:20:56.299791+08:00,2026-09-12T10:20:46.299791+08:00,10,10.3615551,123.8252364,2026-09-12T02:20:56Z,1042,5.5,7.8,254.92,0.72,1.06,326.4,61.4,2026-09-12T10:20:55.265883+08:00,1034,98,0,9.53,36.00,20,0,7,0,47,0,20,0,4,0,501,-0.2150,9.5623,1.3009,9.7617,2.0327,9.9711,201,-0.0541,-0.0199,-0.0275,2.1711,0.9673,2.3768,201,0.0027,0.0292,-0.0033,0.4337,0.2076,0.4808,0.42204,0.53442,0.55258,0.48054,100.5,2.7,85.8,19,2682,253.00,2026-09-12T10:20:56.265791+08:00,34,44.0,45.0,DISCHARGING,2026-09-12T10:19:57.162791+08:00,59137,TRAIL,1.00,2026-09-12T10:18:35.377407+08:00,140922,,,,7555.7,5.5,GOOD
4616a89e-6aa7-461f-abf0-d8186b0aab26,2026-09-12T10:21:26.228424+08:00,2026-09-12T10:21:16.228424+08:00,10,10.3615857,123.8251882,2026-09-12T02:21:19Z,7971,8.7,11.4,253.80,0.87,1.03,163.6,52.3,2026-09-12T10:21:25.265909+08:00,961,0,0,,,0,0,0,0,0,0,0,0,0,0,1448,-0.0662,9.6103,1.2143,9.7921,1.5955,9.9212,577,-0.0427,0.0254,-0.0915,1.8020,0.8301,1.9840,555,0.0041,0.0950,0.0135,0.5409,0.3028,0.6198,0.66312,0.05294,0.04875,0.74505,8.2,0.8,83.4,48,2730,859.00,2026-09-12T10:21:25.267424+08:00,961,44.0,45.0,DISCHARGING,2026-09-12T10:21:26.229424+08:00,-1,TRAIL,1.00,2026-09-12T10:18:35.377407+08:00,170851,,,,7573.6,8.7,GOOD
