<?xml version="1.0" encoding="UTF-8"?>
<gpx version="1.1" creator="Beesaya Field Logger" xmlns="http://www.topografix.com/GPX/1/1">
  <trk><name>Beesaya hike 2026-09-12T06:45:04.012796</name><trkseg>
    <trkpt lat="10.3478445" lon="123.8078361"><ele>233.59</ele><time>2026-09-11T22:45:08Z</time></trkpt>
    <trkpt lat="10.3478499" lon="123.8078414"><ele>230.54</ele><time>2026-09-11T22:45:15Z</time></trkpt>
    <trkpt lat="10.3478595" lon="123.8078421"><ele>229.77</ele><time>2026-09-11T22:45:23Z</time></trkpt>
    <trkpt lat="10.3478565" lon="123.8078477"><ele>230.65</ele><time>2026-09-11T22:45:31Z</time></trkpt>
    <trkpt lat="10.3478546" lon="123.8078532"><ele>228.03</ele><time>2026-09-11T22:45:39Z</time></trkpt>
    <trkpt lat="10.3478589" lon="123.8078535"><ele>229.19</ele><time>2026-09-11T22:45:47Z</time></trkpt>
    <trkpt lat="10.3478642" lon="123.8078614"><ele>228.96</ele><time>2026-09-11T22:45:55Z</time></trkpt>
    <trkpt lat="10.3478731" lon="123.8078694"><ele>227.22</ele><time>2026-09-11T22:46:03Z</time></trkpt>
    <trkpt lat="10.3478752" lon="123.8078678"><ele>225.96</ele><time>2026-09-11T22:46:11Z</time></trkpt>
    <trkpt lat="10.3478795" lon="123.8078702"><ele>225.67</ele><time>2026-09-11T22:46:19Z</time></trkpt>
    <trkpt lat="10.3478817" lon="123.8078691"><ele>225.59</ele><time>2026-09-11T22:46:27Z</time></trkpt>
    <trkpt lat="10.3478844" lon="123.8078699"><ele>225.21</ele><time>2026-09-11T22:46:35Z</time></trkpt>
    <trkpt lat="10.3478826" lon="123.8078740"><ele>225.80</ele><time>2026-09-11T22:46:43Z</time></trkpt>
    <trkpt lat="10.3478851" lon="123.8078754"><ele>225.43</ele><time>2026-09-11T22:46:51Z</time></trkpt>
    <trkpt lat="10.3478879" lon="123.8078737"><ele>225.19</ele><time>2026-09-11T22:46:59Z</time></trkpt>
    <trkpt lat="10.3478873" lon="123.8078773"><ele>224.82</ele><time>2026-09-11T22:47:07Z</time></trkpt>
    <trkpt lat="10.3478884" lon="123.8078753"><ele>224.92</ele><time>2026-09-11T22:47:15Z</time></trkpt>
    <trkpt lat="10.3478887" lon="123.8078754"><ele>224.38</ele><time>2026-09-11T22:47:23Z</time></trkpt>
    <trkpt lat="10.3478839" lon="123.8078752"><ele>223.60</ele><time>2026-09-11T22:47:32Z</time></trkpt>
    <trkpt lat="10.3478855" lon="123.8078737"><ele>223.15</ele><time>2026-09-11T22:47:39Z</time></trkpt>
    <trkpt lat="10.3478875" lon="123.8078758"><ele>223.15</ele><time>2026-09-11T22:47:48Z</time></trkpt>
    <trkpt lat="10.3478853" lon="123.8078749"><ele>223.36</ele><time>2026-09-11T22:47:56Z</time></trkpt>
    <trkpt lat="10.3478761" lon="123.8078717"><ele>221.63</ele><time>2026-09-11T22:48:10Z</time></trkpt>
    <trkpt lat="10.3478618" lon="123.8078676"><ele>220.92</ele><time>2026-09-11T22:48:18Z</time></trkpt>
    <trkpt lat="10.3478473" lon="123.8078701"><ele>219.85</ele><time>2026-09-11T22:48:26Z</time></trkpt>
    <trkpt lat="10.3478309" lon="123.8078768"><ele>219.20</ele><time>2026-09-11T22:48:34Z</time></trkpt>
    <trkpt lat="10.3478069" lon="123.8078868"><ele>218.29</ele><time>2026-09-11T22:48:42Z</time></trkpt>
    <trkpt lat="10.3476740" lon="123.8079573"><ele>216.11</ele><time>2026-09-11T22:48:50Z</time></trkpt>
    <trkpt lat="10.3476438" lon="123.8079742"><ele>217.63</ele><time>2026-09-11T22:48:58Z</time></trkpt>
    <trkpt lat="10.3476197" lon="123.8080095"><ele>218.49</ele><time>2026-09-11T22:49:06Z</time></trkpt>
    <trkpt lat="10.3475759" lon="123.8080119"><ele>215.19</ele><time>2026-09-11T22:49:14Z</time></trkpt>
    <trkpt lat="10.3475730" lon="123.8080158"><ele>215.35</ele><time>2026-09-11T22:49:22Z</time></trkpt>
    <trkpt lat="10.3475087" lon="123.8080683"><ele>217.55</ele><time>2026-09-11T22:49:30Z</time></trkpt>
    <trkpt lat="10.3474532" lon="123.8081253"><ele>216.16</ele><time>2026-09-11T22:49:38Z</time></trkpt>
    <trkpt lat="10.3474212" lon="123.8081738"><ele>214.33</ele><time>2026-09-11T22:49:46Z</time></trkpt>
    <trkpt lat="10.3473843" lon="123.8082144"><ele>216.23</ele><time>2026-09-11T22:49:54Z</time></trkpt>
    <trkpt lat="10.3473526" lon="123.8082440"><ele>222.32</ele><time>2026-09-11T22:50:02Z</time></trkpt>
    <trkpt lat="10.3473328" lon="123.8082418"><ele>212.92</ele><time>2026-09-11T22:50:10Z</time></trkpt>
    <trkpt lat="10.3472413" lon="123.8082526"><ele>218.49</ele><time>2026-09-11T22:50:18Z</time></trkpt>
    <trkpt lat="10.3471795" lon="123.8082743"><ele>220.02</ele><time>2026-09-11T22:50:26Z</time></trkpt>
    <trkpt lat="10.3471527" lon="123.8082908"><ele>227.83</ele><time>2026-09-11T22:50:34Z</time></trkpt>
    <trkpt lat="10.3471223" lon="123.8082531"><ele>224.74</ele><time>2026-09-11T22:50:40Z</time></trkpt>
    <trkpt lat="10.3470616" lon="123.8082135"><ele>224.68</ele><time>2026-09-11T22:50:50Z</time></trkpt>
    <trkpt lat="10.3470415" lon="123.8081961"><ele>221.96</ele><time>2026-09-11T22:50:58Z</time></trkpt>
    <trkpt lat="10.3470270" lon="123.8081778"><ele>224.94</ele><time>2026-09-11T22:51:06Z</time></trkpt>
    <trkpt lat="10.3470286" lon="123.8081502"><ele>222.37</ele><time>2026-09-11T22:51:11.422Z</time></trkpt>
    <trkpt lat="10.3470338" lon="123.8080664"><ele>227.94</ele><time>2026-09-11T22:51:16Z</time></trkpt>
    <trkpt lat="10.3470259" lon="123.8079978"><ele>231.21</ele><time>2026-09-11T22:51:21Z</time></trkpt>
    <trkpt lat="10.3470135" lon="123.8079568"><ele>231.39</ele><time>2026-09-11T22:51:26Z</time></trkpt>
    <trkpt lat="10.3469976" lon="123.8079318"><ele>231.41</ele><time>2026-09-11T22:51:31Z</time></trkpt>
    <trkpt lat="10.3469648" lon="123.8079114"><ele>230.18</ele><time>2026-09-11T22:51:36Z</time></trkpt>
    <trkpt lat="10.3469363" lon="123.8078872"><ele>232.11</ele><time>2026-09-11T22:51:41Z</time></trkpt>
    <trkpt lat="10.3469173" lon="123.8078614"><ele>233.21</ele><time>2026-09-11T22:51:46Z</time></trkpt>
    <trkpt lat="10.3468962" lon="123.8078328"><ele>233.49</ele><time>2026-09-11T22:51:51Z</time></trkpt>
    <trkpt lat="10.3468909" lon="123.8077999"><ele>234.54</ele><time>2026-09-11T22:51:56Z</time></trkpt>
    <trkpt lat="10.3468703" lon="123.8077737"><ele>235.39</ele><time>2026-09-11T22:52:01Z</time></trkpt>
    <trkpt lat="10.3468593" lon="123.8077412"><ele>237.47</ele><time>2026-09-11T22:52:06Z</time></trkpt>
    <trkpt lat="10.3468531" lon="123.8077225"><ele>237.66</ele><time>2026-09-11T22:52:11Z</time></trkpt>
    <trkpt lat="10.3468508" lon="123.8077263"><ele>237.02</ele><time>2026-09-11T22:52:16Z</time></trkpt>
    <trkpt lat="10.3468440" lon="123.8076966"><ele>237.67</ele><time>2026-09-11T22:52:21Z</time></trkpt>
    <trkpt lat="10.3468475" lon="123.8076657"><ele>238.25</ele><time>2026-09-11T22:52:26Z</time></trkpt>
    <trkpt lat="10.3468237" lon="123.8076389"><ele>239.28</ele><time>2026-09-11T22:52:31Z</time></trkpt>
    <trkpt lat="10.3468094" lon="123.8076126"><ele>240.37</ele><time>2026-09-11T22:52:36Z</time></trkpt>
    <trkpt lat="10.3467857" lon="123.8075891"><ele>240.49</ele><time>2026-09-11T22:52:41Z</time></trkpt>
    <trkpt lat="10.3467696" lon="123.8075600"><ele>241.41</ele><time>2026-09-11T22:52:46Z</time></trkpt>
    <trkpt lat="10.3467553" lon="123.8075342"><ele>241.19</ele><time>2026-09-11T22:52:51Z</time></trkpt>
    <trkpt lat="10.3467339" lon="123.8075156"><ele>242.90</ele><time>2026-09-11T22:52:56Z</time></trkpt>
    <trkpt lat="10.3467228" lon="123.8074856"><ele>242.99</ele><time>2026-09-11T22:53:01Z</time></trkpt>
    <trkpt lat="10.3467108" lon="123.8074735"><ele>242.71</ele><time>2026-09-11T22:53:06Z</time></trkpt>
    <trkpt lat="10.3467091" lon="123.8074797"><ele>242.20</ele><time>2026-09-11T22:53:11Z</time></trkpt>
    <trkpt lat="10.3467091" lon="123.8074799"><ele>242.20</ele><time>2026-09-11T22:53:16Z</time></trkpt>
    <trkpt lat="10.3467107" lon="123.8074824"><ele>242.43</ele><time>2026-09-11T22:53:21Z</time></trkpt>
    <trkpt lat="10.3467098" lon="123.8074833"><ele>242.20</ele><time>2026-09-11T22:53:26Z</time></trkpt>
    <trkpt lat="10.3467075" lon="123.8074838"><ele>242.18</ele><time>2026-09-11T22:53:31Z</time></trkpt>
    <trkpt lat="10.3467052" lon="123.8074892"><ele>242.14</ele><time>2026-09-11T22:53:36Z</time></trkpt>
    <trkpt lat="10.3467056" lon="123.8074895"><ele>242.12</ele><time>2026-09-11T22:53:41Z</time></trkpt>
    <trkpt lat="10.3466977" lon="123.8074854"><ele>241.85</ele><time>2026-09-11T22:53:46Z</time></trkpt>
    <trkpt lat="10.3466947" lon="123.8074617"><ele>240.46</ele><time>2026-09-11T22:53:51Z</time></trkpt>
    <trkpt lat="10.3466867" lon="123.8074356"><ele>240.04</ele><time>2026-09-11T22:53:56Z</time></trkpt>
    <trkpt lat="10.3466744" lon="123.8074051"><ele>240.58</ele><time>2026-09-11T22:54:01Z</time></trkpt>
    <trkpt lat="10.3466635" lon="123.8073867"><ele>241.41</ele><time>2026-09-11T22:54:06Z</time></trkpt>
    <trkpt lat="10.3466521" lon="123.8073587"><ele>242.61</ele><time>2026-09-11T22:54:11Z</time></trkpt>
    <trkpt lat="10.3466402" lon="123.8073427"><ele>242.11</ele><time>2026-09-11T22:54:16Z</time></trkpt>
    <trkpt lat="10.3466314" lon="123.8073223"><ele>243.16</ele><time>2026-09-11T22:54:21Z</time></trkpt>
    <trkpt lat="10.3466183" lon="123.8072959"><ele>244.02</ele><time>2026-09-11T22:54:26Z</time></trkpt>
    <trkpt lat="10.3466041" lon="123.8072685"><ele>245.78</ele><time>2026-09-11T22:54:31Z</time></trkpt>
    <trkpt lat="10.3465970" lon="123.8072363"><ele>246.96</ele><time>2026-09-11T22:54:36Z</time></trkpt>
    <trkpt lat="10.3465924" lon="123.8072161"><ele>247.09</ele><time>2026-09-11T22:54:41Z</time></trkpt>
    <trkpt lat="10.3465845" lon="123.8071876"><ele>248.71</ele><time>2026-09-11T22:54:46Z</time></trkpt>
    <trkpt lat="10.3465809" lon="123.8071612"><ele>249.86</ele><time>2026-09-11T22:54:51Z</time></trkpt>
    <trkpt lat="10.3465828" lon="123.8071351"><ele>249.98</ele><time>2026-09-11T22:54:56Z</time></trkpt>
    <trkpt lat="10.3465772" lon="123.8071128"><ele>250.50</ele><time>2026-09-11T22:55:01Z</time></trkpt>
    <trkpt lat="10.3465802" lon="123.8070862"><ele>251.69</ele><time>2026-09-11T22:55:06Z</time></trkpt>
    <trkpt lat="10.3465856" lon="123.8070534"><ele>253.55</ele><time>2026-09-11T22:55:11Z</time></trkpt>
    <trkpt lat="10.3465912" lon="123.8070277"><ele>255.10</ele><time>2026-09-11T22:55:16Z</time></trkpt>
    <trkpt lat="10.3465965" lon="123.8069986"><ele>256.24</ele><time>2026-09-11T22:55:21Z</time></trkpt>
    <trkpt lat="10.3466072" lon="123.8069652"><ele>256.68</ele><time>2026-09-11T22:55:26Z</time></trkpt>
    <trkpt lat="10.3466223" lon="123.8069531"><ele>257.25</ele><time>2026-09-11T22:55:31Z</time></trkpt>
    <trkpt lat="10.3466223" lon="123.8069534"><ele>257.24</ele><time>2026-09-11T22:55:36Z</time></trkpt>
    <trkpt lat="10.3466223" lon="123.8069535"><ele>257.24</ele><time>2026-09-11T22:55:41Z</time></trkpt>
    <trkpt lat="10.3466222" lon="123.8069537"><ele>257.24</ele><time>2026-09-11T22:55:46Z</time></trkpt>
    <trkpt lat="10.3466222" lon="123.8069537"><ele>257.25</ele><time>2026-09-11T22:55:51Z</time></trkpt>
    <trkpt lat="10.3466184" lon="123.8069555"><ele>257.46</ele><time>2026-09-11T22:55:56Z</time></trkpt>
    <trkpt lat="10.3465803" lon="123.8069465"><ele>255.81</ele><time>2026-09-11T22:56:01Z</time></trkpt>
    <trkpt lat="10.3465521" lon="123.8069258"><ele>254.92</ele><time>2026-09-11T22:56:06Z</time></trkpt>
    <trkpt lat="10.3465085" lon="123.8068797"><ele>254.88</ele><time>2026-09-11T22:56:20Z</time></trkpt>
    <trkpt lat="10.3464969" lon="123.8068863"><ele>254.74</ele><time>2026-09-11T22:56:28Z</time></trkpt>
    <trkpt lat="10.3464936" lon="123.8068769"><ele>254.66</ele><time>2026-09-11T22:56:36Z</time></trkpt>
    <trkpt lat="10.3464826" lon="123.8068691"><ele>255.45</ele><time>2026-09-11T22:56:45Z</time></trkpt>
    <trkpt lat="10.3464686" lon="123.8068600"><ele>255.87</ele><time>2026-09-11T22:56:53Z</time></trkpt>
    <trkpt lat="10.3464510" lon="123.8068610"><ele>256.22</ele><time>2026-09-11T22:57:00Z</time></trkpt>
    <trkpt lat="10.3463130" lon="123.8068955"><ele>261.68</ele><time>2026-09-11T22:57:08Z</time></trkpt>
    <trkpt lat="10.3463006" lon="123.8069140"><ele>263.76</ele><time>2026-09-11T22:57:16Z</time></trkpt>
    <trkpt lat="10.3463060" lon="123.8069145"><ele>263.96</ele><time>2026-09-11T22:57:24Z</time></trkpt>
    <trkpt lat="10.3462899" lon="123.8069292"><ele>264.55</ele><time>2026-09-11T22:57:32Z</time></trkpt>
    <trkpt lat="10.3462733" lon="123.8069500"><ele>264.33</ele><time>2026-09-11T22:57:40Z</time></trkpt>
    <trkpt lat="10.3462599" lon="123.8069653"><ele>266.49</ele><time>2026-09-11T22:57:49Z</time></trkpt>
    <trkpt lat="10.3462485" lon="123.8069825"><ele>270.17</ele><time>2026-09-11T22:57:56Z</time></trkpt>
    <trkpt lat="10.3462476" lon="123.8069902"><ele>272.69</ele><time>2026-09-11T22:58:04Z</time></trkpt>
    <trkpt lat="10.3462464" lon="123.8069930"><ele>273.32</ele><time>2026-09-11T22:58:12Z</time></trkpt>
    <trkpt lat="10.3462406" lon="123.8069936"><ele>274.05</ele><time>2026-09-11T22:58:20Z</time></trkpt>
    <trkpt lat="10.3462395" lon="123.8069951"><ele>273.59</ele><time>2026-09-11T22:58:28Z</time></trkpt>
    <trkpt lat="10.3462343" lon="123.8069981"><ele>273.73</ele><time>2026-09-11T22:58:36Z</time></trkpt>
    <trkpt lat="10.3462296" lon="123.8070059"><ele>274.43</ele><time>2026-09-11T22:58:44Z</time></trkpt>
    <trkpt lat="10.3462299" lon="123.8070118"><ele>274.88</ele><time>2026-09-11T22:58:52Z</time></trkpt>
    <trkpt lat="10.3462245" lon="123.8070146"><ele>274.10</ele><time>2026-09-11T22:59:01Z</time></trkpt>
    <trkpt lat="10.3462202" lon="123.8070096"><ele>274.16</ele><time>2026-09-11T22:59:08Z</time></trkpt>
    <trkpt lat="10.3462231" lon="123.8070123"><ele>273.34</ele><time>2026-09-11T22:59:16Z</time></trkpt>
    <trkpt lat="10.3462220" lon="123.8070205"><ele>272.29</ele><time>2026-09-11T22:59:25Z</time></trkpt>
    <trkpt lat="10.3462191" lon="123.8070308"><ele>271.18</ele><time>2026-09-11T22:59:32Z</time></trkpt>
    <trkpt lat="10.3462149" lon="123.8070441"><ele>269.82</ele><time>2026-09-11T22:59:40Z</time></trkpt>
    <trkpt lat="10.3461973" lon="123.8070697"><ele>267.88</ele><time>2026-09-11T22:59:49Z</time></trkpt>
    <trkpt lat="10.3461966" lon="123.8070784"><ele>267.66</ele><time>2026-09-11T22:59:56Z</time></trkpt>
    <trkpt lat="10.3461925" lon="123.8070899"><ele>267.07</ele><time>2026-09-11T23:00:04Z</time></trkpt>
    <trkpt lat="10.3461942" lon="123.8072549"><ele>273.27</ele><time>2026-09-11T23:00:13Z</time></trkpt>
    <trkpt lat="10.3461858" lon="123.8073138"><ele>275.96</ele><time>2026-09-11T23:00:20Z</time></trkpt>
    <trkpt lat="10.3461626" lon="123.8073864"><ele>280.10</ele><time>2026-09-11T23:00:28Z</time></trkpt>
    <trkpt lat="10.3461466" lon="123.8073912"><ele>279.55</ele><time>2026-09-11T23:00:36Z</time></trkpt>
    <trkpt lat="10.3461515" lon="123.8073750"><ele>284.16</ele><time>2026-09-11T23:00:44Z</time></trkpt>
    <trkpt lat="10.3461144" lon="123.8074180"><ele>283.29</ele><time>2026-09-11T23:00:52Z</time></trkpt>
    <trkpt lat="10.3459227" lon="123.8076014"><ele>291.99</ele><time>2026-09-11T23:01:01Z</time></trkpt>
    <trkpt lat="10.3459270" lon="123.8075968"><ele>289.30</ele><time>2026-09-11T23:01:08Z</time></trkpt>
    <trkpt lat="10.3459043" lon="123.8076100"><ele>289.23</ele><time>2026-09-11T23:01:16Z</time></trkpt>
    <trkpt lat="10.3458812" lon="123.8075680"><ele>285.41</ele><time>2026-09-11T23:01:24Z</time></trkpt>
    <trkpt lat="10.3458968" lon="123.8074882"><ele>288.50</ele><time>2026-09-11T23:01:29Z</time></trkpt>
    <trkpt lat="10.3458888" lon="123.8074681"><ele>287.20</ele><time>2026-09-11T23:01:34Z</time></trkpt>
    <trkpt lat="10.3458791" lon="123.8074136"><ele>284.71</ele><time>2026-09-11T23:01:45Z</time></trkpt>
    <trkpt lat="10.3458768" lon="123.8073323"><ele>288.40</ele><time>2026-09-11T23:01:53Z</time></trkpt>
    <trkpt lat="10.3458573" lon="123.8073129"><ele>288.91</ele><time>2026-09-11T23:02:01Z</time></trkpt>
    <trkpt lat="10.3458365" lon="123.8072821"><ele>289.97</ele><time>2026-09-11T23:02:09Z</time></trkpt>
    <trkpt lat="10.3457715" lon="123.8072384"><ele>299.14</ele><time>2026-09-11T23:02:18Z</time></trkpt>
    <trkpt lat="10.3457556" lon="123.8072489"><ele>295.93</ele><time>2026-09-11T23:02:23Z</time></trkpt>
    <trkpt lat="10.3458303" lon="123.8072622"><ele>293.48</ele><time>2026-09-11T23:02:34Z</time></trkpt>
    <trkpt lat="10.3457913" lon="123.8072648"><ele>293.56</ele><time>2026-09-11T23:02:41Z</time></trkpt>
    <trkpt lat="10.3457209" lon="123.8072735"><ele>289.73</ele><time>2026-09-11T23:02:49Z</time></trkpt>
    <trkpt lat="10.3456827" lon="123.8072893"><ele>285.94</ele><time>2026-09-11T23:02:57Z</time></trkpt>
    <trkpt lat="10.3456669" lon="123.8073283"><ele>285.30</ele><time>2026-09-11T23:03:06Z</time></trkpt>
    <trkpt lat="10.3456384" lon="123.8073260"><ele>289.93</ele><time>2026-09-11T23:03:13Z</time></trkpt>
    <trkpt lat="10.3456188" lon="123.8073441"><ele>292.85</ele><time>2026-09-11T23:03:21Z</time></trkpt>
    <trkpt lat="10.3456016" lon="123.8074022"><ele>297.18</ele><time>2026-09-11T23:03:29Z</time></trkpt>
    <trkpt lat="10.3456060" lon="123.8074563"><ele>300.77</ele><time>2026-09-11T23:03:37Z</time></trkpt>
    <trkpt lat="10.3456093" lon="123.8075002"><ele>301.64</ele><time>2026-09-11T23:03:45Z</time></trkpt>
    <trkpt lat="10.3456138" lon="123.8075418"><ele>302.15</ele><time>2026-09-11T23:03:53Z</time></trkpt>
    <trkpt lat="10.3456116" lon="123.8075945"><ele>304.48</ele><time>2026-09-11T23:04:01Z</time></trkpt>
    <trkpt lat="10.3455895" lon="123.8076354"><ele>302.56</ele><time>2026-09-11T23:04:09Z</time></trkpt>
    <trkpt lat="10.3455509" lon="123.8076761"><ele>305.44</ele><time>2026-09-11T23:04:17Z</time></trkpt>
    <trkpt lat="10.3455466" lon="123.8077335"><ele>304.12</ele><time>2026-09-11T23:04:25Z</time></trkpt>
    <trkpt lat="10.3455395" lon="123.8077725"><ele>304.04</ele><time>2026-09-11T23:04:33Z</time></trkpt>
    <trkpt lat="10.3455249" lon="123.8078152"><ele>301.31</ele><time>2026-09-11T23:04:41Z</time></trkpt>
    <trkpt lat="10.3454724" lon="123.8078121"><ele>295.88</ele><time>2026-09-11T23:04:49Z</time></trkpt>
    <trkpt lat="10.3454009" lon="123.8077404"><ele>310.20</ele><time>2026-09-11T23:04:57Z</time></trkpt>
    <trkpt lat="10.3453745" lon="123.8077139"><ele>312.26</ele><time>2026-09-11T23:05:05Z</time></trkpt>
    <trkpt lat="10.3453731" lon="123.8076811"><ele>313.11</ele><time>2026-09-11T23:05:13Z</time></trkpt>
    <trkpt lat="10.3453680" lon="123.8076845"><ele>307.93</ele><time>2026-09-11T23:05:21Z</time></trkpt>
    <trkpt lat="10.3453114" lon="123.8076593"><ele>314.01</ele><time>2026-09-11T23:05:29Z</time></trkpt>
    <trkpt lat="10.3452679" lon="123.8076160"><ele>310.38</ele><time>2026-09-11T23:05:37Z</time></trkpt>
    <trkpt lat="10.3452810" lon="123.8075981"><ele>309.35</ele><time>2026-09-11T23:05:45Z</time></trkpt>
    <trkpt lat="10.3452568" lon="123.8075559"><ele>312.27</ele><time>2026-09-11T23:05:53Z</time></trkpt>
    <trkpt lat="10.3452085" lon="123.8075416"><ele>311.94</ele><time>2026-09-11T23:06:01Z</time></trkpt>
    <trkpt lat="10.3451582" lon="123.8075254"><ele>308.68</ele><time>2026-09-11T23:06:09Z</time></trkpt>
    <trkpt lat="10.3451047" lon="123.8075210"><ele>308.96</ele><time>2026-09-11T23:06:17Z</time></trkpt>
    <trkpt lat="10.3450540" lon="123.8074533"><ele>310.29</ele><time>2026-09-11T23:06:25Z</time></trkpt>
    <trkpt lat="10.3450353" lon="123.8073819"><ele>307.22</ele><time>2026-09-11T23:06:33Z</time></trkpt>
    <trkpt lat="10.3450378" lon="123.8073415"><ele>306.94</ele><time>2026-09-11T23:06:41Z</time></trkpt>
    <trkpt lat="10.3450252" lon="123.8072775"><ele>313.39</ele><time>2026-09-11T23:06:49Z</time></trkpt>
    <trkpt lat="10.3450725" lon="123.8072189"><ele>320.24</ele><time>2026-09-11T23:06:57Z</time></trkpt>
    <trkpt lat="10.3451488" lon="123.8072123"><ele>321.44</ele><time>2026-09-11T23:07:05Z</time></trkpt>
    <trkpt lat="10.3451568" lon="123.8072130"><ele>322.10</ele><time>2026-09-11T23:07:13Z</time></trkpt>
    <trkpt lat="10.3451430" lon="123.8071627"><ele>317.12</ele><time>2026-09-11T23:07:21Z</time></trkpt>
    <trkpt lat="10.3451043" lon="123.8071009"><ele>317.00</ele><time>2026-09-11T23:07:29Z</time></trkpt>
    <trkpt lat="10.3450809" lon="123.8070492"><ele>319.57</ele><time>2026-09-11T23:07:37Z</time></trkpt>
    <trkpt lat="10.3450271" lon="123.8070175"><ele>320.88</ele><time>2026-09-11T23:07:46Z</time></trkpt>
    <trkpt lat="10.3450086" lon="123.8070183"><ele>318.67</ele><time>2026-09-11T23:07:53Z</time></trkpt>
    <trkpt lat="10.3450055" lon="123.8070380"><ele>313.17</ele><time>2026-09-11T23:08:02Z</time></trkpt>
    <trkpt lat="10.3449912" lon="123.8070047"><ele>319.80</ele><time>2026-09-11T23:08:09Z</time></trkpt>
    <trkpt lat="10.3449460" lon="123.8069299"><ele>322.54</ele><time>2026-09-11T23:08:17Z</time></trkpt>
    <trkpt lat="10.3449251" lon="123.8068777"><ele>319.46</ele><time>2026-09-11T23:08:25Z</time></trkpt>
    <trkpt lat="10.3449074" lon="123.8067960"><ele>320.94</ele><time>2026-09-11T23:08:33Z</time></trkpt>
    <trkpt lat="10.3449302" lon="123.8067299"><ele>320.80</ele><time>2026-09-11T23:08:41Z</time></trkpt>
    <trkpt lat="10.3449190" lon="123.8067221"><ele>320.73</ele><time>2026-09-11T23:08:49Z</time></trkpt>
    <trkpt lat="10.3448756" lon="123.8066781"><ele>321.63</ele><time>2026-09-11T23:08:57Z</time></trkpt>
    <trkpt lat="10.3448796" lon="123.8066780"><ele>317.69</ele><time>2026-09-11T23:09:05Z</time></trkpt>
    <trkpt lat="10.3448715" lon="123.8066703"><ele>318.19</ele><time>2026-09-11T23:09:13Z</time></trkpt>
    <trkpt lat="10.3448573" lon="123.8066566"><ele>319.82</ele><time>2026-09-11T23:09:21Z</time></trkpt>
    <trkpt lat="10.3448250" lon="123.8066381"><ele>318.49</ele><time>2026-09-11T23:09:29Z</time></trkpt>
    <trkpt lat="10.3448064" lon="123.8066645"><ele>321.98</ele><time>2026-09-11T23:09:37Z</time></trkpt>
    <trkpt lat="10.3447604" lon="123.8066871"><ele>318.51</ele><time>2026-09-11T23:09:45Z</time></trkpt>
    <trkpt lat="10.3447292" lon="123.8067352"><ele>322.82</ele><time>2026-09-11T23:09:53Z</time></trkpt>
    <trkpt lat="10.3447408" lon="123.8067869"><ele>328.75</ele><time>2026-09-11T23:10:01Z</time></trkpt>
    <trkpt lat="10.3446697" lon="123.8068290"><ele>328.71</ele><time>2026-09-11T23:10:09Z</time></trkpt>
    <trkpt lat="10.3446219" lon="123.8068388"><ele>328.82</ele><time>2026-09-11T23:10:17Z</time></trkpt>
    <trkpt lat="10.3446506" lon="123.8068286"><ele>336.89</ele><time>2026-09-11T23:10:25Z</time></trkpt>
    <trkpt lat="10.3446810" lon="123.8068940"><ele>338.26</ele><time>2026-09-11T23:10:33Z</time></trkpt>
    <trkpt lat="10.3447018" lon="123.8069178"><ele>330.64</ele><time>2026-09-11T23:10:41Z</time></trkpt>
    <trkpt lat="10.3446823" lon="123.8069736"><ele>333.06</ele><time>2026-09-11T23:10:49Z</time></trkpt>
    <trkpt lat="10.3446389" lon="123.8069980"><ele>334.10</ele><time>2026-09-11T23:10:57Z</time></trkpt>
    <trkpt lat="10.3446319" lon="123.8070457"><ele>336.14</ele><time>2026-09-11T23:11:05Z</time></trkpt>
    <trkpt lat="10.3446487" lon="123.8070445"><ele>334.50</ele><time>2026-09-11T23:11:13Z</time></trkpt>
    <trkpt lat="10.3446370" lon="123.8070248"><ele>333.65</ele><time>2026-09-11T23:11:21Z</time></trkpt>
    <trkpt lat="10.3446705" lon="123.8070133"><ele>338.67</ele><time>2026-09-11T23:11:29Z</time></trkpt>
    <trkpt lat="10.3446672" lon="123.8070149"><ele>336.41</ele><time>2026-09-11T23:11:37Z</time></trkpt>
    <trkpt lat="10.3446495" lon="123.8070076"><ele>332.96</ele><time>2026-09-11T23:11:45Z</time></trkpt>
    <trkpt lat="10.3446440" lon="123.8070340"><ele>335.91</ele><time>2026-09-11T23:11:53Z</time></trkpt>
    <trkpt lat="10.3446451" lon="123.8071232"><ele>340.91</ele><time>2026-09-11T23:12:01Z</time></trkpt>
    <trkpt lat="10.3446239" lon="123.8071948"><ele>341.44</ele><time>2026-09-11T23:12:09Z</time></trkpt>
    <trkpt lat="10.3445995" lon="123.8072497"><ele>337.80</ele><time>2026-09-11T23:12:17Z</time></trkpt>
    <trkpt lat="10.3446717" lon="123.8072713"><ele>336.58</ele><time>2026-09-11T23:12:25Z</time></trkpt>
    <trkpt lat="10.3446783" lon="123.8072650"><ele>338.03</ele><time>2026-09-11T23:12:33Z</time></trkpt>
    <trkpt lat="10.3446696" lon="123.8072716"><ele>339.49</ele><time>2026-09-11T23:12:41Z</time></trkpt>
    <trkpt lat="10.3446646" lon="123.8072650"><ele>338.48</ele><time>2026-09-11T23:12:49Z</time></trkpt>
    <trkpt lat="10.3446520" lon="123.8072633"><ele>333.05</ele><time>2026-09-11T23:12:57Z</time></trkpt>
    <trkpt lat="10.3446560" lon="123.8072647"><ele>334.73</ele><time>2026-09-11T23:13:05Z</time></trkpt>
    <trkpt lat="10.3446597" lon="123.8072665"><ele>335.67</ele><time>2026-09-11T23:13:13Z</time></trkpt>
    <trkpt lat="10.3446618" lon="123.8072712"><ele>335.47</ele><time>2026-09-11T23:13:21Z</time></trkpt>
    <trkpt lat="10.3446549" lon="123.8072716"><ele>334.21</ele><time>2026-09-11T23:13:29Z</time></trkpt>
    <trkpt lat="10.3446530" lon="123.8072644"><ele>334.33</ele><time>2026-09-11T23:13:37Z</time></trkpt>
    <trkpt lat="10.3446738" lon="123.8072680"><ele>334.60</ele><time>2026-09-11T23:13:45Z</time></trkpt>
    <trkpt lat="10.3446376" lon="123.8072702"><ele>337.17</ele><time>2026-09-11T23:13:53Z</time></trkpt>
    <trkpt lat="10.3445574" lon="123.8072712"><ele>333.44</ele><time>2026-09-11T23:14:01Z</time></trkpt>
    <trkpt lat="10.3445499" lon="123.8072636"><ele>331.52</ele><time>2026-09-11T23:14:09Z</time></trkpt>
    <trkpt lat="10.3445139" lon="123.8072927"><ele>332.11</ele><time>2026-09-11T23:14:17Z</time></trkpt>
    <trkpt lat="10.3444854" lon="123.8073691"><ele>339.53</ele><time>2026-09-11T23:14:25Z</time></trkpt>
    <trkpt lat="10.3444815" lon="123.8074347"><ele>342.10</ele><time>2026-09-11T23:14:33Z</time></trkpt>
    <trkpt lat="10.3444968" lon="123.8074288"><ele>340.68</ele><time>2026-09-11T23:14:41Z</time></trkpt>
    <trkpt lat="10.3445048" lon="123.8074167"><ele>339.64</ele><time>2026-09-11T23:14:49Z</time></trkpt>
    <trkpt lat="10.3445188" lon="123.8073811"><ele>343.72</ele><time>2026-09-11T23:14:57Z</time></trkpt>
    <trkpt lat="10.3445145" lon="123.8073713"><ele>342.03</ele><time>2026-09-11T23:15:05Z</time></trkpt>
    <trkpt lat="10.3445176" lon="123.8073836"><ele>342.37</ele><time>2026-09-11T23:15:13Z</time></trkpt>
    <trkpt lat="10.3445507" lon="123.8074340"><ele>341.98</ele><time>2026-09-11T23:15:21Z</time></trkpt>
    <trkpt lat="10.3445168" lon="123.8074648"><ele>344.05</ele><time>2026-09-11T23:15:29Z</time></trkpt>
    <trkpt lat="10.3445228" lon="123.8074864"><ele>344.40</ele><time>2026-09-11T23:15:37Z</time></trkpt>
    <trkpt lat="10.3444409" lon="123.8074861"><ele>346.10</ele><time>2026-09-11T23:15:45Z</time></trkpt>
    <trkpt lat="10.3443738" lon="123.8074419"><ele>343.99</ele><time>2026-09-11T23:15:53Z</time></trkpt>
    <trkpt lat="10.3443514" lon="123.8073879"><ele>348.16</ele><time>2026-09-11T23:16:01Z</time></trkpt>
    <trkpt lat="10.3442928" lon="123.8073954"><ele>343.47</ele><time>2026-09-11T23:16:09Z</time></trkpt>
    <trkpt lat="10.3443277" lon="123.8074136"><ele>346.14</ele><time>2026-09-11T23:16:17Z</time></trkpt>
    <trkpt lat="10.3444273" lon="123.8074737"><ele>343.04</ele><time>2026-09-11T23:16:25Z</time></trkpt>
    <trkpt lat="10.3444224" lon="123.8075354"><ele>337.81</ele><time>2026-09-11T23:16:33Z</time></trkpt>
    <trkpt lat="10.3443768" lon="123.8075477"><ele>346.16</ele><time>2026-09-11T23:16:41Z</time></trkpt>
    <trkpt lat="10.3443283" lon="123.8075981"><ele>353.76</ele><time>2026-09-11T23:16:49Z</time></trkpt>
    <trkpt lat="10.3443195" lon="123.8076800"><ele>355.65</ele><time>2026-09-11T23:16:57Z</time></trkpt>
    <trkpt lat="10.3442201" lon="123.8077153"><ele>355.08</ele><time>2026-09-11T23:17:05Z</time></trkpt>
    <trkpt lat="10.3441227" lon="123.8077244"><ele>349.76</ele><time>2026-09-11T23:17:13Z</time></trkpt>
    <trkpt lat="10.3440643" lon="123.8077565"><ele>347.27</ele><time>2026-09-11T23:17:21Z</time></trkpt>
    <trkpt lat="10.3440318" lon="123.8078308"><ele>350.40</ele><time>2026-09-11T23:17:29Z</time></trkpt>
    <trkpt lat="10.3439992" lon="123.8078721"><ele>356.40</ele><time>2026-09-11T23:17:37Z</time></trkpt>
    <trkpt lat="10.3439701" lon="123.8079547"><ele>355.15</ele><time>2026-09-11T23:17:45Z</time></trkpt>
    <trkpt lat="10.3439169" lon="123.8080221"><ele>364.45</ele><time>2026-09-11T23:17:53Z</time></trkpt>
    <trkpt lat="10.3439562" lon="123.8080994"><ele>364.36</ele><time>2026-09-11T23:18:02Z</time></trkpt>
    <trkpt lat="10.3439771" lon="123.8080812"><ele>363.75</ele><time>2026-09-11T23:18:09Z</time></trkpt>
    <trkpt lat="10.3439580" lon="123.8081101"><ele>362.39</ele><time>2026-09-11T23:18:17Z</time></trkpt>
    <trkpt lat="10.3439120" lon="123.8082023"><ele>362.44</ele><time>2026-09-11T23:18:25Z</time></trkpt>
    <trkpt lat="10.3439215" lon="123.8082601"><ele>356.54</ele><time>2026-09-11T23:18:33Z</time></trkpt>
    <trkpt lat="10.3439580" lon="123.8083021"><ele>357.57</ele><time>2026-09-11T23:18:41Z</time></trkpt>
    <trkpt lat="10.3440172" lon="123.8082960"><ele>359.21</ele><time>2026-09-11T23:18:49Z</time></trkpt>
    <trkpt lat="10.3440614" lon="123.8083270"><ele>359.76</ele><time>2026-09-11T23:18:57Z</time></trkpt>
    <trkpt lat="10.3440597" lon="123.8083582"><ele>358.75</ele><time>2026-09-11T23:19:05Z</time></trkpt>
    <trkpt lat="10.3440616" lon="123.8083721"><ele>357.68</ele><time>2026-09-11T23:19:13Z</time></trkpt>
    <trkpt lat="10.3440964" lon="123.8083764"><ele>364.75</ele><time>2026-09-11T23:19:21Z</time></trkpt>
    <trkpt lat="10.3441868" lon="123.8083740"><ele>367.76</ele><time>2026-09-11T23:19:29Z</time></trkpt>
    <trkpt lat="10.3441727" lon="123.8083708"><ele>361.16</ele><time>2026-09-11T23:19:37Z</time></trkpt>
    <trkpt lat="10.3441507" lon="123.8083721"><ele>360.74</ele><time>2026-09-11T23:19:45Z</time></trkpt>
    <trkpt lat="10.3441423" lon="123.8083788"><ele>362.67</ele><time>2026-09-11T23:19:53Z</time></trkpt>
    <trkpt lat="10.3441740" lon="123.8083768"><ele>363.39</ele><time>2026-09-11T23:20:01Z</time></trkpt>
    <trkpt lat="10.3441949" lon="123.8083868"><ele>357.93</ele><time>2026-09-11T23:20:09Z</time></trkpt>
    <trkpt lat="10.3442449" lon="123.8084175"><ele>364.02</ele><time>2026-09-11T23:20:17Z</time></trkpt>
    <trkpt lat="10.3443167" lon="123.8084341"><ele>364.20</ele><time>2026-09-11T23:20:25Z</time></trkpt>
    <trkpt lat="10.3443693" lon="123.8084516"><ele>369.20</ele><time>2026-09-11T23:20:33Z</time></trkpt>
    <trkpt lat="10.3443797" lon="123.8084392"><ele>368.89</ele><time>2026-09-11T23:20:41Z</time></trkpt>
    <trkpt lat="10.3443569" lon="123.8084284"><ele>366.52</ele><time>2026-09-11T23:20:49Z</time></trkpt>
    <trkpt lat="10.3443513" lon="123.8084259"><ele>367.01</ele><time>2026-09-11T23:20:57Z</time></trkpt>
    <trkpt lat="10.3443460" lon="123.8084284"><ele>366.31</ele><time>2026-09-11T23:21:05Z</time></trkpt>
    <trkpt lat="10.3443497" lon="123.8084261"><ele>366.76</ele><time>2026-09-11T23:21:13Z</time></trkpt>
    <trkpt lat="10.3443513" lon="123.8084295"><ele>366.78</ele><time>2026-09-11T23:21:21Z</time></trkpt>
    <trkpt lat="10.3443503" lon="123.8084264"><ele>366.77</ele><time>2026-09-11T23:21:29Z</time></trkpt>
    <trkpt lat="10.3443479" lon="123.8084307"><ele>366.80</ele><time>2026-09-11T23:21:37Z</time></trkpt>
    <trkpt lat="10.3443468" lon="123.8084353"><ele>366.83</ele><time>2026-09-11T23:21:45Z</time></trkpt>
    <trkpt lat="10.3443518" lon="123.8084440"><ele>366.60</ele><time>2026-09-11T23:21:53Z</time></trkpt>
    <trkpt lat="10.3443975" lon="123.8085209"><ele>369.26</ele><time>2026-09-11T23:22:01Z</time></trkpt>
    <trkpt lat="10.3444205" lon="123.8085362"><ele>370.22</ele><time>2026-09-11T23:22:09Z</time></trkpt>
    <trkpt lat="10.3444214" lon="123.8085532"><ele>370.58</ele><time>2026-09-11T23:22:17Z</time></trkpt>
    <trkpt lat="10.3444307" lon="123.8085718"><ele>371.44</ele><time>2026-09-11T23:22:25Z</time></trkpt>
    <trkpt lat="10.3444370" lon="123.8085946"><ele>372.38</ele><time>2026-09-11T23:22:33Z</time></trkpt>
    <trkpt lat="10.3444434" lon="123.8086121"><ele>373.19</ele><time>2026-09-11T23:22:41Z</time></trkpt>
    <trkpt lat="10.3444453" lon="123.8086252"><ele>372.12</ele><time>2026-09-11T23:22:49Z</time></trkpt>
    <trkpt lat="10.3444515" lon="123.8086403"><ele>372.10</ele><time>2026-09-11T23:22:57Z</time></trkpt>
    <trkpt lat="10.3444574" lon="123.8086624"><ele>371.03</ele><time>2026-09-11T23:23:05Z</time></trkpt>
    <trkpt lat="10.3444638" lon="123.8086748"><ele>371.59</ele><time>2026-09-11T23:23:13Z</time></trkpt>
    <trkpt lat="10.3444828" lon="123.8086949"><ele>372.57</ele><time>2026-09-11T23:23:21Z</time></trkpt>
    <trkpt lat="10.3444918" lon="123.8086997"><ele>373.33</ele><time>2026-09-11T23:23:29Z</time></trkpt>
    <trkpt lat="10.3445026" lon="123.8087126"><ele>373.97</ele><time>2026-09-11T23:23:37Z</time></trkpt>
    <trkpt lat="10.3445052" lon="123.8087276"><ele>373.62</ele><time>2026-09-11T23:23:45Z</time></trkpt>
    <trkpt lat="10.3445062" lon="123.8087449"><ele>373.20</ele><time>2026-09-11T23:23:53Z</time></trkpt>
    <trkpt lat="10.3445070" lon="123.8087607"><ele>372.39</ele><time>2026-09-11T23:24:01Z</time></trkpt>
    <trkpt lat="10.3445119" lon="123.8087697"><ele>371.98</ele><time>2026-09-11T23:24:09Z</time></trkpt>
    <trkpt lat="10.3445185" lon="123.8087834"><ele>371.62</ele><time>2026-09-11T23:24:17Z</time></trkpt>
    <trkpt lat="10.3445227" lon="123.8087968"><ele>371.31</ele><time>2026-09-11T23:24:25Z</time></trkpt>
    <trkpt lat="10.3445254" lon="123.8088124"><ele>371.55</ele><time>2026-09-11T23:24:33Z</time></trkpt>
    <trkpt lat="10.3445353" lon="123.8088297"><ele>372.32</ele><time>2026-09-11T23:24:41Z</time></trkpt>
    <trkpt lat="10.3445438" lon="123.8088402"><ele>372.39</ele><time>2026-09-11T23:24:49Z</time></trkpt>
    <trkpt lat="10.3445509" lon="123.8088516"><ele>372.10</ele><time>2026-09-11T23:24:57Z</time></trkpt>
    <trkpt lat="10.3445555" lon="123.8088682"><ele>371.91</ele><time>2026-09-11T23:25:05Z</time></trkpt>
    <trkpt lat="10.3446165" lon="123.8090162"><ele>382.79</ele><time>2026-09-11T23:25:13Z</time></trkpt>
    <trkpt lat="10.3446453" lon="123.8090889"><ele>386.09</ele><time>2026-09-11T23:25:21Z</time></trkpt>
    <trkpt lat="10.3446509" lon="123.8091252"><ele>387.50</ele><time>2026-09-11T23:25:29Z</time></trkpt>
    <trkpt lat="10.3446558" lon="123.8091435"><ele>385.95</ele><time>2026-09-11T23:25:37Z</time></trkpt>
    <trkpt lat="10.3446595" lon="123.8091609"><ele>386.90</ele><time>2026-09-11T23:25:45Z</time></trkpt>
    <trkpt lat="10.3446613" lon="123.8091785"><ele>388.16</ele><time>2026-09-11T23:25:53Z</time></trkpt>
    <trkpt lat="10.3446621" lon="123.8091905"><ele>389.09</ele><time>2026-09-11T23:26:01Z</time></trkpt>
    <trkpt lat="10.3446617" lon="123.8092020"><ele>389.81</ele><time>2026-09-11T23:26:09Z</time></trkpt>
    <trkpt lat="10.3446644" lon="123.8092096"><ele>390.10</ele><time>2026-09-11T23:26:17Z</time></trkpt>
    <trkpt lat="10.3446663" lon="123.8092171"><ele>390.51</ele><time>2026-09-11T23:26:25Z</time></trkpt>
    <trkpt lat="10.3446663" lon="123.8092258"><ele>390.23</ele><time>2026-09-11T23:26:33Z</time></trkpt>
    <trkpt lat="10.3446612" lon="123.8092324"><ele>390.97</ele><time>2026-09-11T23:26:41Z</time></trkpt>
    <trkpt lat="10.3446658" lon="123.8092413"><ele>392.06</ele><time>2026-09-11T23:26:49Z</time></trkpt>
    <trkpt lat="10.3446693" lon="123.8092499"><ele>393.17</ele><time>2026-09-11T23:26:57Z</time></trkpt>
    <trkpt lat="10.3446719" lon="123.8092640"><ele>395.03</ele><time>2026-09-11T23:27:06Z</time></trkpt>
    <trkpt lat="10.3446733" lon="123.8092680"><ele>395.41</ele><time>2026-09-11T23:27:13Z</time></trkpt>
    <trkpt lat="10.3446752" lon="123.8092723"><ele>395.62</ele><time>2026-09-11T23:27:21Z</time></trkpt>
    <trkpt lat="10.3446774" lon="123.8092753"><ele>395.81</ele><time>2026-09-11T23:27:29Z</time></trkpt>
    <trkpt lat="10.3446767" lon="123.8092794"><ele>395.82</ele><time>2026-09-11T23:27:37Z</time></trkpt>
    <trkpt lat="10.3446715" lon="123.8092943"><ele>395.76</ele><time>2026-09-11T23:27:46Z</time></trkpt>
    <trkpt lat="10.3446684" lon="123.8093013"><ele>395.76</ele><time>2026-09-11T23:27:53Z</time></trkpt>
    <trkpt lat="10.3446604" lon="123.8093130"><ele>395.80</ele><time>2026-09-11T23:28:01Z</time></trkpt>
    <trkpt lat="10.3446530" lon="123.8093247"><ele>395.50</ele><time>2026-09-11T23:28:09Z</time></trkpt>
    <trkpt lat="10.3446446" lon="123.8093365"><ele>395.04</ele><time>2026-09-11T23:28:17Z</time></trkpt>
    <trkpt lat="10.3446382" lon="123.8093474"><ele>394.43</ele><time>2026-09-11T23:28:25Z</time></trkpt>
    <trkpt lat="10.3446263" lon="123.8093625"><ele>393.46</ele><time>2026-09-11T23:28:33Z</time></trkpt>
    <trkpt lat="10.3446147" lon="123.8093795"><ele>393.08</ele><time>2026-09-11T23:28:41Z</time></trkpt>
    <trkpt lat="10.3446057" lon="123.8093915"><ele>392.76</ele><time>2026-09-11T23:28:49Z</time></trkpt>
    <trkpt lat="10.3445987" lon="123.8094070"><ele>392.16</ele><time>2026-09-11T23:28:57Z</time></trkpt>
    <trkpt lat="10.3445840" lon="123.8094149"><ele>392.79</ele><time>2026-09-11T23:29:05Z</time></trkpt>
    <trkpt lat="10.3445661" lon="123.8094232"><ele>393.28</ele><time>2026-09-11T23:29:14Z</time></trkpt>
    <trkpt lat="10.3445483" lon="123.8094296"><ele>394.07</ele><time>2026-09-11T23:29:22Z</time></trkpt>
    <trkpt lat="10.3445352" lon="123.8094310"><ele>394.10</ele><time>2026-09-11T23:29:30Z</time></trkpt>
    <trkpt lat="10.3445195" lon="123.8094332"><ele>394.81</ele><time>2026-09-11T23:29:38Z</time></trkpt>
    <trkpt lat="10.3445071" lon="123.8094351"><ele>395.66</ele><time>2026-09-11T23:29:45Z</time></trkpt>
    <trkpt lat="10.3444836" lon="123.8094368"><ele>397.46</ele><time>2026-09-11T23:29:54Z</time></trkpt>
    <trkpt lat="10.3444638" lon="123.8094346"><ele>397.72</ele><time>2026-09-11T23:30:02Z</time></trkpt>
    <trkpt lat="10.3444565" lon="123.8094355"><ele>398.19</ele><time>2026-09-11T23:30:09Z</time></trkpt>
    <trkpt lat="10.3444454" lon="123.8094331"><ele>398.35</ele><time>2026-09-11T23:30:18Z</time></trkpt>
    <trkpt lat="10.3444226" lon="123.8094290"><ele>399.04</ele><time>2026-09-11T23:30:26Z</time></trkpt>
    <trkpt lat="10.3444108" lon="123.8094257"><ele>399.04</ele><time>2026-09-11T23:30:33Z</time></trkpt>
    <trkpt lat="10.3444001" lon="123.8094202"><ele>398.95</ele><time>2026-09-11T23:30:41Z</time></trkpt>
    <trkpt lat="10.3443877" lon="123.8094149"><ele>399.46</ele><time>2026-09-11T23:30:49Z</time></trkpt>
    <trkpt lat="10.3443746" lon="123.8094122"><ele>399.71</ele><time>2026-09-11T23:30:57Z</time></trkpt>
    <trkpt lat="10.3443594" lon="123.8094070"><ele>400.06</ele><time>2026-09-11T23:31:05Z</time></trkpt>
    <trkpt lat="10.3443445" lon="123.8093992"><ele>399.96</ele><time>2026-09-11T23:31:13Z</time></trkpt>
    <trkpt lat="10.3443274" lon="123.8093939"><ele>400.31</ele><time>2026-09-11T23:31:21Z</time></trkpt>
    <trkpt lat="10.3443099" lon="123.8093874"><ele>400.20</ele><time>2026-09-11T23:31:29Z</time></trkpt>
    <trkpt lat="10.3442911" lon="123.8093795"><ele>400.92</ele><time>2026-09-11T23:31:37Z</time></trkpt>
    <trkpt lat="10.3442739" lon="123.8093671"><ele>400.70</ele><time>2026-09-11T23:31:45Z</time></trkpt>
    <trkpt lat="10.3442552" lon="123.8093552"><ele>401.13</ele><time>2026-09-11T23:31:53Z</time></trkpt>
    <trkpt lat="10.3442353" lon="123.8093465"><ele>400.51</ele><time>2026-09-11T23:32:01Z</time></trkpt>
    <trkpt lat="10.3442226" lon="123.8093347"><ele>400.92</ele><time>2026-09-11T23:32:09Z</time></trkpt>
    <trkpt lat="10.3442123" lon="123.8093233"><ele>401.21</ele><time>2026-09-11T23:32:17Z</time></trkpt>
    <trkpt lat="10.3442023" lon="123.8093151"><ele>401.47</ele><time>2026-09-11T23:32:25Z</time></trkpt>
    <trkpt lat="10.3441878" lon="123.8093045"><ele>400.93</ele><time>2026-09-11T23:32:33Z</time></trkpt>
    <trkpt lat="10.3441722" lon="123.8092972"><ele>401.04</ele><time>2026-09-11T23:32:41Z</time></trkpt>
    <trkpt lat="10.3441444" lon="123.8092800"><ele>400.19</ele><time>2026-09-11T23:32:50Z</time></trkpt>
    <trkpt lat="10.3441302" lon="123.8092714"><ele>400.05</ele><time>2026-09-11T23:32:57Z</time></trkpt>
    <trkpt lat="10.3439013" lon="123.8091366"><ele>411.24</ele><time>2026-09-11T23:33:06Z</time></trkpt>
    <trkpt lat="10.3438520" lon="123.8091127"><ele>414.04</ele><time>2026-09-11T23:33:13Z</time></trkpt>
    <trkpt lat="10.3437874" lon="123.8091117"><ele>418.41</ele><time>2026-09-11T23:33:21Z</time></trkpt>
    <trkpt lat="10.3437213" lon="123.8091272"><ele>421.69</ele><time>2026-09-11T23:33:29Z</time></trkpt>
    <trkpt lat="10.3437238" lon="123.8091424"><ele>425.55</ele><time>2026-09-11T23:33:37Z</time></trkpt>
    <trkpt lat="10.3437159" lon="123.8091404"><ele>427.03</ele><time>2026-09-11T23:33:45Z</time></trkpt>
    <trkpt lat="10.3437061" lon="123.8091324"><ele>427.37</ele><time>2026-09-11T23:33:53Z</time></trkpt>
    <trkpt lat="10.3437056" lon="123.8091296"><ele>425.79</ele><time>2026-09-11T23:34:01Z</time></trkpt>
    <trkpt lat="10.3437068" lon="123.8091251"><ele>426.36</ele><time>2026-09-11T23:34:09Z</time></trkpt>
    <trkpt lat="10.3437069" lon="123.8091183"><ele>427.50</ele><time>2026-09-11T23:34:17Z</time></trkpt>
    <trkpt lat="10.3437071" lon="123.8091168"><ele>428.65</ele><time>2026-09-11T23:34:25Z</time></trkpt>
    <trkpt lat="10.3437080" lon="123.8091192"><ele>428.82</ele><time>2026-09-11T23:34:33Z</time></trkpt>
    <trkpt lat="10.3437107" lon="123.8091207"><ele>429.76</ele><time>2026-09-11T23:34:41Z</time></trkpt>
    <trkpt lat="10.3437111" lon="123.8091217"><ele>430.06</ele><time>2026-09-11T23:34:49Z</time></trkpt>
    <trkpt lat="10.3437126" lon="123.8091268"><ele>429.77</ele><time>2026-09-11T23:34:57Z</time></trkpt>
    <trkpt lat="10.3437176" lon="123.8091334"><ele>429.39</ele><time>2026-09-11T23:35:05Z</time></trkpt>
    <trkpt lat="10.3437228" lon="123.8091429"><ele>429.17</ele><time>2026-09-11T23:35:13Z</time></trkpt>
    <trkpt lat="10.3437304" lon="123.8091526"><ele>428.52</ele><time>2026-09-11T23:35:21Z</time></trkpt>
    <trkpt lat="10.3437365" lon="123.8091654"><ele>427.71</ele><time>2026-09-11T23:35:29Z</time></trkpt>
    <trkpt lat="10.3437397" lon="123.8091758"><ele>426.79</ele><time>2026-09-11T23:35:37Z</time></trkpt>
    <trkpt lat="10.3437429" lon="123.8091854"><ele>426.26</ele><time>2026-09-11T23:35:45Z</time></trkpt>
    <trkpt lat="10.3437493" lon="123.8091950"><ele>425.42</ele><time>2026-09-11T23:35:53Z</time></trkpt>
    <trkpt lat="10.3437656" lon="123.8092040"><ele>427.09</ele><time>2026-09-11T23:36:01Z</time></trkpt>
    <trkpt lat="10.3437761" lon="123.8092134"><ele>427.23</ele><time>2026-09-11T23:36:09Z</time></trkpt>
    <trkpt lat="10.3437851" lon="123.8092247"><ele>426.27</ele><time>2026-09-11T23:36:17Z</time></trkpt>
    <trkpt lat="10.3437931" lon="123.8092374"><ele>425.74</ele><time>2026-09-11T23:36:25Z</time></trkpt>
    <trkpt lat="10.3437985" lon="123.8092503"><ele>425.91</ele><time>2026-09-11T23:36:33Z</time></trkpt>
    <trkpt lat="10.3438993" lon="123.8093523"><ele>432.47</ele><time>2026-09-11T23:36:41Z</time></trkpt>
    <trkpt lat="10.3439565" lon="123.8093901"><ele>435.10</ele><time>2026-09-11T23:36:49Z</time></trkpt>
    <trkpt lat="10.3439869" lon="123.8094217"><ele>437.92</ele><time>2026-09-11T23:36:57Z</time></trkpt>
    <trkpt lat="10.3439998" lon="123.8094451"><ele>437.00</ele><time>2026-09-11T23:37:05Z</time></trkpt>
    <trkpt lat="10.3440033" lon="123.8094648"><ele>437.05</ele><time>2026-09-11T23:37:13Z</time></trkpt>
    <trkpt lat="10.3440113" lon="123.8094813"><ele>437.30</ele><time>2026-09-11T23:37:21Z</time></trkpt>
    <trkpt lat="10.3440086" lon="123.8095027"><ele>437.45</ele><time>2026-09-11T23:37:29Z</time></trkpt>
    <trkpt lat="10.3440067" lon="123.8095246"><ele>437.31</ele><time>2026-09-11T23:37:37Z</time></trkpt>
    <trkpt lat="10.3440087" lon="123.8095379"><ele>438.06</ele><time>2026-09-11T23:37:45Z</time></trkpt>
    <trkpt lat="10.3440099" lon="123.8095531"><ele>439.00</ele><time>2026-09-11T23:37:53Z</time></trkpt>
    <trkpt lat="10.3440100" lon="123.8095681"><ele>438.45</ele><time>2026-09-11T23:38:01Z</time></trkpt>
    <trkpt lat="10.3440067" lon="123.8095913"><ele>440.20</ele><time>2026-09-11T23:38:09Z</time></trkpt>
    <trkpt lat="10.3440030" lon="123.8096101"><ele>441.51</ele><time>2026-09-11T23:38:17Z</time></trkpt>
    <trkpt lat="10.3439972" lon="123.8096253"><ele>441.74</ele><time>2026-09-11T23:38:25Z</time></trkpt>
    <trkpt lat="10.3439593" lon="123.8097080"><ele>443.89</ele><time>2026-09-11T23:38:34Z</time></trkpt>
    <trkpt lat="10.3439146" lon="123.8098024"><ele>447.78</ele><time>2026-09-11T23:38:41Z</time></trkpt>
    <trkpt lat="10.3438993" lon="123.8098879"><ele>447.97</ele><time>2026-09-11T23:38:49Z</time></trkpt>
    <trkpt lat="10.3439132" lon="123.8099266"><ele>449.76</ele><time>2026-09-11T23:38:57Z</time></trkpt>
    <trkpt lat="10.3438815" lon="123.8099924"><ele>452.66</ele><time>2026-09-11T23:39:05Z</time></trkpt>
    <trkpt lat="10.3438679" lon="123.8099616"><ele>452.11</ele><time>2026-09-11T23:39:13Z</time></trkpt>
    <trkpt lat="10.3438673" lon="123.8099571"><ele>453.18</ele><time>2026-09-11T23:39:21Z</time></trkpt>
    <trkpt lat="10.3438445" lon="123.8099926"><ele>455.19</ele><time>2026-09-11T23:39:29Z</time></trkpt>
    <trkpt lat="10.3438228" lon="123.8100040"><ele>453.35</ele><time>2026-09-11T23:39:37Z</time></trkpt>
    <trkpt lat="10.3437831" lon="123.8100298"><ele>454.36</ele><time>2026-09-11T23:39:45Z</time></trkpt>
    <trkpt lat="10.3437670" lon="123.8100442"><ele>456.59</ele><time>2026-09-11T23:39:53Z</time></trkpt>
    <trkpt lat="10.3437363" lon="123.8100906"><ele>458.87</ele><time>2026-09-11T23:40:01Z</time></trkpt>
    <trkpt lat="10.3436996" lon="123.8101106"><ele>463.28</ele><time>2026-09-11T23:40:09Z</time></trkpt>
    <trkpt lat="10.3436572" lon="123.8101151"><ele>452.55</ele><time>2026-09-11T23:40:17Z</time></trkpt>
    <trkpt lat="10.3436262" lon="123.8101561"><ele>457.92</ele><time>2026-09-11T23:40:25Z</time></trkpt>
    <trkpt lat="10.3436094" lon="123.8101909"><ele>459.27</ele><time>2026-09-11T23:40:33Z</time></trkpt>
    <trkpt lat="10.3435669" lon="123.8102062"><ele>454.50</ele><time>2026-09-11T23:40:41Z</time></trkpt>
    <trkpt lat="10.3435356" lon="123.8102631"><ele>458.24</ele><time>2026-09-11T23:40:50Z</time></trkpt>
    <trkpt lat="10.3435264" lon="123.8102692"><ele>458.90</ele><time>2026-09-11T23:40:55Z</time></trkpt>
    <trkpt lat="10.3434948" lon="123.8102750"><ele>461.34</ele><time>2026-09-11T23:41:06Z</time></trkpt>
    <trkpt lat="10.3434373" lon="123.8102835"><ele>471.18</ele><time>2026-09-11T23:41:13Z</time></trkpt>
    <trkpt lat="10.3434177" lon="123.8103187"><ele>469.78</ele><time>2026-09-11T23:41:21Z</time></trkpt>
    <trkpt lat="10.3434054" lon="123.8103456"><ele>470.89</ele><time>2026-09-11T23:41:30Z</time></trkpt>
    <trkpt lat="10.3433857" lon="123.8103741"><ele>470.54</ele><time>2026-09-11T23:41:37Z</time></trkpt>
    <trkpt lat="10.3433675" lon="123.8103854"><ele>473.08</ele><time>2026-09-11T23:41:45Z</time></trkpt>
    <trkpt lat="10.3433426" lon="123.8104125"><ele>478.90</ele><time>2026-09-11T23:41:53Z</time></trkpt>
    <trkpt lat="10.3433493" lon="123.8104390"><ele>479.80</ele><time>2026-09-11T23:42:01Z</time></trkpt>
    <trkpt lat="10.3433084" lon="123.8104560"><ele>478.08</ele><time>2026-09-11T23:42:09Z</time></trkpt>
    <trkpt lat="10.3432668" lon="123.8104768"><ele>479.84</ele><time>2026-09-11T23:42:17Z</time></trkpt>
    <trkpt lat="10.3432332" lon="123.8105386"><ele>486.93</ele><time>2026-09-11T23:42:25Z</time></trkpt>
    <trkpt lat="10.3432098" lon="123.8105499"><ele>478.74</ele><time>2026-09-11T23:42:33Z</time></trkpt>
    <trkpt lat="10.3431844" lon="123.8105609"><ele>479.88</ele><time>2026-09-11T23:42:41Z</time></trkpt>
    <trkpt lat="10.3431391" lon="123.8106098"><ele>486.39</ele><time>2026-09-11T23:42:49Z</time></trkpt>
    <trkpt lat="10.3431084" lon="123.8106040"><ele>486.50</ele><time>2026-09-11T23:42:57Z</time></trkpt>
    <trkpt lat="10.3431011" lon="123.8106011"><ele>484.62</ele><time>2026-09-11T23:43:05Z</time></trkpt>
    <trkpt lat="10.3430949" lon="123.8106057"><ele>484.75</ele><time>2026-09-11T23:43:13Z</time></trkpt>
    <trkpt lat="10.3430784" lon="123.8105923"><ele>476.68</ele><time>2026-09-11T23:43:21Z</time></trkpt>
    <trkpt lat="10.3430784" lon="123.8105544"><ele>475.41</ele><time>2026-09-11T23:43:29Z</time></trkpt>
    <trkpt lat="10.3431020" lon="123.8105311"><ele>479.60</ele><time>2026-09-11T23:43:37Z</time></trkpt>
    <trkpt lat="10.3430886" lon="123.8105068"><ele>480.46</ele><time>2026-09-11T23:43:45Z</time></trkpt>
    <trkpt lat="10.3430647" lon="123.8104844"><ele>482.44</ele><time>2026-09-11T23:43:53Z</time></trkpt>
    <trkpt lat="10.3430878" lon="123.8104855"><ele>480.98</ele><time>2026-09-11T23:44:01Z</time></trkpt>
    <trkpt lat="10.3431244" lon="123.8104390"><ele>482.81</ele><time>2026-09-11T23:44:09Z</time></trkpt>
    <trkpt lat="10.3430741" lon="123.8103834"><ele>484.75</ele><time>2026-09-11T23:44:17Z</time></trkpt>
    <trkpt lat="10.3430772" lon="123.8103931"><ele>483.64</ele><time>2026-09-11T23:44:25Z</time></trkpt>
    <trkpt lat="10.3430880" lon="123.8104081"><ele>480.22</ele><time>2026-09-11T23:44:33Z</time></trkpt>
    <trkpt lat="10.3431230" lon="123.8103962"><ele>481.36</ele><time>2026-09-11T23:44:41Z</time></trkpt>
    <trkpt lat="10.3431402" lon="123.8103572"><ele>483.82</ele><time>2026-09-11T23:44:49Z</time></trkpt>
    <trkpt lat="10.3431468" lon="123.8103540"><ele>486.06</ele><time>2026-09-11T23:44:57Z</time></trkpt>
    <trkpt lat="10.3431481" lon="123.8103630"><ele>490.78</ele><time>2026-09-11T23:45:05Z</time></trkpt>
    <trkpt lat="10.3431236" lon="123.8103216"><ele>488.04</ele><time>2026-09-11T23:45:13Z</time></trkpt>
    <trkpt lat="10.3431561" lon="123.8102589"><ele>490.57</ele><time>2026-09-11T23:45:21Z</time></trkpt>
    <trkpt lat="10.3431916" lon="123.8102261"><ele>487.53</ele><time>2026-09-11T23:45:29Z</time></trkpt>
    <trkpt lat="10.3432080" lon="123.8101960"><ele>488.06</ele><time>2026-09-11T23:45:37Z</time></trkpt>
    <trkpt lat="10.3431901" lon="123.8101994"><ele>491.48</ele><time>2026-09-11T23:45:45Z</time></trkpt>
    <trkpt lat="10.3432508" lon="123.8101772"><ele>492.58</ele><time>2026-09-11T23:45:53Z</time></trkpt>
    <trkpt lat="10.3432665" lon="123.8101774"><ele>492.56</ele><time>2026-09-11T23:46:01Z</time></trkpt>
    <trkpt lat="10.3432705" lon="123.8101626"><ele>490.88</ele><time>2026-09-11T23:46:09Z</time></trkpt>
    <trkpt lat="10.3432828" lon="123.8101414"><ele>490.56</ele><time>2026-09-11T23:46:17Z</time></trkpt>
    <trkpt lat="10.3432999" lon="123.8100813"><ele>487.53</ele><time>2026-09-11T23:46:25Z</time></trkpt>
    <trkpt lat="10.3433225" lon="123.8100253"><ele>493.80</ele><time>2026-09-11T23:46:33Z</time></trkpt>
    <trkpt lat="10.3433632" lon="123.8100040"><ele>494.03</ele><time>2026-09-11T23:46:41Z</time></trkpt>
    <trkpt lat="10.3433649" lon="123.8099572"><ele>493.72</ele><time>2026-09-11T23:46:49Z</time></trkpt>
    <trkpt lat="10.3433675" lon="123.8099109"><ele>495.86</ele><time>2026-09-11T23:46:57Z</time></trkpt>
    <trkpt lat="10.3433390" lon="123.8099041"><ele>485.07</ele><time>2026-09-11T23:47:05Z</time></trkpt>
    <trkpt lat="10.3433079" lon="123.8098562"><ele>492.56</ele><time>2026-09-11T23:47:13Z</time></trkpt>
    <trkpt lat="10.3432534" lon="123.8098426"><ele>497.20</ele><time>2026-09-11T23:47:21Z</time></trkpt>
    <trkpt lat="10.3432224" lon="123.8098489"><ele>493.24</ele><time>2026-09-11T23:47:29Z</time></trkpt>
    <trkpt lat="10.3431881" lon="123.8098564"><ele>493.32</ele><time>2026-09-11T23:47:37Z</time></trkpt>
    <trkpt lat="10.3432174" lon="123.8098742"><ele>492.54</ele><time>2026-09-11T23:47:45Z</time></trkpt>
    <trkpt lat="10.3432276" lon="123.8098757"><ele>493.04</ele><time>2026-09-11T23:47:53Z</time></trkpt>
    <trkpt lat="10.3432294" lon="123.8098682"><ele>491.97</ele><time>2026-09-11T23:48:01Z</time></trkpt>
    <trkpt lat="10.3432304" lon="123.8098645"><ele>491.48</ele><time>2026-09-11T23:48:09Z</time></trkpt>
    <trkpt lat="10.3432291" lon="123.8098593"><ele>491.71</ele><time>2026-09-11T23:48:17Z</time></trkpt>
    <trkpt lat="10.3432304" lon="123.8098552"><ele>492.76</ele><time>2026-09-11T23:48:25Z</time></trkpt>
    <trkpt lat="10.3432449" lon="123.8098668"><ele>493.00</ele><time>2026-09-11T23:48:33Z</time></trkpt>
    <trkpt lat="10.3432579" lon="123.8098621"><ele>493.89</ele><time>2026-09-11T23:48:41Z</time></trkpt>
    <trkpt lat="10.3432636" lon="123.8098617"><ele>494.94</ele><time>2026-09-11T23:48:49Z</time></trkpt>
    <trkpt lat="10.3432633" lon="123.8098608"><ele>495.70</ele><time>2026-09-11T23:48:57Z</time></trkpt>
    <trkpt lat="10.3432605" lon="123.8098583"><ele>495.62</ele><time>2026-09-11T23:49:05Z</time></trkpt>
    <trkpt lat="10.3432566" lon="123.8098587"><ele>494.96</ele><time>2026-09-11T23:49:13Z</time></trkpt>
    <trkpt lat="10.3432553" lon="123.8098334"><ele>493.41</ele><time>2026-09-11T23:49:21Z</time></trkpt>
    <trkpt lat="10.3432608" lon="123.8098300"><ele>493.73</ele><time>2026-09-11T23:49:29Z</time></trkpt>
    <trkpt lat="10.3432640" lon="123.8098311"><ele>494.43</ele><time>2026-09-11T23:49:37Z</time></trkpt>
    <trkpt lat="10.3432592" lon="123.8098323"><ele>494.17</ele><time>2026-09-11T23:49:45Z</time></trkpt>
    <trkpt lat="10.3432549" lon="123.8098359"><ele>495.12</ele><time>2026-09-11T23:49:53Z</time></trkpt>
    <trkpt lat="10.3432577" lon="123.8098397"><ele>495.50</ele><time>2026-09-11T23:50:01Z</time></trkpt>
    <trkpt lat="10.3432639" lon="123.8098478"><ele>495.44</ele><time>2026-09-11T23:50:09Z</time></trkpt>
    <trkpt lat="10.3432620" lon="123.8098531"><ele>495.65</ele><time>2026-09-11T23:50:17Z</time></trkpt>
    <trkpt lat="10.3432594" lon="123.8098541"><ele>496.36</ele><time>2026-09-11T23:50:25Z</time></trkpt>
    <trkpt lat="10.3432603" lon="123.8098545"><ele>496.81</ele><time>2026-09-11T23:50:33Z</time></trkpt>
    <trkpt lat="10.3432249" lon="123.8098646"><ele>492.51</ele><time>2026-09-11T23:50:41Z</time></trkpt>
    <trkpt lat="10.3432271" lon="123.8098635"><ele>495.31</ele><time>2026-09-11T23:50:49Z</time></trkpt>
    <trkpt lat="10.3432383" lon="123.8098548"><ele>495.89</ele><time>2026-09-11T23:50:57Z</time></trkpt>
    <trkpt lat="10.3432413" lon="123.8098571"><ele>495.84</ele><time>2026-09-11T23:51:05Z</time></trkpt>
    <trkpt lat="10.3432522" lon="123.8098533"><ele>496.87</ele><time>2026-09-11T23:51:13Z</time></trkpt>
    <trkpt lat="10.3432563" lon="123.8098505"><ele>497.15</ele><time>2026-09-11T23:51:21Z</time></trkpt>
    <trkpt lat="10.3432560" lon="123.8098521"><ele>497.63</ele><time>2026-09-11T23:51:29Z</time></trkpt>
    <trkpt lat="10.3432543" lon="123.8098503"><ele>497.52</ele><time>2026-09-11T23:51:37Z</time></trkpt>
    <trkpt lat="10.3432541" lon="123.8098504"><ele>497.65</ele><time>2026-09-11T23:51:45Z</time></trkpt>
    <trkpt lat="10.3432532" lon="123.8098509"><ele>497.99</ele><time>2026-09-11T23:51:53Z</time></trkpt>
    <trkpt lat="10.3432512" lon="123.8098494"><ele>498.12</ele><time>2026-09-11T23:52:01Z</time></trkpt>
    <trkpt lat="10.3432491" lon="123.8098521"><ele>497.61</ele><time>2026-09-11T23:52:09Z</time></trkpt>
    <trkpt lat="10.3432498" lon="123.8098515"><ele>497.56</ele><time>2026-09-11T23:52:17Z</time></trkpt>
    <trkpt lat="10.3432479" lon="123.8098502"><ele>497.33</ele><time>2026-09-11T23:52:25Z</time></trkpt>
    <trkpt lat="10.3432473" lon="123.8098519"><ele>497.50</ele><time>2026-09-11T23:52:33Z</time></trkpt>
    <trkpt lat="10.3432406" lon="123.8098538"><ele>497.13</ele><time>2026-09-11T23:52:41Z</time></trkpt>
    <trkpt lat="10.3432314" lon="123.8098568"><ele>496.91</ele><time>2026-09-11T23:52:49Z</time></trkpt>
    <trkpt lat="10.3432257" lon="123.8098599"><ele>496.58</ele><time>2026-09-11T23:52:57Z</time></trkpt>
    <trkpt lat="10.3432148" lon="123.8098694"><ele>496.07</ele><time>2026-09-11T23:53:05Z</time></trkpt>
    <trkpt lat="10.3432030" lon="123.8098729"><ele>495.42</ele><time>2026-09-11T23:53:13Z</time></trkpt>
    <trkpt lat="10.3431959" lon="123.8098840"><ele>494.69</ele><time>2026-09-11T23:53:21Z</time></trkpt>
    <trkpt lat="10.3431814" lon="123.8098947"><ele>494.29</ele><time>2026-09-11T23:53:29Z</time></trkpt>
    <trkpt lat="10.3431014" lon="123.8099800"><ele>499.62</ele><time>2026-09-11T23:53:37Z</time></trkpt>
    <trkpt lat="10.3430155" lon="123.8100773"><ele>505.63</ele><time>2026-09-11T23:53:45Z</time></trkpt>
    <trkpt lat="10.3429603" lon="123.8101318"><ele>504.77</ele><time>2026-09-11T23:53:53Z</time></trkpt>
    <trkpt lat="10.3429129" lon="123.8101633"><ele>504.67</ele><time>2026-09-11T23:54:01Z</time></trkpt>
    <trkpt lat="10.3428529" lon="123.8101828"><ele>511.29</ele><time>2026-09-11T23:54:09Z</time></trkpt>
    <trkpt lat="10.3428368" lon="123.8101935"><ele>512.30</ele><time>2026-09-11T23:54:17Z</time></trkpt>
    <trkpt lat="10.3428081" lon="123.8102172"><ele>514.37</ele><time>2026-09-11T23:54:25Z</time></trkpt>
    <trkpt lat="10.3427967" lon="123.8102179"><ele>512.20</ele><time>2026-09-11T23:54:33Z</time></trkpt>
    <trkpt lat="10.3428202" lon="123.8102447"><ele>510.73</ele><time>2026-09-11T23:54:39.422Z</time></trkpt>
    <trkpt lat="10.3427642" lon="123.8102674"><ele>511.19</ele><time>2026-09-11T23:54:44Z</time></trkpt>
    <trkpt lat="10.3427013" lon="123.8102872"><ele>512.89</ele><time>2026-09-11T23:54:58Z</time></trkpt>
    <trkpt lat="10.3427011" lon="123.8102739"><ele>513.04</ele><time>2026-09-11T23:55:06Z</time></trkpt>
    <trkpt lat="10.3426904" lon="123.8102781"><ele>512.77</ele><time>2026-09-11T23:55:14Z</time></trkpt>
    <trkpt lat="10.3426519" lon="123.8102746"><ele>512.50</ele><time>2026-09-11T23:55:22Z</time></trkpt>
    <trkpt lat="10.3425910" lon="123.8102914"><ele>514.08</ele><time>2026-09-11T23:55:30Z</time></trkpt>
    <trkpt lat="10.3425335" lon="123.8103378"><ele>515.38</ele><time>2026-09-11T23:55:38Z</time></trkpt>
    <trkpt lat="10.3424811" lon="123.8103691"><ele>522.51</ele><time>2026-09-11T23:55:46Z</time></trkpt>
    <trkpt lat="10.3424329" lon="123.8103817"><ele>525.92</ele><time>2026-09-11T23:55:54Z</time></trkpt>
    <trkpt lat="10.3423879" lon="123.8103971"><ele>526.76</ele><time>2026-09-11T23:56:02Z</time></trkpt>
    <trkpt lat="10.3424023" lon="123.8104481"><ele>522.82</ele><time>2026-09-11T23:56:10Z</time></trkpt>
    <trkpt lat="10.3424203" lon="123.8104999"><ele>523.97</ele><time>2026-09-11T23:56:18Z</time></trkpt>
    <trkpt lat="10.3423785" lon="123.8105050"><ele>529.95</ele><time>2026-09-11T23:56:26Z</time></trkpt>
    <trkpt lat="10.3423619" lon="123.8104557"><ele>527.68</ele><time>2026-09-11T23:56:34Z</time></trkpt>
    <trkpt lat="10.3423669" lon="123.8104544"><ele>528.83</ele><time>2026-09-11T23:56:42Z</time></trkpt>
    <trkpt lat="10.3423732" lon="123.8104640"><ele>526.80</ele><time>2026-09-11T23:56:50Z</time></trkpt>
    <trkpt lat="10.3423787" lon="123.8104716"><ele>526.52</ele><time>2026-09-11T23:56:58Z</time></trkpt>
    <trkpt lat="10.3424003" lon="123.8104650"><ele>528.17</ele><time>2026-09-11T23:57:06Z</time></trkpt>
    <trkpt lat="10.3423998" lon="123.8104597"><ele>526.10</ele><time>2026-09-11T23:57:14Z</time></trkpt>
    <trkpt lat="10.3424007" lon="123.8104660"><ele>522.64</ele><time>2026-09-11T23:57:22Z</time></trkpt>
    <trkpt lat="10.3424055" lon="123.8104688"><ele>521.35</ele><time>2026-09-11T23:57:30Z</time></trkpt>
    <trkpt lat="10.3424092" lon="123.8104647"><ele>522.22</ele><time>2026-09-11T23:57:38Z</time></trkpt>
    <trkpt lat="10.3424075" lon="123.8104678"><ele>523.16</ele><time>2026-09-11T23:57:46Z</time></trkpt>
    <trkpt lat="10.3424053" lon="123.8104712"><ele>521.49</ele><time>2026-09-11T23:57:54Z</time></trkpt>
    <trkpt lat="10.3424013" lon="123.8104751"><ele>521.42</ele><time>2026-09-11T23:58:02Z</time></trkpt>
    <trkpt lat="10.3423976" lon="123.8104781"><ele>522.44</ele><time>2026-09-11T23:58:10Z</time></trkpt>
    <trkpt lat="10.3423946" lon="123.8104778"><ele>523.17</ele><time>2026-09-11T23:58:18Z</time></trkpt>
    <trkpt lat="10.3423919" lon="123.8104797"><ele>523.23</ele><time>2026-09-11T23:58:26Z</time></trkpt>
    <trkpt lat="10.3423915" lon="123.8104852"><ele>523.78</ele><time>2026-09-11T23:58:34Z</time></trkpt>
    <trkpt lat="10.3423982" lon="123.8104902"><ele>524.05</ele><time>2026-09-11T23:58:42Z</time></trkpt>
    <trkpt lat="10.3424013" lon="123.8104924"><ele>523.76</ele><time>2026-09-11T23:58:50Z</time></trkpt>
    <trkpt lat="10.3424179" lon="123.8104938"><ele>523.57</ele><time>2026-09-11T23:58:58Z</time></trkpt>
    <trkpt lat="10.3424153" lon="123.8104560"><ele>522.61</ele><time>2026-09-11T23:59:06Z</time></trkpt>
    <trkpt lat="10.3423893" lon="123.8104567"><ele>520.33</ele><time>2026-09-11T23:59:14Z</time></trkpt>
    <trkpt lat="10.3423874" lon="123.8104718"><ele>520.91</ele><time>2026-09-11T23:59:22Z</time></trkpt>
    <trkpt lat="10.3423842" lon="123.8104791"><ele>519.98</ele><time>2026-09-11T23:59:30Z</time></trkpt>
    <trkpt lat="10.3423620" lon="123.8105035"><ele>515.93</ele><time>2026-09-11T23:59:38Z</time></trkpt>
    <trkpt lat="10.3423050" lon="123.8105155"><ele>521.99</ele><time>2026-09-11T23:59:46Z</time></trkpt>
    <trkpt lat="10.3422888" lon="123.8105480"><ele>523.05</ele><time>2026-09-11T23:59:54Z</time></trkpt>
    <trkpt lat="10.3422899" lon="123.8105797"><ele>521.70</ele><time>2026-09-12T00:00:02Z</time></trkpt>
    <trkpt lat="10.3422419" lon="123.8105846"><ele>516.06</ele><time>2026-09-12T00:00:10Z</time></trkpt>
    <trkpt lat="10.3422044" lon="123.8105618"><ele>520.74</ele><time>2026-09-12T00:00:18Z</time></trkpt>
    <trkpt lat="10.3421793" lon="123.8105575"><ele>521.72</ele><time>2026-09-12T00:00:26Z</time></trkpt>
    <trkpt lat="10.3421255" lon="123.8105715"><ele>513.11</ele><time>2026-09-12T00:00:34Z</time></trkpt>
    <trkpt lat="10.3421010" lon="123.8105853"><ele>529.19</ele><time>2026-09-12T00:00:42Z</time></trkpt>
    <trkpt lat="10.3420568" lon="123.8105963"><ele>536.57</ele><time>2026-09-12T00:00:50Z</time></trkpt>
    <trkpt lat="10.3420296" lon="123.8105577"><ele>532.86</ele><time>2026-09-12T00:00:58Z</time></trkpt>
    <trkpt lat="10.3420118" lon="123.8104999"><ele>531.66</ele><time>2026-09-12T00:01:06Z</time></trkpt>
    <trkpt lat="10.3420204" lon="123.8104933"><ele>532.59</ele><time>2026-09-12T00:01:14Z</time></trkpt>
    <trkpt lat="10.3420113" lon="123.8105017"><ele>532.24</ele><time>2026-09-12T00:01:22Z</time></trkpt>
    <trkpt lat="10.3419933" lon="123.8104494"><ele>534.95</ele><time>2026-09-12T00:01:30Z</time></trkpt>
    <trkpt lat="10.3419399" lon="123.8104209"><ele>538.65</ele><time>2026-09-12T00:01:38Z</time></trkpt>
    <trkpt lat="10.3419109" lon="123.8103870"><ele>539.35</ele><time>2026-09-12T00:01:46Z</time></trkpt>
    <trkpt lat="10.3418884" lon="123.8103870"><ele>541.25</ele><time>2026-09-12T00:01:54Z</time></trkpt>
    <trkpt lat="10.3418781" lon="123.8103298"><ele>536.39</ele><time>2026-09-12T00:02:02Z</time></trkpt>
    <trkpt lat="10.3418652" lon="123.8102780"><ele>541.76</ele><time>2026-09-12T00:02:10Z</time></trkpt>
    <trkpt lat="10.3418360" lon="123.8102639"><ele>534.59</ele><time>2026-09-12T00:02:18Z</time></trkpt>
    <trkpt lat="10.3418141" lon="123.8102349"><ele>540.55</ele><time>2026-09-12T00:02:26Z</time></trkpt>
    <trkpt lat="10.3417836" lon="123.8101989"><ele>538.81</ele><time>2026-09-12T00:02:34Z</time></trkpt>
    <trkpt lat="10.3417823" lon="123.8101679"><ele>540.81</ele><time>2026-09-12T00:02:42Z</time></trkpt>
    <trkpt lat="10.3417822" lon="123.8101262"><ele>547.91</ele><time>2026-09-12T00:02:50Z</time></trkpt>
    <trkpt lat="10.3417694" lon="123.8100843"><ele>548.02</ele><time>2026-09-12T00:02:58Z</time></trkpt>
    <trkpt lat="10.3417433" lon="123.8100626"><ele>548.76</ele><time>2026-09-12T00:03:06Z</time></trkpt>
    <trkpt lat="10.3417504" lon="123.8100169"><ele>556.36</ele><time>2026-09-12T00:03:14Z</time></trkpt>
    <trkpt lat="10.3417484" lon="123.8099640"><ele>555.43</ele><time>2026-09-12T00:03:22Z</time></trkpt>
    <trkpt lat="10.3417348" lon="123.8099341"><ele>557.30</ele><time>2026-09-12T00:03:30Z</time></trkpt>
    <trkpt lat="10.3417290" lon="123.8099131"><ele>549.94</ele><time>2026-09-12T00:03:38Z</time></trkpt>
    <trkpt lat="10.3416963" lon="123.8099039"><ele>547.37</ele><time>2026-09-12T00:03:46Z</time></trkpt>
    <trkpt lat="10.3416932" lon="123.8098634"><ele>548.66</ele><time>2026-09-12T00:03:54Z</time></trkpt>
    <trkpt lat="10.3416933" lon="123.8098100"><ele>550.72</ele><time>2026-09-12T00:04:02Z</time></trkpt>
    <trkpt lat="10.3416598" lon="123.8097775"><ele>549.60</ele><time>2026-09-12T00:04:10Z</time></trkpt>
    <trkpt lat="10.3416118" lon="123.8097996"><ele>556.97</ele><time>2026-09-12T00:04:19Z</time></trkpt>
    <trkpt lat="10.3416069" lon="123.8098487"><ele>559.80</ele><time>2026-09-12T00:04:26Z</time></trkpt>
    <trkpt lat="10.3415948" lon="123.8099058"><ele>553.31</ele><time>2026-09-12T00:04:34Z</time></trkpt>
    <trkpt lat="10.3415684" lon="123.8099624"><ele>547.70</ele><time>2026-09-12T00:04:42Z</time></trkpt>
    <trkpt lat="10.3415300" lon="123.8100180"><ele>555.11</ele><time>2026-09-12T00:04:50Z</time></trkpt>
    <trkpt lat="10.3415437" lon="123.8100767"><ele>567.40</ele><time>2026-09-12T00:04:58Z</time></trkpt>
    <trkpt lat="10.3415512" lon="123.8101387"><ele>567.95</ele><time>2026-09-12T00:05:06Z</time></trkpt>
    <trkpt lat="10.3415166" lon="123.8101863"><ele>560.88</ele><time>2026-09-12T00:05:14Z</time></trkpt>
    <trkpt lat="10.3414575" lon="123.8102049"><ele>557.38</ele><time>2026-09-12T00:05:22Z</time></trkpt>
    <trkpt lat="10.3414492" lon="123.8102564"><ele>561.19</ele><time>2026-09-12T00:05:30Z</time></trkpt>
    <trkpt lat="10.3415066" lon="123.8103481"><ele>562.12</ele><time>2026-09-12T00:05:38Z</time></trkpt>
    <trkpt lat="10.3414681" lon="123.8104184"><ele>563.09</ele><time>2026-09-12T00:05:46Z</time></trkpt>
    <trkpt lat="10.3414546" lon="123.8104807"><ele>563.60</ele><time>2026-09-12T00:05:54Z</time></trkpt>
    <trkpt lat="10.3414747" lon="123.8105599"><ele>564.37</ele><time>2026-09-12T00:06:02Z</time></trkpt>
    <trkpt lat="10.3414447" lon="123.8106020"><ele>564.57</ele><time>2026-09-12T00:06:10Z</time></trkpt>
    <trkpt lat="10.3414499" lon="123.8106168"><ele>557.71</ele><time>2026-09-12T00:06:18Z</time></trkpt>
    <trkpt lat="10.3414475" lon="123.8107138"><ele>560.11</ele><time>2026-09-12T00:06:26Z</time></trkpt>
    <trkpt lat="10.3414401" lon="123.8107883"><ele>562.70</ele><time>2026-09-12T00:06:32Z</time></trkpt>
    <trkpt lat="10.3414310" lon="123.8108434"><ele>561.91</ele><time>2026-09-12T00:06:43Z</time></trkpt>
    <trkpt lat="10.3414282" lon="123.8108588"><ele>562.20</ele><time>2026-09-12T00:06:49Z</time></trkpt>
    <trkpt lat="10.3413958" lon="123.8109197"><ele>563.55</ele><time>2026-09-12T00:06:59Z</time></trkpt>
    <trkpt lat="10.3413764" lon="123.8109453"><ele>565.60</ele><time>2026-09-12T00:07:05Z</time></trkpt>
    <trkpt lat="10.3413842" lon="123.8110066"><ele>581.62</ele><time>2026-09-12T00:07:15Z</time></trkpt>
    <trkpt lat="10.3413690" lon="123.8110195"><ele>583.10</ele><time>2026-09-12T00:07:21Z</time></trkpt>
    <trkpt lat="10.3413347" lon="123.8110642"><ele>572.17</ele><time>2026-09-12T00:07:31Z</time></trkpt>
    <trkpt lat="10.3413365" lon="123.8110679"><ele>570.30</ele><time>2026-09-12T00:07:38Z</time></trkpt>
    <trkpt lat="10.3413438" lon="123.8110771"><ele>571.05</ele><time>2026-09-12T00:07:46Z</time></trkpt>
    <trkpt lat="10.3413428" lon="123.8110733"><ele>571.16</ele><time>2026-09-12T00:07:54Z</time></trkpt>
    <trkpt lat="10.3413536" lon="123.8110771"><ele>572.35</ele><time>2026-09-12T00:08:02Z</time></trkpt>
    <trkpt lat="10.3413534" lon="123.8110844"><ele>572.46</ele><time>2026-09-12T00:08:10Z</time></trkpt>
    <trkpt lat="10.3413512" lon="123.8110860"><ele>574.68</ele><time>2026-09-12T00:08:18Z</time></trkpt>
    <trkpt lat="10.3413401" lon="123.8110710"><ele>575.69</ele><time>2026-09-12T00:08:26Z</time></trkpt>
    <trkpt lat="10.3413358" lon="123.8110642"><ele>575.56</ele><time>2026-09-12T00:08:34Z</time></trkpt>
    <trkpt lat="10.3413329" lon="123.8110651"><ele>575.43</ele><time>2026-09-12T00:08:42Z</time></trkpt>
    <trkpt lat="10.3413277" lon="123.8110661"><ele>576.81</ele><time>2026-09-12T00:08:50Z</time></trkpt>
    <trkpt lat="10.3413128" lon="123.8111156"><ele>577.65</ele><time>2026-09-12T00:08:58Z</time></trkpt>
    <trkpt lat="10.3413059" lon="123.8112411"><ele>573.28</ele><time>2026-09-12T00:09:07Z</time></trkpt>
    <trkpt lat="10.3413029" lon="123.8111730"><ele>581.07</ele><time>2026-09-12T00:09:15Z</time></trkpt>
    <trkpt lat="10.3412724" lon="123.8111639"><ele>578.93</ele><time>2026-09-12T00:09:22Z</time></trkpt>
    <trkpt lat="10.3412681" lon="123.8111972"><ele>572.04</ele><time>2026-09-12T00:09:30Z</time></trkpt>
    <trkpt lat="10.3412883" lon="123.8112417"><ele>569.11</ele><time>2026-09-12T00:09:38Z</time></trkpt>
    <trkpt lat="10.3412693" lon="123.8112854"><ele>584.08</ele><time>2026-09-12T00:09:46Z</time></trkpt>
    <trkpt lat="10.3412730" lon="123.8113319"><ele>589.99</ele><time>2026-09-12T00:09:54Z</time></trkpt>
    <trkpt lat="10.3412599" lon="123.8113691"><ele>584.28</ele><time>2026-09-12T00:10:02Z</time></trkpt>
    <trkpt lat="10.3412527" lon="123.8114238"><ele>590.39</ele><time>2026-09-12T00:10:10Z</time></trkpt>
    <trkpt lat="10.3412555" lon="123.8114127"><ele>582.80</ele><time>2026-09-12T00:10:18Z</time></trkpt>
    <trkpt lat="10.3412544" lon="123.8113862"><ele>585.33</ele><time>2026-09-12T00:10:26Z</time></trkpt>
    <trkpt lat="10.3412637" lon="123.8113805"><ele>586.91</ele><time>2026-09-12T00:10:34Z</time></trkpt>
    <trkpt lat="10.3412642" lon="123.8113751"><ele>583.25</ele><time>2026-09-12T00:10:42Z</time></trkpt>
    <trkpt lat="10.3412729" lon="123.8114196"><ele>581.09</ele><time>2026-09-12T00:10:50Z</time></trkpt>
    <trkpt lat="10.3412829" lon="123.8114614"><ele>580.62</ele><time>2026-09-12T00:10:59Z</time></trkpt>
    <trkpt lat="10.3413018" lon="123.8114748"><ele>587.64</ele><time>2026-09-12T00:11:06Z</time></trkpt>
    <trkpt lat="10.3413500" lon="123.8115493"><ele>584.00</ele><time>2026-09-12T00:11:15Z</time></trkpt>
    <trkpt lat="10.3413341" lon="123.8115740"><ele>583.90</ele><time>2026-09-12T00:11:22Z</time></trkpt>
    <trkpt lat="10.3413002" lon="123.8116092"><ele>589.91</ele><time>2026-09-12T00:11:30Z</time></trkpt>
    <trkpt lat="10.3412943" lon="123.8116431"><ele>595.94</ele><time>2026-09-12T00:11:38Z</time></trkpt>
    <trkpt lat="10.3412901" lon="123.8116319"><ele>595.31</ele><time>2026-09-12T00:11:46Z</time></trkpt>
    <trkpt lat="10.3412958" lon="123.8116417"><ele>591.54</ele><time>2026-09-12T00:11:54Z</time></trkpt>
    <trkpt lat="10.3413069" lon="123.8116717"><ele>590.00</ele><time>2026-09-12T00:12:02Z</time></trkpt>
    <trkpt lat="10.3412798" lon="123.8117135"><ele>590.37</ele><time>2026-09-12T00:12:10Z</time></trkpt>
    <trkpt lat="10.3412513" lon="123.8117359"><ele>591.77</ele><time>2026-09-12T00:12:18Z</time></trkpt>
    <trkpt lat="10.3413342" lon="123.8117673"><ele>603.67</ele><time>2026-09-12T00:12:26Z</time></trkpt>
    <trkpt lat="10.3413332" lon="123.8118187"><ele>600.50</ele><time>2026-09-12T00:12:34Z</time></trkpt>
    <trkpt lat="10.3413188" lon="123.8118313"><ele>607.18</ele><time>2026-09-12T00:12:42Z</time></trkpt>
    <trkpt lat="10.3413138" lon="123.8118033"><ele>601.19</ele><time>2026-09-12T00:12:50Z</time></trkpt>
    <trkpt lat="10.3413235" lon="123.8118210"><ele>597.27</ele><time>2026-09-12T00:12:58Z</time></trkpt>
    <trkpt lat="10.3413490" lon="123.8118198"><ele>592.33</ele><time>2026-09-12T00:13:07Z</time></trkpt>
    <trkpt lat="10.3413490" lon="123.8118123"><ele>592.28</ele><time>2026-09-12T00:13:12Z</time></trkpt>
    <trkpt lat="10.3413485" lon="123.8118164"><ele>594.45</ele><time>2026-09-12T00:13:22Z</time></trkpt>
    <trkpt lat="10.3413335" lon="123.8118712"><ele>592.65</ele><time>2026-09-12T00:13:31Z</time></trkpt>
    <trkpt lat="10.3413294" lon="123.8118969"><ele>597.79</ele><time>2026-09-12T00:13:38Z</time></trkpt>
    <trkpt lat="10.3413138" lon="123.8119200"><ele>601.39</ele><time>2026-09-12T00:13:46Z</time></trkpt>
    <trkpt lat="10.3413267" lon="123.8119389"><ele>603.44</ele><time>2026-09-12T00:13:54Z</time></trkpt>
    <trkpt lat="10.3413713" lon="123.8119765"><ele>591.68</ele><time>2026-09-12T00:14:02Z</time></trkpt>
    <trkpt lat="10.3413773" lon="123.8120535"><ele>602.01</ele><time>2026-09-12T00:14:10Z</time></trkpt>
    <trkpt lat="10.3413601" lon="123.8120406"><ele>604.08</ele><time>2026-09-12T00:14:18Z</time></trkpt>
    <trkpt lat="10.3413462" lon="123.8120237"><ele>611.94</ele><time>2026-09-12T00:14:26Z</time></trkpt>
    <trkpt lat="10.3413250" lon="123.8120672"><ele>615.44</ele><time>2026-09-12T00:14:34Z</time></trkpt>
    <trkpt lat="10.3413213" lon="123.8120552"><ele>613.86</ele><time>2026-09-12T00:14:43Z</time></trkpt>
    <trkpt lat="10.3413390" lon="123.8120644"><ele>609.84</ele><time>2026-09-12T00:14:50Z</time></trkpt>
    <trkpt lat="10.3413587" lon="123.8120998"><ele>619.82</ele><time>2026-09-12T00:14:58Z</time></trkpt>
    <trkpt lat="10.3413585" lon="123.8121179"><ele>617.27</ele><time>2026-09-12T00:15:06Z</time></trkpt>
    <trkpt lat="10.3413574" lon="123.8121132"><ele>616.15</ele><time>2026-09-12T00:15:14Z</time></trkpt>
    <trkpt lat="10.3413637" lon="123.8121074"><ele>613.42</ele><time>2026-09-12T00:15:22Z</time></trkpt>
    <trkpt lat="10.3413669" lon="123.8121129"><ele>613.39</ele><time>2026-09-12T00:15:30Z</time></trkpt>
    <trkpt lat="10.3413543" lon="123.8121174"><ele>612.32</ele><time>2026-09-12T00:15:38Z</time></trkpt>
    <trkpt lat="10.3413494" lon="123.8121187"><ele>612.70</ele><time>2026-09-12T00:15:46Z</time></trkpt>
    <trkpt lat="10.3413566" lon="123.8121154"><ele>614.52</ele><time>2026-09-12T00:15:54Z</time></trkpt>
    <trkpt lat="10.3413579" lon="123.8121188"><ele>614.36</ele><time>2026-09-12T00:16:02Z</time></trkpt>
    <trkpt lat="10.3413502" lon="123.8121202"><ele>614.09</ele><time>2026-09-12T00:16:10Z</time></trkpt>
    <trkpt lat="10.3413262" lon="123.8121246"><ele>616.20</ele><time>2026-09-12T00:16:18Z</time></trkpt>
    <trkpt lat="10.3413417" lon="123.8121781"><ele>618.64</ele><time>2026-09-12T00:16:26Z</time></trkpt>
    <trkpt lat="10.3413684" lon="123.8122105"><ele>616.16</ele><time>2026-09-12T00:16:34Z</time></trkpt>
    <trkpt lat="10.3414189" lon="123.8122270"><ele>613.23</ele><time>2026-09-12T00:16:42Z</time></trkpt>
    <trkpt lat="10.3414178" lon="123.8122074"><ele>618.83</ele><time>2026-09-12T00:16:51Z</time></trkpt>
    <trkpt lat="10.3414486" lon="123.8122250"><ele>622.44</ele><time>2026-09-12T00:16:58Z</time></trkpt>
    <trkpt lat="10.3414622" lon="123.8122696"><ele>613.60</ele><time>2026-09-12T00:17:06Z</time></trkpt>
    <trkpt lat="10.3414375" lon="123.8123156"><ele>608.83</ele><time>2026-09-12T00:17:15Z</time></trkpt>
    <trkpt lat="10.3414503" lon="123.8123411"><ele>615.11</ele><time>2026-09-12T00:17:22Z</time></trkpt>
    <trkpt lat="10.3414788" lon="123.8124319"><ele>617.00</ele><time>2026-09-12T00:17:31Z</time></trkpt>
    <trkpt lat="10.3414901" lon="123.8124553"><ele>617.09</ele><time>2026-09-12T00:17:38Z</time></trkpt>
    <trkpt lat="10.3415069" lon="123.8124965"><ele>616.55</ele><time>2026-09-12T00:17:47Z</time></trkpt>
    <trkpt lat="10.3415191" lon="123.8125335"><ele>621.86</ele><time>2026-09-12T00:17:55Z</time></trkpt>
    <trkpt lat="10.3415993" lon="123.8125056"><ele>627.65</ele><time>2026-09-12T00:18:03Z</time></trkpt>
    <trkpt lat="10.3415875" lon="123.8125380"><ele>620.55</ele><time>2026-09-12T00:18:11Z</time></trkpt>
    <trkpt lat="10.3415966" lon="123.8125728"><ele>631.59</ele><time>2026-09-12T00:18:19Z</time></trkpt>
    <trkpt lat="10.3416374" lon="123.8126046"><ele>631.44</ele><time>2026-09-12T00:18:26Z</time></trkpt>
    <trkpt lat="10.3416309" lon="123.8126520"><ele>622.26</ele><time>2026-09-12T00:18:34Z</time></trkpt>
    <trkpt lat="10.3416608" lon="123.8126832"><ele>629.33</ele><time>2026-09-12T00:18:43Z</time></trkpt>
    <trkpt lat="10.3417760" lon="123.8126553"><ele>632.12</ele><time>2026-09-12T00:18:50Z</time></trkpt>
    <trkpt lat="10.3417896" lon="123.8126600"><ele>636.34</ele><time>2026-09-12T00:18:58Z</time></trkpt>
    <trkpt lat="10.3417655" lon="123.8126972"><ele>639.41</ele><time>2026-09-12T00:19:06Z</time></trkpt>
    <trkpt lat="10.3417727" lon="123.8126905"><ele>643.12</ele><time>2026-09-12T00:19:14Z</time></trkpt>
    <trkpt lat="10.3417782" lon="123.8126842"><ele>640.84</ele><time>2026-09-12T00:19:22Z</time></trkpt>
    <trkpt lat="10.3418017" lon="123.8127217"><ele>647.15</ele><time>2026-09-12T00:19:30Z</time></trkpt>
    <trkpt lat="10.3417700" lon="123.8127678"><ele>640.48</ele><time>2026-09-12T00:19:38Z</time></trkpt>
    <trkpt lat="10.3418255" lon="123.8127353"><ele>641.52</ele><time>2026-09-12T00:19:47Z</time></trkpt>
    <trkpt lat="10.3418336" lon="123.8127280"><ele>642.05</ele><time>2026-09-12T00:19:54Z</time></trkpt>
    <trkpt lat="10.3418377" lon="123.8127318"><ele>643.41</ele><time>2026-09-12T00:20:02Z</time></trkpt>
    <trkpt lat="10.3418446" lon="123.8127396"><ele>643.67</ele><time>2026-09-12T00:20:10Z</time></trkpt>
    <trkpt lat="10.3418450" lon="123.8127408"><ele>645.59</ele><time>2026-09-12T00:20:18Z</time></trkpt>
    <trkpt lat="10.3418482" lon="123.8127458"><ele>645.77</ele><time>2026-09-12T00:20:26Z</time></trkpt>
    <trkpt lat="10.3419167" lon="123.8128013"><ele>642.41</ele><time>2026-09-12T00:20:34Z</time></trkpt>
    <trkpt lat="10.3419683" lon="123.8127843"><ele>641.24</ele><time>2026-09-12T00:20:43Z</time></trkpt>
    <trkpt lat="10.3419790" lon="123.8128018"><ele>641.41</ele><time>2026-09-12T00:20:50Z</time></trkpt>
    <trkpt lat="10.3419933" lon="123.8128168"><ele>638.89</ele><time>2026-09-12T00:20:59Z</time></trkpt>
    <trkpt lat="10.3420058" lon="123.8128300"><ele>635.98</ele><time>2026-09-12T00:21:06Z</time></trkpt>
    <trkpt lat="10.3420198" lon="123.8128286"><ele>635.10</ele><time>2026-09-12T00:21:14Z</time></trkpt>
    <trkpt lat="10.3421786" lon="123.8128128"><ele>639.40</ele><time>2026-09-12T00:21:22Z</time></trkpt>
    <trkpt lat="10.3422457" lon="123.8127886"><ele>641.39</ele><time>2026-09-12T00:21:30Z</time></trkpt>
    <trkpt lat="10.3423183" lon="123.8127497"><ele>641.49</ele><time>2026-09-12T00:21:38Z</time></trkpt>
    <trkpt lat="10.3423973" lon="123.8127449"><ele>645.43</ele><time>2026-09-12T00:21:46Z</time></trkpt>
    <trkpt lat="10.3424783" lon="123.8127657"><ele>644.03</ele><time>2026-09-12T00:21:54Z</time></trkpt>
    <trkpt lat="10.3425430" lon="123.8128115"><ele>644.06</ele><time>2026-09-12T00:22:02Z</time></trkpt>
    <trkpt lat="10.3425662" lon="123.8128601"><ele>642.54</ele><time>2026-09-12T00:22:10Z</time></trkpt>
    <trkpt lat="10.3425397" lon="123.8128960"><ele>644.91</ele><time>2026-09-12T00:22:18Z</time></trkpt>
    <trkpt lat="10.3425080" lon="123.8129208"><ele>640.66</ele><time>2026-09-12T00:22:26Z</time></trkpt>
    <trkpt lat="10.3424815" lon="123.8129727"><ele>645.28</ele><time>2026-09-12T00:22:34Z</time></trkpt>
    <trkpt lat="10.3424812" lon="123.8129679"><ele>644.54</ele><time>2026-09-12T00:22:42Z</time></trkpt>
    <trkpt lat="10.3424879" lon="123.8129521"><ele>642.85</ele><time>2026-09-12T00:22:50Z</time></trkpt>
    <trkpt lat="10.3425008" lon="123.8129382"><ele>642.43</ele><time>2026-09-12T00:22:58Z</time></trkpt>
    <trkpt lat="10.3424987" lon="123.8129628"><ele>641.24</ele><time>2026-09-12T00:23:06Z</time></trkpt>
    <trkpt lat="10.3424735" lon="123.8129465"><ele>636.98</ele><time>2026-09-12T00:23:14Z</time></trkpt>
    <trkpt lat="10.3425715" lon="123.8130074"><ele>647.64</ele><time>2026-09-12T00:23:22Z</time></trkpt>
    <trkpt lat="10.3426447" lon="123.8130545"><ele>648.28</ele><time>2026-09-12T00:23:30Z</time></trkpt>
    <trkpt lat="10.3426356" lon="123.8130579"><ele>649.85</ele><time>2026-09-12T00:23:38Z</time></trkpt>
    <trkpt lat="10.3425704" lon="123.8130848"><ele>646.96</ele><time>2026-09-12T00:23:46Z</time></trkpt>
    <trkpt lat="10.3425253" lon="123.8131387"><ele>648.81</ele><time>2026-09-12T00:23:54Z</time></trkpt>
    <trkpt lat="10.3424814" lon="123.8131648"><ele>652.79</ele><time>2026-09-12T00:24:02Z</time></trkpt>
    <trkpt lat="10.3424653" lon="123.8132091"><ele>655.37</ele><time>2026-09-12T00:24:10Z</time></trkpt>
    <trkpt lat="10.3424504" lon="123.8132582"><ele>654.13</ele><time>2026-09-12T00:24:18Z</time></trkpt>
    <trkpt lat="10.3424340" lon="123.8133261"><ele>655.35</ele><time>2026-09-12T00:24:26Z</time></trkpt>
    <trkpt lat="10.3424179" lon="123.8133867"><ele>657.61</ele><time>2026-09-12T00:24:34Z</time></trkpt>
    <trkpt lat="10.3423870" lon="123.8134039"><ele>657.85</ele><time>2026-09-12T00:24:42Z</time></trkpt>
    <trkpt lat="10.3423823" lon="123.8134006"><ele>657.50</ele><time>2026-09-12T00:24:50Z</time></trkpt>
    <trkpt lat="10.3423930" lon="123.8134240"><ele>657.73</ele><time>2026-09-12T00:24:58Z</time></trkpt>
    <trkpt lat="10.3424040" lon="123.8134388"><ele>659.57</ele><time>2026-09-12T00:25:06Z</time></trkpt>
    <trkpt lat="10.3424288" lon="123.8135004"><ele>659.58</ele><time>2026-09-12T00:25:14Z</time></trkpt>
    <trkpt lat="10.3424705" lon="123.8135765"><ele>660.10</ele><time>2026-09-12T00:25:22Z</time></trkpt>
    <trkpt lat="10.3424721" lon="123.8136040"><ele>659.90</ele><time>2026-09-12T00:25:30Z</time></trkpt>
    <trkpt lat="10.3424591" lon="123.8136016"><ele>659.96</ele><time>2026-09-12T00:25:38Z</time></trkpt>
    <trkpt lat="10.3424348" lon="123.8135925"><ele>660.07</ele><time>2026-09-12T00:25:45Z</time></trkpt>
    <trkpt lat="10.3423845" lon="123.8134741"><ele>653.59</ele><time>2026-09-12T00:25:55Z</time></trkpt>
    <trkpt lat="10.3423493" lon="123.8134196"><ele>654.26</ele><time>2026-09-12T00:26:01Z</time></trkpt>
    <trkpt lat="10.3423183" lon="123.8132991"><ele>655.22</ele><time>2026-09-12T00:26:10Z</time></trkpt>
    <trkpt lat="10.3423942" lon="123.8132716"><ele>656.55</ele><time>2026-09-12T00:26:18Z</time></trkpt>
    <trkpt lat="10.3424444" lon="123.8132120"><ele>664.07</ele><time>2026-09-12T00:26:25Z</time></trkpt>
    <trkpt lat="10.3424378" lon="123.8131941"><ele>653.48</ele><time>2026-09-12T00:26:35Z</time></trkpt>
    <trkpt lat="10.3424356" lon="123.8132784"><ele>654.22</ele><time>2026-09-12T00:26:42Z</time></trkpt>
    <trkpt lat="10.3424389" lon="123.8132915"><ele>653.26</ele><time>2026-09-12T00:26:50Z</time></trkpt>
    <trkpt lat="10.3424550" lon="123.8132966"><ele>655.66</ele><time>2026-09-12T00:26:58Z</time></trkpt>
    <trkpt lat="10.3424629" lon="123.8132971"><ele>655.72</ele><time>2026-09-12T00:27:06Z</time></trkpt>
    <trkpt lat="10.3424625" lon="123.8132977"><ele>656.42</ele><time>2026-09-12T00:27:14Z</time></trkpt>
    <trkpt lat="10.3424630" lon="123.8132987"><ele>656.47</ele><time>2026-09-12T00:27:22Z</time></trkpt>
    <trkpt lat="10.3424592" lon="123.8132937"><ele>655.88</ele><time>2026-09-12T00:27:30Z</time></trkpt>
    <trkpt lat="10.3424531" lon="123.8132873"><ele>655.21</ele><time>2026-09-12T00:27:38Z</time></trkpt>
    <trkpt lat="10.3424639" lon="123.8132730"><ele>655.08</ele><time>2026-09-12T00:27:46Z</time></trkpt>
    <trkpt lat="10.3424674" lon="123.8131760"><ele>654.29</ele><time>2026-09-12T00:27:53Z</time></trkpt>
    <trkpt lat="10.3424814" lon="123.8130730"><ele>651.39</ele><time>2026-09-12T00:28:03Z</time></trkpt>
    <trkpt lat="10.3425386" lon="123.8130834"><ele>647.48</ele><time>2026-09-12T00:28:10Z</time></trkpt>
    <trkpt lat="10.3425770" lon="123.8130667"><ele>653.17</ele><time>2026-09-12T00:28:18Z</time></trkpt>
    <trkpt lat="10.3426278" lon="123.8130151"><ele>655.93</ele><time>2026-09-12T00:28:25Z</time></trkpt>
    <trkpt lat="10.3426943" lon="123.8129386"><ele>659.44</ele><time>2026-09-12T00:28:34Z</time></trkpt>
    <trkpt lat="10.3427680" lon="123.8129832"><ele>646.50</ele><time>2026-09-12T00:28:42Z</time></trkpt>
    <trkpt lat="10.3428325" lon="123.8130424"><ele>647.02</ele><time>2026-09-12T00:28:49Z</time></trkpt>
    <trkpt lat="10.3429327" lon="123.8131530"><ele>650.43</ele><time>2026-09-12T00:28:59Z</time></trkpt>
    <trkpt lat="10.3429851" lon="123.8131964"><ele>652.19</ele><time>2026-09-12T00:29:05Z</time></trkpt>
    <trkpt lat="10.3430181" lon="123.8132446"><ele>652.58</ele><time>2026-09-12T00:29:15Z</time></trkpt>
    <trkpt lat="10.3430471" lon="123.8132725"><ele>652.21</ele><time>2026-09-12T00:29:21Z</time></trkpt>
    <trkpt lat="10.3431181" lon="123.8133196"><ele>651.65</ele><time>2026-09-12T00:29:30Z</time></trkpt>
    <trkpt lat="10.3431705" lon="123.8133677"><ele>659.62</ele><time>2026-09-12T00:29:38Z</time></trkpt>
    <trkpt lat="10.3432318" lon="123.8134025"><ele>660.26</ele><time>2026-09-12T00:29:45Z</time></trkpt>
    <trkpt lat="10.3433245" lon="123.8134455"><ele>660.98</ele><time>2026-09-12T00:29:53Z</time></trkpt>
    <trkpt lat="10.3434080" lon="123.8135140"><ele>661.71</ele><time>2026-09-12T00:30:01Z</time></trkpt>
    <trkpt lat="10.3434913" lon="123.8135901"><ele>662.52</ele><time>2026-09-12T00:30:10Z</time></trkpt>
    <trkpt lat="10.3432787" lon="123.8134728"><ele>639.35</ele><time>2026-09-12T00:30:18Z</time></trkpt>
    <trkpt lat="10.3433426" lon="123.8135502"><ele>638.09</ele><time>2026-09-12T00:30:25Z</time></trkpt>
    <trkpt lat="10.3433915" lon="123.8136268"><ele>636.53</ele><time>2026-09-12T00:30:34Z</time></trkpt>
    <trkpt lat="10.3433941" lon="123.8137009"><ele>646.49</ele><time>2026-09-12T00:30:42Z</time></trkpt>
    <trkpt lat="10.3433936" lon="123.8137694"><ele>647.42</ele><time>2026-09-12T00:30:49Z</time></trkpt>
    <trkpt lat="10.3434100" lon="123.8138934"><ele>620.17</ele><time>2026-09-12T00:30:59Z</time></trkpt>
    <trkpt lat="10.3434269" lon="123.8138607"><ele>628.69</ele><time>2026-09-12T00:31:06Z</time></trkpt>
    <trkpt lat="10.3434767" lon="123.8139691"><ele>642.21</ele><time>2026-09-12T00:31:14Z</time></trkpt>
    <trkpt lat="10.3435062" lon="123.8140311"><ele>645.02</ele><time>2026-09-12T00:31:22Z</time></trkpt>
    <trkpt lat="10.3434680" lon="123.8141250"><ele>647.64</ele><time>2026-09-12T00:31:29Z</time></trkpt>
    <trkpt lat="10.3434471" lon="123.8140420"><ele>650.62</ele><time>2026-09-12T00:31:39Z</time></trkpt>
    <trkpt lat="10.3434676" lon="123.8140562"><ele>643.30</ele><time>2026-09-12T00:31:46Z</time></trkpt>
    <trkpt lat="10.3435258" lon="123.8140921"><ele>639.05</ele><time>2026-09-12T00:31:54Z</time></trkpt>
    <trkpt lat="10.3435073" lon="123.8141061"><ele>639.10</ele><time>2026-09-12T00:32:02Z</time></trkpt>
    <trkpt lat="10.3435073" lon="123.8141142"><ele>632.76</ele><time>2026-09-12T00:32:10Z</time></trkpt>
    <trkpt lat="10.3435205" lon="123.8141051"><ele>631.75</ele><time>2026-09-12T00:32:18Z</time></trkpt>
    <trkpt lat="10.3435843" lon="123.8141413"><ele>628.89</ele><time>2026-09-12T00:32:25Z</time></trkpt>
    <trkpt lat="10.3436404" lon="123.8141694"><ele>640.25</ele><time>2026-09-12T00:32:35Z</time></trkpt>
    <trkpt lat="10.3436694" lon="123.8141836"><ele>643.19</ele><time>2026-09-12T00:32:41Z</time></trkpt>
    <trkpt lat="10.3436678" lon="123.8142284"><ele>630.77</ele><time>2026-09-12T00:32:51Z</time></trkpt>
    <trkpt lat="10.3436779" lon="123.8142538"><ele>631.52</ele><time>2026-09-12T00:32:57Z</time></trkpt>
    <trkpt lat="10.3437363" lon="123.8142931"><ele>632.52</ele><time>2026-09-12T00:33:05Z</time></trkpt>
    <trkpt lat="10.3438134" lon="123.8143473"><ele>633.64</ele><time>2026-09-12T00:33:14Z</time></trkpt>
    <trkpt lat="10.3438061" lon="123.8144459"><ele>632.15</ele><time>2026-09-12T00:33:22Z</time></trkpt>
    <trkpt lat="10.3437938" lon="123.8145235"><ele>636.94</ele><time>2026-09-12T00:33:30Z</time></trkpt>
    <trkpt lat="10.3438220" lon="123.8145792"><ele>636.26</ele><time>2026-09-12T00:33:37Z</time></trkpt>
    <trkpt lat="10.3438809" lon="123.8146353"><ele>635.49</ele><time>2026-09-12T00:33:45Z</time></trkpt>
    <trkpt lat="10.3439692" lon="123.8146948"><ele>634.63</ele><time>2026-09-12T00:33:54Z</time></trkpt>
    <trkpt lat="10.3439399" lon="123.8147559"><ele>628.75</ele><time>2026-09-12T00:34:02Z</time></trkpt>
    <trkpt lat="10.3439177" lon="123.8148222"><ele>630.44</ele><time>2026-09-12T00:34:09Z</time></trkpt>
    <trkpt lat="10.3438642" lon="123.8148752"><ele>630.21</ele><time>2026-09-12T00:34:19Z</time></trkpt>
    <trkpt lat="10.3438246" lon="123.8149159"><ele>631.21</ele><time>2026-09-12T00:34:25Z</time></trkpt>
    <trkpt lat="10.3438131" lon="123.8149856"><ele>629.31</ele><time>2026-09-12T00:34:35Z</time></trkpt>
    <trkpt lat="10.3438615" lon="123.8150004"><ele>628.13</ele><time>2026-09-12T00:34:41Z</time></trkpt>
    <trkpt lat="10.3439326" lon="123.8150709"><ele>623.35</ele><time>2026-09-12T00:34:51Z</time></trkpt>
    <trkpt lat="10.3439182" lon="123.8151461"><ele>627.11</ele><time>2026-09-12T00:34:58Z</time></trkpt>
    <trkpt lat="10.3439062" lon="123.8152115"><ele>626.72</ele><time>2026-09-12T00:35:06Z</time></trkpt>
    <trkpt lat="10.3439016" lon="123.8152560"><ele>632.36</ele><time>2026-09-12T00:35:14Z</time></trkpt>
    <trkpt lat="10.3438909" lon="123.8153415"><ele>634.33</ele><time>2026-09-12T00:35:22Z</time></trkpt>
    <trkpt lat="10.3438972" lon="123.8153861"><ele>630.47</ele><time>2026-09-12T00:35:30Z</time></trkpt>
    <trkpt lat="10.3438766" lon="123.8154342"><ele>620.96</ele><time>2026-09-12T00:35:38Z</time></trkpt>
    <trkpt lat="10.3438561" lon="123.8154946"><ele>632.29</ele><time>2026-09-12T00:35:46Z</time></trkpt>
    <trkpt lat="10.3439234" lon="123.8155710"><ele>626.04</ele><time>2026-09-12T00:35:55Z</time></trkpt>
    <trkpt lat="10.3439462" lon="123.8156013"><ele>616.90</ele><time>2026-09-12T00:36:02Z</time></trkpt>
    <trkpt lat="10.3439584" lon="123.8156483"><ele>617.90</ele><time>2026-09-12T00:36:10Z</time></trkpt>
    <trkpt lat="10.3439890" lon="123.8156852"><ele>618.22</ele><time>2026-09-12T00:36:18Z</time></trkpt>
    <trkpt lat="10.3440117" lon="123.8157350"><ele>632.20</ele><time>2026-09-12T00:36:26Z</time></trkpt>
    <trkpt lat="10.3440369" lon="123.8157753"><ele>632.42</ele><time>2026-09-12T00:36:34Z</time></trkpt>
    <trkpt lat="10.3440132" lon="123.8158531"><ele>630.01</ele><time>2026-09-12T00:36:42Z</time></trkpt>
    <trkpt lat="10.3439907" lon="123.8159187"><ele>628.70</ele><time>2026-09-12T00:36:50Z</time></trkpt>
    <trkpt lat="10.3439483" lon="123.8160515"><ele>625.03</ele><time>2026-09-12T00:36:59Z</time></trkpt>
    <trkpt lat="10.3439557" lon="123.8160541"><ele>625.72</ele><time>2026-09-12T00:37:06Z</time></trkpt>
    <trkpt lat="10.3439787" lon="123.8160634"><ele>634.49</ele><time>2026-09-12T00:37:15Z</time></trkpt>
    <trkpt lat="10.3440570" lon="123.8161130"><ele>639.33</ele><time>2026-09-12T00:37:23Z</time></trkpt>
    <trkpt lat="10.3440546" lon="123.8161698"><ele>638.52</ele><time>2026-09-12T00:37:31Z</time></trkpt>
    <trkpt lat="10.3440664" lon="123.8162375"><ele>634.69</ele><time>2026-09-12T00:37:39Z</time></trkpt>
    <trkpt lat="10.3440971" lon="123.8163035"><ele>631.84</ele><time>2026-09-12T00:37:47Z</time></trkpt>
    <trkpt lat="10.3441012" lon="123.8163467"><ele>629.39</ele><time>2026-09-12T00:37:54Z</time></trkpt>
    <trkpt lat="10.3441140" lon="123.8164379"><ele>626.62</ele><time>2026-09-12T00:38:03Z</time></trkpt>
    <trkpt lat="10.3441630" lon="123.8164755"><ele>629.85</ele><time>2026-09-12T00:38:11Z</time></trkpt>
    <trkpt lat="10.3441979" lon="123.8165138"><ele>627.87</ele><time>2026-09-12T00:38:18Z</time></trkpt>
    <trkpt lat="10.3442439" lon="123.8165547"><ele>624.58</ele><time>2026-09-12T00:38:26Z</time></trkpt>
    <trkpt lat="10.3442481" lon="123.8165315"><ele>634.37</ele><time>2026-09-12T00:38:34Z</time></trkpt>
    <trkpt lat="10.3443064" lon="123.8165494"><ele>626.85</ele><time>2026-09-12T00:38:43Z</time></trkpt>
    <trkpt lat="10.3442834" lon="123.8165618"><ele>623.60</ele><time>2026-09-12T00:38:50Z</time></trkpt>
    <trkpt lat="10.3443457" lon="123.8166319"><ele>632.45</ele><time>2026-09-12T00:38:59Z</time></trkpt>
    <trkpt lat="10.3443786" lon="123.8166641"><ele>631.62</ele><time>2026-09-12T00:39:06Z</time></trkpt>
    <trkpt lat="10.3444212" lon="123.8166917"><ele>627.41</ele><time>2026-09-12T00:39:14Z</time></trkpt>
    <trkpt lat="10.3444325" lon="123.8166985"><ele>630.09</ele><time>2026-09-12T00:39:22Z</time></trkpt>
    <trkpt lat="10.3444282" lon="123.8167143"><ele>628.38</ele><time>2026-09-12T00:39:30Z</time></trkpt>
    <trkpt lat="10.3444913" lon="123.8167422"><ele>624.06</ele><time>2026-09-12T00:39:38Z</time></trkpt>
    <trkpt lat="10.3445313" lon="123.8167944"><ele>631.38</ele><time>2026-09-12T00:39:46Z</time></trkpt>
    <trkpt lat="10.3445658" lon="123.8168243"><ele>626.37</ele><time>2026-09-12T00:39:54Z</time></trkpt>
    <trkpt lat="10.3446494" lon="123.8168319"><ele>631.32</ele><time>2026-09-12T00:40:02Z</time></trkpt>
    <trkpt lat="10.3447045" lon="123.8168909"><ele>627.19</ele><time>2026-09-12T00:40:10Z</time></trkpt>
    <trkpt lat="10.3447580" lon="123.8169331"><ele>624.20</ele><time>2026-09-12T00:40:18Z</time></trkpt>
    <trkpt lat="10.3448280" lon="123.8169678"><ele>628.37</ele><time>2026-09-12T00:40:26Z</time></trkpt>
    <trkpt lat="10.3448249" lon="123.8169916"><ele>624.14</ele><time>2026-09-12T00:40:35Z</time></trkpt>
    <trkpt lat="10.3448198" lon="123.8170381"><ele>627.67</ele><time>2026-09-12T00:40:43Z</time></trkpt>
    <trkpt lat="10.3447949" lon="123.8170619"><ele>627.85</ele><time>2026-09-12T00:40:50Z</time></trkpt>
    <trkpt lat="10.3449486" lon="123.8170778"><ele>628.04</ele><time>2026-09-12T00:40:58Z</time></trkpt>
    <trkpt lat="10.3449141" lon="123.8171200"><ele>615.33</ele><time>2026-09-12T00:41:07Z</time></trkpt>
    <trkpt lat="10.3449097" lon="123.8170998"><ele>619.41</ele><time>2026-09-12T00:41:14Z</time></trkpt>
    <trkpt lat="10.3449654" lon="123.8170641"><ele>625.12</ele><time>2026-09-12T00:41:22Z</time></trkpt>
    <trkpt lat="10.3450843" lon="123.8170640"><ele>627.37</ele><time>2026-09-12T00:41:30Z</time></trkpt>
    <trkpt lat="10.3451417" lon="123.8170771"><ele>626.84</ele><time>2026-09-12T00:41:38Z</time></trkpt>
    <trkpt lat="10.3451753" lon="123.8171067"><ele>625.46</ele><time>2026-09-12T00:41:46Z</time></trkpt>
    <trkpt lat="10.3452176" lon="123.8171917"><ele>623.57</ele><time>2026-09-12T00:41:55Z</time></trkpt>
    <trkpt lat="10.3452298" lon="123.8172235"><ele>626.12</ele><time>2026-09-12T00:42:02Z</time></trkpt>
    <trkpt lat="10.3452254" lon="123.8172371"><ele>618.07</ele><time>2026-09-12T00:42:10Z</time></trkpt>
    <trkpt lat="10.3452754" lon="123.8172678"><ele>618.35</ele><time>2026-09-12T00:42:17Z</time></trkpt>
    <trkpt lat="10.3453574" lon="123.8173138"><ele>618.71</ele><time>2026-09-12T00:42:26Z</time></trkpt>
    <trkpt lat="10.3453804" lon="123.8173551"><ele>626.30</ele><time>2026-09-12T00:42:34Z</time></trkpt>
    <trkpt lat="10.3453085" lon="123.8173268"><ele>624.78</ele><time>2026-09-12T00:42:42Z</time></trkpt>
    <trkpt lat="10.3453639" lon="123.8173494"><ele>620.26</ele><time>2026-09-12T00:42:50Z</time></trkpt>
    <trkpt lat="10.3454294" lon="123.8174160"><ele>617.08</ele><time>2026-09-12T00:42:58Z</time></trkpt>
    <trkpt lat="10.3454972" lon="123.8174571"><ele>621.88</ele><time>2026-09-12T00:43:06Z</time></trkpt>
    <trkpt lat="10.3455556" lon="123.8175132"><ele>619.48</ele><time>2026-09-12T00:43:14Z</time></trkpt>
    <trkpt lat="10.3456062" lon="123.8175662"><ele>617.60</ele><time>2026-09-12T00:43:22Z</time></trkpt>
    <trkpt lat="10.3456517" lon="123.8176123"><ele>622.08</ele><time>2026-09-12T00:43:30Z</time></trkpt>
    <trkpt lat="10.3456975" lon="123.8176457"><ele>621.77</ele><time>2026-09-12T00:43:37Z</time></trkpt>
    <trkpt lat="10.3457533" lon="123.8177394"><ele>630.24</ele><time>2026-09-12T00:43:47Z</time></trkpt>
    <trkpt lat="10.3457866" lon="123.8177779"><ele>630.72</ele><time>2026-09-12T00:43:53Z</time></trkpt>
    <trkpt lat="10.3458208" lon="123.8178619"><ele>622.03</ele><time>2026-09-12T00:44:03Z</time></trkpt>
    <trkpt lat="10.3458501" lon="123.8179095"><ele>624.19</ele><time>2026-09-12T00:44:09Z</time></trkpt>
    <trkpt lat="10.3458661" lon="123.8179558"><ele>618.23</ele><time>2026-09-12T00:44:19Z</time></trkpt>
    <trkpt lat="10.3458669" lon="123.8179918"><ele>620.57</ele><time>2026-09-12T00:44:25Z</time></trkpt>
    <trkpt lat="10.3458529" lon="123.8180173"><ele>616.92</ele><time>2026-09-12T00:44:35Z</time></trkpt>
    <trkpt lat="10.3458270" lon="123.8180328"><ele>617.93</ele><time>2026-09-12T00:44:42Z</time></trkpt>
    <trkpt lat="10.3458175" lon="123.8180272"><ele>618.81</ele><time>2026-09-12T00:44:50Z</time></trkpt>
    <trkpt lat="10.3458150" lon="123.8180276"><ele>617.81</ele><time>2026-09-12T00:44:59Z</time></trkpt>
    <trkpt lat="10.3458117" lon="123.8180236"><ele>617.65</ele><time>2026-09-12T00:45:06Z</time></trkpt>
    <trkpt lat="10.3458103" lon="123.8180246"><ele>617.77</ele><time>2026-09-12T00:45:14Z</time></trkpt>
    <trkpt lat="10.3458103" lon="123.8180340"><ele>617.98</ele><time>2026-09-12T00:45:23Z</time></trkpt>
    <trkpt lat="10.3458088" lon="123.8180360"><ele>618.37</ele><time>2026-09-12T00:45:31Z</time></trkpt>
    <trkpt lat="10.3458070" lon="123.8180327"><ele>618.38</ele><time>2026-09-12T00:45:39Z</time></trkpt>
    <trkpt lat="10.3458041" lon="123.8180363"><ele>617.58</ele><time>2026-09-12T00:45:47Z</time></trkpt>
    <trkpt lat="10.3458038" lon="123.8180350"><ele>618.01</ele><time>2026-09-12T00:45:55Z</time></trkpt>
    <trkpt lat="10.3458058" lon="123.8180326"><ele>618.59</ele><time>2026-09-12T00:46:03Z</time></trkpt>
    <trkpt lat="10.3458048" lon="123.8180299"><ele>618.70</ele><time>2026-09-12T00:46:10Z</time></trkpt>
    <trkpt lat="10.3458080" lon="123.8180235"><ele>619.16</ele><time>2026-09-12T00:46:19Z</time></trkpt>
    <trkpt lat="10.3458082" lon="123.8180243"><ele>618.83</ele><time>2026-09-12T00:46:26Z</time></trkpt>
    <trkpt lat="10.3458069" lon="123.8180249"><ele>619.30</ele><time>2026-09-12T00:46:34Z</time></trkpt>
    <trkpt lat="10.3457967" lon="123.8180184"><ele>618.68</ele><time>2026-09-12T00:46:42Z</time></trkpt>
    <trkpt lat="10.3458029" lon="123.8180152"><ele>619.79</ele><time>2026-09-12T00:46:51Z</time></trkpt>
    <trkpt lat="10.3458181" lon="123.8180398"><ele>620.06</ele><time>2026-09-12T00:46:59Z</time></trkpt>
    <trkpt lat="10.3458215" lon="123.8180562"><ele>620.45</ele><time>2026-09-12T00:47:07Z</time></trkpt>
    <trkpt lat="10.3458157" lon="123.8180313"><ele>624.33</ele><time>2026-09-12T00:47:15Z</time></trkpt>
    <trkpt lat="10.3458122" lon="123.8180328"><ele>622.22</ele><time>2026-09-12T00:47:23Z</time></trkpt>
    <trkpt lat="10.3458077" lon="123.8180290"><ele>620.82</ele><time>2026-09-12T00:47:31Z</time></trkpt>
    <trkpt lat="10.3458068" lon="123.8180342"><ele>618.99</ele><time>2026-09-12T00:47:36.422Z</time></trkpt>
    <trkpt lat="10.3458043" lon="123.8180302"><ele>616.58</ele><time>2026-09-12T00:47:41Z</time></trkpt>
    <trkpt lat="10.3458002" lon="123.8180319"><ele>618.77</ele><time>2026-09-12T00:47:46Z</time></trkpt>
    <trkpt lat="10.3457962" lon="123.8180272"><ele>619.44</ele><time>2026-09-12T00:47:51Z</time></trkpt>
    <trkpt lat="10.3457919" lon="123.8180330"><ele>619.00</ele><time>2026-09-12T00:47:56Z</time></trkpt>
    <trkpt lat="10.3457913" lon="123.8180235"><ele>618.27</ele><time>2026-09-12T00:48:01Z</time></trkpt>
    <trkpt lat="10.3457875" lon="123.8180595"><ele>616.64</ele><time>2026-09-12T00:48:12Z</time></trkpt>
    <trkpt lat="10.3457916" lon="123.8180489"><ele>617.02</ele><time>2026-09-12T00:48:20Z</time></trkpt>
    <trkpt lat="10.3457960" lon="123.8180464"><ele>616.70</ele><time>2026-09-12T00:48:28Z</time></trkpt>
    <trkpt lat="10.3457952" lon="123.8180508"><ele>616.44</ele><time>2026-09-12T00:48:36Z</time></trkpt>
    <trkpt lat="10.3457939" lon="123.8180488"><ele>616.23</ele><time>2026-09-12T00:48:44Z</time></trkpt>
    <trkpt lat="10.3457950" lon="123.8180425"><ele>616.87</ele><time>2026-09-12T00:48:52Z</time></trkpt>
    <trkpt lat="10.3458001" lon="123.8180419"><ele>617.34</ele><time>2026-09-12T00:49:00Z</time></trkpt>
    <trkpt lat="10.3457984" lon="123.8180482"><ele>616.74</ele><time>2026-09-12T00:49:08Z</time></trkpt>
    <trkpt lat="10.3458052" lon="123.8180610"><ele>616.66</ele><time>2026-09-12T00:49:16Z</time></trkpt>
    <trkpt lat="10.3458904" lon="123.8181939"><ele>621.25</ele><time>2026-09-12T00:49:24Z</time></trkpt>
    <trkpt lat="10.3459379" lon="123.8182534"><ele>622.28</ele><time>2026-09-12T00:49:32Z</time></trkpt>
    <trkpt lat="10.3459427" lon="123.8183141"><ele>622.63</ele><time>2026-09-12T00:49:40Z</time></trkpt>
    <trkpt lat="10.3459460" lon="123.8183621"><ele>628.15</ele><time>2026-09-12T00:49:48Z</time></trkpt>
    <trkpt lat="10.3459227" lon="123.8183962"><ele>625.57</ele><time>2026-09-12T00:49:56Z</time></trkpt>
    <trkpt lat="10.3459212" lon="123.8183954"><ele>624.87</ele><time>2026-09-12T00:50:04Z</time></trkpt>
    <trkpt lat="10.3459247" lon="123.8184046"><ele>624.21</ele><time>2026-09-12T00:50:12Z</time></trkpt>
    <trkpt lat="10.3459121" lon="123.8184746"><ele>622.99</ele><time>2026-09-12T00:50:20Z</time></trkpt>
    <trkpt lat="10.3458877" lon="123.8185387"><ele>625.27</ele><time>2026-09-12T00:50:28Z</time></trkpt>
    <trkpt lat="10.3458908" lon="123.8186049"><ele>629.34</ele><time>2026-09-12T00:50:35.422Z</time></trkpt>
    <trkpt lat="10.3459349" lon="123.8186853"><ele>618.82</ele><time>2026-09-12T00:50:47Z</time></trkpt>
    <trkpt lat="10.3459505" lon="123.8186971"><ele>621.83</ele><time>2026-09-12T00:50:55Z</time></trkpt>
    <trkpt lat="10.3459871" lon="123.8187425"><ele>622.96</ele><time>2026-09-12T00:51:03Z</time></trkpt>
    <trkpt lat="10.3460230" lon="123.8188202"><ele>620.67</ele><time>2026-09-12T00:51:11Z</time></trkpt>
    <trkpt lat="10.3460596" lon="123.8188860"><ele>618.80</ele><time>2026-09-12T00:51:19Z</time></trkpt>
    <trkpt lat="10.3460703" lon="123.8189291"><ele>621.19</ele><time>2026-09-12T00:51:27Z</time></trkpt>
    <trkpt lat="10.3460823" lon="123.8189901"><ele>618.51</ele><time>2026-09-12T00:51:35Z</time></trkpt>
    <trkpt lat="10.3461173" lon="123.8190637"><ele>614.75</ele><time>2026-09-12T00:51:43Z</time></trkpt>
    <trkpt lat="10.3461731" lon="123.8191184"><ele>617.10</ele><time>2026-09-12T00:51:51Z</time></trkpt>
    <trkpt lat="10.3462183" lon="123.8191670"><ele>618.23</ele><time>2026-09-12T00:51:59Z</time></trkpt>
    <trkpt lat="10.3462577" lon="123.8192191"><ele>622.90</ele><time>2026-09-12T00:52:07Z</time></trkpt>
    <trkpt lat="10.3462882" lon="123.8192428"><ele>616.32</ele><time>2026-09-12T00:52:15Z</time></trkpt>
    <trkpt lat="10.3462716" lon="123.8192262"><ele>618.29</ele><time>2026-09-12T00:52:23Z</time></trkpt>
    <trkpt lat="10.3462680" lon="123.8192226"><ele>621.69</ele><time>2026-09-12T00:52:31Z</time></trkpt>
    <trkpt lat="10.3462784" lon="123.8192197"><ele>619.55</ele><time>2026-09-12T00:52:39Z</time></trkpt>
    <trkpt lat="10.3462979" lon="123.8192364"><ele>619.27</ele><time>2026-09-12T00:52:47Z</time></trkpt>
    <trkpt lat="10.3463118" lon="123.8192552"><ele>618.59</ele><time>2026-09-12T00:52:55Z</time></trkpt>
    <trkpt lat="10.3463788" lon="123.8193447"><ele>622.39</ele><time>2026-09-12T00:53:03Z</time></trkpt>
    <trkpt lat="10.3463969" lon="123.8193674"><ele>615.45</ele><time>2026-09-12T00:53:11Z</time></trkpt>
    <trkpt lat="10.3464540" lon="123.8194394"><ele>615.44</ele><time>2026-09-12T00:53:19Z</time></trkpt>
    <trkpt lat="10.3465207" lon="123.8194983"><ele>613.97</ele><time>2026-09-12T00:53:27Z</time></trkpt>
    <trkpt lat="10.3465719" lon="123.8195493"><ele>611.68</ele><time>2026-09-12T00:53:35Z</time></trkpt>
    <trkpt lat="10.3465998" lon="123.8195855"><ele>610.27</ele><time>2026-09-12T00:53:41Z</time></trkpt>
    <trkpt lat="10.3466534" lon="123.8196683"><ele>617.30</ele><time>2026-09-12T00:53:52Z</time></trkpt>
    <trkpt lat="10.3466856" lon="123.8196962"><ele>617.59</ele><time>2026-09-12T00:53:57Z</time></trkpt>
    <trkpt lat="10.3467256" lon="123.8197164"><ele>631.17</ele><time>2026-09-12T00:54:08Z</time></trkpt>
    <trkpt lat="10.3467347" lon="123.8197329"><ele>616.94</ele><time>2026-09-12T00:54:15Z</time></trkpt>
    <trkpt lat="10.3467433" lon="123.8197743"><ele>617.20</ele><time>2026-09-12T00:54:22Z</time></trkpt>
    <trkpt lat="10.3468313" lon="123.8198286"><ele>619.55</ele><time>2026-09-12T00:54:32Z</time></trkpt>
    <trkpt lat="10.3468666" lon="123.8198723"><ele>619.78</ele><time>2026-09-12T00:54:37Z</time></trkpt>
    <trkpt lat="10.3468895" lon="123.8199766"><ele>620.22</ele><time>2026-09-12T00:54:47Z</time></trkpt>
    <trkpt lat="10.3469775" lon="123.8200072"><ele>618.96</ele><time>2026-09-12T00:54:55Z</time></trkpt>
    <trkpt lat="10.3470602" lon="123.8200368"><ele>619.54</ele><time>2026-09-12T00:55:02Z</time></trkpt>
    <trkpt lat="10.3471107" lon="123.8199662"><ele>620.65</ele><time>2026-09-12T00:55:12Z</time></trkpt>
    <trkpt lat="10.3471174" lon="123.8199466"><ele>618.72</ele><time>2026-09-12T00:55:19Z</time></trkpt>
    <trkpt lat="10.3471361" lon="123.8199599"><ele>616.03</ele><time>2026-09-12T00:55:27Z</time></trkpt>
    <trkpt lat="10.3471690" lon="123.8199742"><ele>613.50</ele><time>2026-09-12T00:55:35Z</time></trkpt>
    <trkpt lat="10.3472651" lon="123.8200263"><ele>609.04</ele><time>2026-09-12T00:55:43Z</time></trkpt>
    <trkpt lat="10.3473510" lon="123.8200956"><ele>606.99</ele><time>2026-09-12T00:55:51Z</time></trkpt>
    <trkpt lat="10.3474204" lon="123.8201563"><ele>609.50</ele><time>2026-09-12T00:55:59Z</time></trkpt>
    <trkpt lat="10.3474716" lon="123.8202209"><ele>609.80</ele><time>2026-09-12T00:56:07Z</time></trkpt>
    <trkpt lat="10.3474984" lon="123.8202863"><ele>609.80</ele><time>2026-09-12T00:56:14Z</time></trkpt>
    <trkpt lat="10.3475267" lon="123.8203713"><ele>608.65</ele><time>2026-09-12T00:56:24Z</time></trkpt>
    <trkpt lat="10.3475405" lon="123.8204153"><ele>608.41</ele><time>2026-09-12T00:56:29Z</time></trkpt>
    <trkpt lat="10.3475662" lon="123.8205072"><ele>607.95</ele><time>2026-09-12T00:56:39Z</time></trkpt>
    <trkpt lat="10.3475978" lon="123.8205782"><ele>607.88</ele><time>2026-09-12T00:56:47Z</time></trkpt>
    <trkpt lat="10.3476239" lon="123.8206399"><ele>607.22</ele><time>2026-09-12T00:56:54Z</time></trkpt>
    <trkpt lat="10.3476444" lon="123.8207371"><ele>599.92</ele><time>2026-09-12T00:57:04Z</time></trkpt>
    <trkpt lat="10.3476625" lon="123.8207793"><ele>599.87</ele><time>2026-09-12T00:57:09Z</time></trkpt>
    <trkpt lat="10.3477045" lon="123.8208739"><ele>601.32</ele><time>2026-09-12T00:57:20Z</time></trkpt>
    <trkpt lat="10.3477253" lon="123.8209127"><ele>600.94</ele><time>2026-09-12T00:57:25Z</time></trkpt>
    <trkpt lat="10.3477743" lon="123.8209876"><ele>600.21</ele><time>2026-09-12T00:57:35Z</time></trkpt>
    <trkpt lat="10.3478068" lon="123.8210350"><ele>589.90</ele><time>2026-09-12T00:57:43Z</time></trkpt>
    <trkpt lat="10.3478623" lon="123.8210864"><ele>602.17</ele><time>2026-09-12T00:57:51Z</time></trkpt>
    <trkpt lat="10.3479429" lon="123.8211261"><ele>602.62</ele><time>2026-09-12T00:57:59Z</time></trkpt>
    <trkpt lat="10.3479818" lon="123.8211683"><ele>601.68</ele><time>2026-09-12T00:58:05Z</time></trkpt>
    <trkpt lat="10.3480505" lon="123.8212432"><ele>600.22</ele><time>2026-09-12T00:58:15Z</time></trkpt>
    <trkpt lat="10.3479127" lon="123.8214427"><ele>596.46</ele><time>2026-09-12T00:58:24Z</time></trkpt>
    <trkpt lat="10.3479330" lon="123.8214917"><ele>595.84</ele><time>2026-09-12T00:58:30Z</time></trkpt>
    <trkpt lat="10.3480733" lon="123.8215742"><ele>603.30</ele><time>2026-09-12T00:58:40Z</time></trkpt>
    <trkpt lat="10.3481029" lon="123.8216399"><ele>603.80</ele><time>2026-09-12T00:58:46Z</time></trkpt>
    <trkpt lat="10.3481158" lon="123.8217883"><ele>603.72</ele><time>2026-09-12T00:58:55Z</time></trkpt>
    <trkpt lat="10.3483305" lon="123.8217497"><ele>612.95</ele><time>2026-09-12T00:59:03Z</time></trkpt>
    <trkpt lat="10.3482770" lon="123.8218256"><ele>591.06</ele><time>2026-09-12T00:59:11Z</time></trkpt>
    <trkpt lat="10.3482823" lon="123.8218345"><ele>597.97</ele><time>2026-09-12T00:59:19Z</time></trkpt>
    <trkpt lat="10.3483228" lon="123.8218735"><ele>602.19</ele><time>2026-09-12T00:59:26Z</time></trkpt>
    <trkpt lat="10.3484007" lon="123.8219259"><ele>607.01</ele><time>2026-09-12T00:59:36Z</time></trkpt>
    <trkpt lat="10.3484220" lon="123.8219527"><ele>608.93</ele><time>2026-09-12T00:59:41Z</time></trkpt>
    <trkpt lat="10.3484387" lon="123.8219883"><ele>592.58</ele><time>2026-09-12T00:59:52Z</time></trkpt>
    <trkpt lat="10.3484328" lon="123.8220235"><ele>594.06</ele><time>2026-09-12T00:59:57Z</time></trkpt>
    <trkpt lat="10.3484150" lon="123.8221106"><ele>596.90</ele><time>2026-09-12T01:00:07Z</time></trkpt>
    <trkpt lat="10.3484492" lon="123.8221915"><ele>591.91</ele><time>2026-09-12T01:00:15Z</time></trkpt>
    <trkpt lat="10.3484573" lon="123.8222436"><ele>599.27</ele><time>2026-09-12T01:00:23Z</time></trkpt>
    <trkpt lat="10.3484436" lon="123.8222997"><ele>600.63</ele><time>2026-09-12T01:00:30Z</time></trkpt>
    <trkpt lat="10.3484405" lon="123.8223727"><ele>593.00</ele><time>2026-09-12T01:00:40Z</time></trkpt>
    <trkpt lat="10.3484374" lon="123.8224179"><ele>594.79</ele><time>2026-09-12T01:00:45Z</time></trkpt>
    <trkpt lat="10.3486515" lon="123.8225007"><ele>591.84</ele><time>2026-09-12T01:00:56Z</time></trkpt>
    <trkpt lat="10.3486744" lon="123.8225391"><ele>587.92</ele><time>2026-09-12T01:01:01Z</time></trkpt>
    <trkpt lat="10.3487149" lon="123.8226297"><ele>581.36</ele><time>2026-09-12T01:01:11Z</time></trkpt>
    <trkpt lat="10.3487521" lon="123.8226768"><ele>578.99</ele><time>2026-09-12T01:01:19Z</time></trkpt>
    <trkpt lat="10.3488047" lon="123.8227066"><ele>581.88</ele><time>2026-09-12T01:01:27Z</time></trkpt>
    <trkpt lat="10.3488029" lon="123.8227520"><ele>581.51</ele><time>2026-09-12T01:01:33Z</time></trkpt>
    <trkpt lat="10.3488902" lon="123.8228011"><ele>593.11</ele><time>2026-09-12T01:01:44Z</time></trkpt>
    <trkpt lat="10.3489241" lon="123.8228358"><ele>592.30</ele><time>2026-09-12T01:01:49Z</time></trkpt>
    <trkpt lat="10.3489916" lon="123.8229096"><ele>592.45</ele><time>2026-09-12T01:01:59Z</time></trkpt>
    <trkpt lat="10.3489936" lon="123.8229667"><ele>592.55</ele><time>2026-09-12T01:02:06Z</time></trkpt>
    <trkpt lat="10.3490771" lon="123.8230120"><ele>588.15</ele><time>2026-09-12T01:02:15Z</time></trkpt>
    <trkpt lat="10.3491129" lon="123.8230494"><ele>587.93</ele><time>2026-09-12T01:02:22Z</time></trkpt>
    <trkpt lat="10.3491858" lon="123.8231006"><ele>594.37</ele><time>2026-09-12T01:02:32Z</time></trkpt>
    <trkpt lat="10.3491962" lon="123.8231315"><ele>600.24</ele><time>2026-09-12T01:02:37Z</time></trkpt>
    <trkpt lat="10.3492622" lon="123.8232050"><ele>591.88</ele><time>2026-09-12T01:02:48Z</time></trkpt>
    <trkpt lat="10.3492568" lon="123.8232007"><ele>588.89</ele><time>2026-09-12T01:02:54Z</time></trkpt>
    <trkpt lat="10.3492788" lon="123.8232482"><ele>591.74</ele><time>2026-09-12T01:03:04Z</time></trkpt>
    <trkpt lat="10.3492645" lon="123.8232891"><ele>590.20</ele><time>2026-09-12T01:03:09Z</time></trkpt>
    <trkpt lat="10.3492360" lon="123.8233683"><ele>587.29</ele><time>2026-09-12T01:03:19Z</time></trkpt>
    <trkpt lat="10.3491958" lon="123.8234081"><ele>585.26</ele><time>2026-09-12T01:03:26Z</time></trkpt>
    <trkpt lat="10.3494739" lon="123.8235764"><ele>597.95</ele><time>2026-09-12T01:03:35Z</time></trkpt>
    <trkpt lat="10.3494312" lon="123.8236290"><ele>595.85</ele><time>2026-09-12T01:03:42Z</time></trkpt>
    <trkpt lat="10.3493836" lon="123.8237156"><ele>603.44</ele><time>2026-09-12T01:03:52Z</time></trkpt>
    <trkpt lat="10.3493927" lon="123.8237605"><ele>597.44</ele><time>2026-09-12T01:03:59Z</time></trkpt>
    <trkpt lat="10.3493455" lon="123.8238153"><ele>597.64</ele><time>2026-09-12T01:04:05Z</time></trkpt>
    <trkpt lat="10.3492313" lon="123.8239106"><ele>597.64</ele><time>2026-09-12T01:04:14Z</time></trkpt>
    <trkpt lat="10.3493668" lon="123.8240332"><ele>583.63</ele><time>2026-09-12T01:04:24Z</time></trkpt>
    <trkpt lat="10.3493439" lon="123.8240854"><ele>586.84</ele><time>2026-09-12T01:04:30Z</time></trkpt>
    <trkpt lat="10.3493099" lon="123.8241338"><ele>591.03</ele><time>2026-09-12T01:04:38Z</time></trkpt>
    <trkpt lat="10.3495214" lon="123.8240841"><ele>599.70</ele><time>2026-09-12T01:04:48Z</time></trkpt>
    <trkpt lat="10.3495738" lon="123.8241070"><ele>601.65</ele><time>2026-09-12T01:04:54Z</time></trkpt>
    <trkpt lat="10.3496334" lon="123.8240939"><ele>594.93</ele><time>2026-09-12T01:05:04Z</time></trkpt>
    <trkpt lat="10.3496716" lon="123.8240916"><ele>596.35</ele><time>2026-09-12T01:05:09Z</time></trkpt>
    <trkpt lat="10.3497282" lon="123.8241107"><ele>599.06</ele><time>2026-09-12T01:05:19Z</time></trkpt>
    <trkpt lat="10.3497383" lon="123.8241434"><ele>592.67</ele><time>2026-09-12T01:05:27Z</time></trkpt>
    <trkpt lat="10.3497764" lon="123.8241721"><ele>595.75</ele><time>2026-09-12T01:05:33Z</time></trkpt>
    <trkpt lat="10.3498252" lon="123.8242397"><ele>600.22</ele><time>2026-09-12T01:05:42Z</time></trkpt>
    <trkpt lat="10.3499246" lon="123.8240804"><ele>588.09</ele><time>2026-09-12T01:05:52Z</time></trkpt>
    <trkpt lat="10.3499873" lon="123.8240948"><ele>596.28</ele><time>2026-09-12T01:05:59Z</time></trkpt>
    <trkpt lat="10.3500007" lon="123.8240987"><ele>595.86</ele><time>2026-09-12T01:06:05Z</time></trkpt>
    <trkpt lat="10.3499759" lon="123.8242019"><ele>595.86</ele><time>2026-09-12T01:06:15Z</time></trkpt>
    <trkpt lat="10.3500169" lon="123.8241076"><ele>587.85</ele><time>2026-09-12T01:06:23Z</time></trkpt>
    <trkpt lat="10.3500935" lon="123.8241702"><ele>586.80</ele><time>2026-09-12T01:06:29Z</time></trkpt>
    <trkpt lat="10.3501375" lon="123.8240664"><ele>571.58</ele><time>2026-09-12T01:06:40Z</time></trkpt>
    <trkpt lat="10.3501858" lon="123.8240923"><ele>569.82</ele><time>2026-09-12T01:06:45Z</time></trkpt>
    <trkpt lat="10.3502729" lon="123.8241064"><ele>578.09</ele><time>2026-09-12T01:06:56Z</time></trkpt>
    <trkpt lat="10.3503124" lon="123.8241092"><ele>578.93</ele><time>2026-09-12T01:07:01Z</time></trkpt>
    <trkpt lat="10.3504560" lon="123.8241420"><ele>578.93</ele><time>2026-09-12T01:07:11Z</time></trkpt>
    <trkpt lat="10.3503833" lon="123.8240892"><ele>583.39</ele><time>2026-09-12T01:07:19Z</time></trkpt>
    <trkpt lat="10.3504402" lon="123.8241219"><ele>582.74</ele><time>2026-09-12T01:07:26Z</time></trkpt>
    <trkpt lat="10.3505202" lon="123.8242296"><ele>582.18</ele><time>2026-09-12T01:07:34Z</time></trkpt>
    <trkpt lat="10.3505027" lon="123.8240380"><ele>572.75</ele><time>2026-09-12T01:07:44Z</time></trkpt>
    <trkpt lat="10.3505412" lon="123.8241272"><ele>562.94</ele><time>2026-09-12T01:07:51Z</time></trkpt>
    <trkpt lat="10.3504715" lon="123.8240349"><ele>579.98</ele><time>2026-09-12T01:07:59Z</time></trkpt>
    <trkpt lat="10.3505052" lon="123.8240775"><ele>578.78</ele><time>2026-09-12T01:08:07Z</time></trkpt>
    <trkpt lat="10.3505228" lon="123.8240885"><ele>572.75</ele><time>2026-09-12T01:08:15Z</time></trkpt>
    <trkpt lat="10.3506181" lon="123.8240694"><ele>576.65</ele><time>2026-09-12T01:08:23Z</time></trkpt>
    <trkpt lat="10.3507555" lon="123.8239620"><ele>583.90</ele><time>2026-09-12T01:08:31Z</time></trkpt>
    <trkpt lat="10.3507390" lon="123.8239992"><ele>582.04</ele><time>2026-09-12T01:08:39Z</time></trkpt>
    <trkpt lat="10.3508027" lon="123.8239785"><ele>571.32</ele><time>2026-09-12T01:08:47Z</time></trkpt>
    <trkpt lat="10.3506605" lon="123.8240138"><ele>561.47</ele><time>2026-09-12T01:08:55Z</time></trkpt>
    <trkpt lat="10.3506986" lon="123.8240156"><ele>563.33</ele><time>2026-09-12T01:09:03Z</time></trkpt>
    <trkpt lat="10.3507093" lon="123.8240073"><ele>550.11</ele><time>2026-09-12T01:09:11Z</time></trkpt>
    <trkpt lat="10.3507816" lon="123.8240126"><ele>546.37</ele><time>2026-09-12T01:09:19Z</time></trkpt>
    <trkpt lat="10.3508835" lon="123.8239924"><ele>565.55</ele><time>2026-09-12T01:09:27Z</time></trkpt>
    <trkpt lat="10.3509547" lon="123.8239636"><ele>572.02</ele><time>2026-09-12T01:09:35Z</time></trkpt>
    <trkpt lat="10.3508933" lon="123.8239851"><ele>557.73</ele><time>2026-09-12T01:09:43Z</time></trkpt>
    <trkpt lat="10.3510806" lon="123.8238866"><ele>557.43</ele><time>2026-09-12T01:09:50Z</time></trkpt>
    <trkpt lat="10.3508985" lon="123.8238614"><ele>551.66</ele><time>2026-09-12T01:10:00Z</time></trkpt>
    <trkpt lat="10.3509021" lon="123.8238360"><ele>543.69</ele><time>2026-09-12T01:10:07Z</time></trkpt>
    <trkpt lat="10.3508881" lon="123.8239023"><ele>540.36</ele><time>2026-09-12T01:10:15Z</time></trkpt>
    <trkpt lat="10.3509033" lon="123.8239093"><ele>551.24</ele><time>2026-09-12T01:10:24Z</time></trkpt>
    <trkpt lat="10.3509283" lon="123.8239166"><ele>547.09</ele><time>2026-09-12T01:10:31Z</time></trkpt>
    <trkpt lat="10.3509263" lon="123.8239017"><ele>546.07</ele><time>2026-09-12T01:10:40Z</time></trkpt>
    <trkpt lat="10.3509325" lon="123.8238906"><ele>544.11</ele><time>2026-09-12T01:10:47Z</time></trkpt>
    <trkpt lat="10.3509337" lon="123.8238827"><ele>540.74</ele><time>2026-09-12T01:10:55Z</time></trkpt>
    <trkpt lat="10.3509506" lon="123.8238576"><ele>544.74</ele><time>2026-09-12T01:11:03Z</time></trkpt>
    <trkpt lat="10.3509699" lon="123.8238628"><ele>545.83</ele><time>2026-09-12T01:11:12Z</time></trkpt>
    <trkpt lat="10.3509705" lon="123.8238397"><ele>545.41</ele><time>2026-09-12T01:11:19Z</time></trkpt>
    <trkpt lat="10.3509636" lon="123.8238318"><ele>541.91</ele><time>2026-09-12T01:11:28Z</time></trkpt>
    <trkpt lat="10.3509694" lon="123.8238293"><ele>540.23</ele><time>2026-09-12T01:11:35Z</time></trkpt>
    <trkpt lat="10.3509685" lon="123.8238130"><ele>541.21</ele><time>2026-09-12T01:11:44Z</time></trkpt>
    <trkpt lat="10.3510084" lon="123.8237943"><ele>538.24</ele><time>2026-09-12T01:11:51Z</time></trkpt>
    <trkpt lat="10.3510103" lon="123.8238146"><ele>539.21</ele><time>2026-09-12T01:11:59Z</time></trkpt>
    <trkpt lat="10.3510374" lon="123.8238244"><ele>535.01</ele><time>2026-09-12T01:12:07Z</time></trkpt>
    <trkpt lat="10.3510946" lon="123.8238152"><ele>543.98</ele><time>2026-09-12T01:12:15Z</time></trkpt>
    <trkpt lat="10.3511202" lon="123.8237734"><ele>544.68</ele><time>2026-09-12T01:12:23Z</time></trkpt>
    <trkpt lat="10.3510946" lon="123.8237623"><ele>537.99</ele><time>2026-09-12T01:12:31Z</time></trkpt>
    <trkpt lat="10.3510592" lon="123.8237837"><ele>532.47</ele><time>2026-09-12T01:12:39Z</time></trkpt>
    <trkpt lat="10.3510104" lon="123.8238468"><ele>529.50</ele><time>2026-09-12T01:12:48Z</time></trkpt>
    <trkpt lat="10.3510287" lon="123.8238490"><ele>531.58</ele><time>2026-09-12T01:12:55Z</time></trkpt>
    <trkpt lat="10.3510439" lon="123.8238439"><ele>530.07</ele><time>2026-09-12T01:13:03Z</time></trkpt>
    <trkpt lat="10.3510986" lon="123.8237904"><ele>530.55</ele><time>2026-09-12T01:13:11Z</time></trkpt>
    <trkpt lat="10.3510990" lon="123.8237742"><ele>531.70</ele><time>2026-09-12T01:13:19Z</time></trkpt>
    <trkpt lat="10.3511176" lon="123.8237744"><ele>528.45</ele><time>2026-09-12T01:13:27Z</time></trkpt>
    <trkpt lat="10.3511398" lon="123.8237512"><ele>534.21</ele><time>2026-09-12T01:13:35Z</time></trkpt>
    <trkpt lat="10.3511658" lon="123.8237196"><ele>528.88</ele><time>2026-09-12T01:13:43Z</time></trkpt>
    <trkpt lat="10.3511382" lon="123.8237305"><ele>526.92</ele><time>2026-09-12T01:13:51Z</time></trkpt>
    <trkpt lat="10.3511332" lon="123.8237284"><ele>527.31</ele><time>2026-09-12T01:13:59Z</time></trkpt>
    <trkpt lat="10.3511655" lon="123.8237429"><ele>529.94</ele><time>2026-09-12T01:14:07Z</time></trkpt>
    <trkpt lat="10.3511713" lon="123.8237409"><ele>530.10</ele><time>2026-09-12T01:14:15Z</time></trkpt>
    <trkpt lat="10.3511173" lon="123.8237039"><ele>529.12</ele><time>2026-09-12T01:14:23Z</time></trkpt>
    <trkpt lat="10.3510967" lon="123.8236960"><ele>531.21</ele><time>2026-09-12T01:14:31Z</time></trkpt>
    <trkpt lat="10.3511142" lon="123.8236968"><ele>528.44</ele><time>2026-09-12T01:14:39Z</time></trkpt>
    <trkpt lat="10.3511880" lon="123.8237131"><ele>526.30</ele><time>2026-09-12T01:14:47Z</time></trkpt>
    <trkpt lat="10.3512074" lon="123.8237271"><ele>527.60</ele><time>2026-09-12T01:14:55Z</time></trkpt>
    <trkpt lat="10.3512269" lon="123.8237571"><ele>526.79</ele><time>2026-09-12T01:15:03Z</time></trkpt>
    <trkpt lat="10.3512487" lon="123.8237651"><ele>520.21</ele><time>2026-09-12T01:15:11Z</time></trkpt>
    <trkpt lat="10.3513166" lon="123.8237319"><ele>519.54</ele><time>2026-09-12T01:15:20Z</time></trkpt>
    <trkpt lat="10.3513281" lon="123.8237451"><ele>518.30</ele><time>2026-09-12T01:15:27Z</time></trkpt>
    <trkpt lat="10.3513388" lon="123.8237542"><ele>530.03</ele><time>2026-09-12T01:15:35Z</time></trkpt>
    <trkpt lat="10.3513342" lon="123.8237906"><ele>526.92</ele><time>2026-09-12T01:15:43Z</time></trkpt>
    <trkpt lat="10.3513233" lon="123.8238046"><ele>524.91</ele><time>2026-09-12T01:15:51Z</time></trkpt>
    <trkpt lat="10.3513404" lon="123.8238517"><ele>524.82</ele><time>2026-09-12T01:15:59Z</time></trkpt>
    <trkpt lat="10.3513268" lon="123.8238638"><ele>524.73</ele><time>2026-09-12T01:16:07Z</time></trkpt>
    <trkpt lat="10.3512757" lon="123.8238883"><ele>518.32</ele><time>2026-09-12T01:16:16Z</time></trkpt>
    <trkpt lat="10.3512774" lon="123.8238800"><ele>518.05</ele><time>2026-09-12T01:16:21Z</time></trkpt>
    <trkpt lat="10.3513490" lon="123.8238819"><ele>521.98</ele><time>2026-09-12T01:16:33Z</time></trkpt>
    <trkpt lat="10.3513732" lon="123.8238964"><ele>523.67</ele><time>2026-09-12T01:16:39Z</time></trkpt>
    <trkpt lat="10.3513353" lon="123.8239454"><ele>518.07</ele><time>2026-09-12T01:16:47Z</time></trkpt>
    <trkpt lat="10.3512958" lon="123.8239869"><ele>512.01</ele><time>2026-09-12T01:16:55Z</time></trkpt>
    <trkpt lat="10.3513335" lon="123.8239780"><ele>514.32</ele><time>2026-09-12T01:17:03Z</time></trkpt>
    <trkpt lat="10.3513704" lon="123.8239883"><ele>519.32</ele><time>2026-09-12T01:17:11Z</time></trkpt>
    <trkpt lat="10.3513658" lon="123.8239960"><ele>517.55</ele><time>2026-09-12T01:17:19Z</time></trkpt>
    <trkpt lat="10.3513658" lon="123.8239963"><ele>519.30</ele><time>2026-09-12T01:17:27Z</time></trkpt>
    <trkpt lat="10.3513730" lon="123.8240010"><ele>517.87</ele><time>2026-09-12T01:17:35Z</time></trkpt>
    <trkpt lat="10.3513918" lon="123.8240539"><ele>519.40</ele><time>2026-09-12T01:17:44Z</time></trkpt>
    <trkpt lat="10.3512632" lon="123.8239641"><ele>526.17</ele><time>2026-09-12T01:17:51Z</time></trkpt>
    <trkpt lat="10.3513478" lon="123.8239649"><ele>525.33</ele><time>2026-09-12T01:18:00Z</time></trkpt>
    <trkpt lat="10.3513900" lon="123.8239849"><ele>517.60</ele><time>2026-09-12T01:18:07Z</time></trkpt>
    <trkpt lat="10.3513290" lon="123.8239929"><ele>523.11</ele><time>2026-09-12T01:18:15Z</time></trkpt>
    <trkpt lat="10.3513490" lon="123.8240297"><ele>520.94</ele><time>2026-09-12T01:18:23Z</time></trkpt>
    <trkpt lat="10.3513720" lon="123.8240915"><ele>511.01</ele><time>2026-09-12T01:18:31Z</time></trkpt>
    <trkpt lat="10.3514048" lon="123.8241066"><ele>515.46</ele><time>2026-09-12T01:18:39Z</time></trkpt>
    <trkpt lat="10.3514021" lon="123.8240980"><ele>514.58</ele><time>2026-09-12T01:18:47Z</time></trkpt>
    <trkpt lat="10.3514328" lon="123.8241439"><ele>518.57</ele><time>2026-09-12T01:18:55Z</time></trkpt>
    <trkpt lat="10.3514445" lon="123.8241790"><ele>515.78</ele><time>2026-09-12T01:19:04Z</time></trkpt>
    <trkpt lat="10.3513642" lon="123.8241619"><ele>518.77</ele><time>2026-09-12T01:19:11Z</time></trkpt>
    <trkpt lat="10.3512931" lon="123.8241755"><ele>519.61</ele><time>2026-09-12T01:19:19Z</time></trkpt>
    <trkpt lat="10.3513651" lon="123.8242164"><ele>513.41</ele><time>2026-09-12T01:19:28Z</time></trkpt>
    <trkpt lat="10.3513715" lon="123.8242199"><ele>513.14</ele><time>2026-09-12T01:19:33Z</time></trkpt>
    <trkpt lat="10.3513961" lon="123.8242713"><ele>507.78</ele><time>2026-09-12T01:19:45Z</time></trkpt>
    <trkpt lat="10.3513717" lon="123.8243292"><ele>507.79</ele><time>2026-09-12T01:19:51Z</time></trkpt>
    <trkpt lat="10.3513326" lon="123.8243191"><ele>508.49</ele><time>2026-09-12T01:19:59Z</time></trkpt>
    <trkpt lat="10.3512705" lon="123.8243140"><ele>501.46</ele><time>2026-09-12T01:20:07Z</time></trkpt>
    <trkpt lat="10.3513167" lon="123.8244090"><ele>506.03</ele><time>2026-09-12T01:20:16Z</time></trkpt>
    <trkpt lat="10.3513536" lon="123.8244026"><ele>506.10</ele><time>2026-09-12T01:20:23Z</time></trkpt>
    <trkpt lat="10.3513539" lon="123.8243933"><ele>507.96</ele><time>2026-09-12T01:20:31Z</time></trkpt>
    <trkpt lat="10.3513571" lon="123.8244604"><ele>501.43</ele><time>2026-09-12T01:20:40Z</time></trkpt>
    <trkpt lat="10.3513629" lon="123.8244954"><ele>506.41</ele><time>2026-09-12T01:20:48Z</time></trkpt>
    <trkpt lat="10.3513697" lon="123.8245120"><ele>506.08</ele><time>2026-09-12T01:20:55Z</time></trkpt>
    <trkpt lat="10.3514055" lon="123.8245025"><ele>510.58</ele><time>2026-09-12T01:21:03Z</time></trkpt>
    <trkpt lat="10.3514090" lon="123.8245032"><ele>508.46</ele><time>2026-09-12T01:21:11Z</time></trkpt>
    <trkpt lat="10.3514254" lon="123.8245038"><ele>507.18</ele><time>2026-09-12T01:21:19Z</time></trkpt>
    <trkpt lat="10.3514365" lon="123.8245049"><ele>506.48</ele><time>2026-09-12T01:21:27Z</time></trkpt>
    <trkpt lat="10.3514987" lon="123.8244974"><ele>509.76</ele><time>2026-09-12T01:21:35Z</time></trkpt>
    <trkpt lat="10.3515262" lon="123.8244969"><ele>507.16</ele><time>2026-09-12T01:21:43Z</time></trkpt>
    <trkpt lat="10.3515368" lon="123.8244978"><ele>506.74</ele><time>2026-09-12T01:21:51Z</time></trkpt>
    <trkpt lat="10.3515463" lon="123.8244926"><ele>506.07</ele><time>2026-09-12T01:21:59Z</time></trkpt>
    <trkpt lat="10.3515526" lon="123.8244934"><ele>504.46</ele><time>2026-09-12T01:22:07Z</time></trkpt>
    <trkpt lat="10.3515669" lon="123.8244935"><ele>503.73</ele><time>2026-09-12T01:22:15Z</time></trkpt>
    <trkpt lat="10.3515764" lon="123.8244930"><ele>503.70</ele><time>2026-09-12T01:22:23Z</time></trkpt>
    <trkpt lat="10.3515848" lon="123.8244911"><ele>502.88</ele><time>2026-09-12T01:22:31Z</time></trkpt>
    <trkpt lat="10.3515907" lon="123.8244899"><ele>502.26</ele><time>2026-09-12T01:22:39Z</time></trkpt>
    <trkpt lat="10.3515959" lon="123.8244914"><ele>501.88</ele><time>2026-09-12T01:22:47Z</time></trkpt>
    <trkpt lat="10.3515968" lon="123.8244960"><ele>501.13</ele><time>2026-09-12T01:22:55Z</time></trkpt>
    <trkpt lat="10.3515990" lon="123.8245001"><ele>500.52</ele><time>2026-09-12T01:23:03Z</time></trkpt>
    <trkpt lat="10.3516029" lon="123.8245085"><ele>499.74</ele><time>2026-09-12T01:23:11Z</time></trkpt>
    <trkpt lat="10.3516810" lon="123.8245670"><ele>493.54</ele><time>2026-09-12T01:23:20Z</time></trkpt>
    <trkpt lat="10.3517056" lon="123.8246253"><ele>493.02</ele><time>2026-09-12T01:23:27Z</time></trkpt>
    <trkpt lat="10.3517770" lon="123.8246846"><ele>494.78</ele><time>2026-09-12T01:23:35Z</time></trkpt>
    <trkpt lat="10.3518639" lon="123.8246994"><ele>495.78</ele><time>2026-09-12T01:23:43Z</time></trkpt>
    <trkpt lat="10.3519086" lon="123.8246997"><ele>495.52</ele><time>2026-09-12T01:23:51Z</time></trkpt>
    <trkpt lat="10.3518898" lon="123.8247024"><ele>493.19</ele><time>2026-09-12T01:23:59Z</time></trkpt>
    <trkpt lat="10.3519007" lon="123.8246989"><ele>495.21</ele><time>2026-09-12T01:24:07Z</time></trkpt>
    <trkpt lat="10.3519163" lon="123.8246865"><ele>498.97</ele><time>2026-09-12T01:24:15Z</time></trkpt>
    <trkpt lat="10.3519140" lon="123.8246843"><ele>497.57</ele><time>2026-09-12T01:24:23Z</time></trkpt>
    <trkpt lat="10.3519070" lon="123.8246828"><ele>496.84</ele><time>2026-09-12T01:24:31Z</time></trkpt>
    <trkpt lat="10.3519215" lon="123.8246946"><ele>498.75</ele><time>2026-09-12T01:24:39Z</time></trkpt>
    <trkpt lat="10.3519735" lon="123.8247393"><ele>498.17</ele><time>2026-09-12T01:24:47Z</time></trkpt>
    <trkpt lat="10.3520372" lon="123.8247737"><ele>499.39</ele><time>2026-09-12T01:24:55Z</time></trkpt>
    <trkpt lat="10.3520812" lon="123.8247944"><ele>502.26</ele><time>2026-09-12T01:25:03Z</time></trkpt>
    <trkpt lat="10.3521195" lon="123.8248198"><ele>507.58</ele><time>2026-09-12T01:25:11Z</time></trkpt>
    <trkpt lat="10.3521389" lon="123.8248533"><ele>490.42</ele><time>2026-09-12T01:25:19Z</time></trkpt>
    <trkpt lat="10.3521889" lon="123.8248554"><ele>490.71</ele><time>2026-09-12T01:25:27Z</time></trkpt>
    <trkpt lat="10.3522281" lon="123.8249149"><ele>492.67</ele><time>2026-09-12T01:25:35Z</time></trkpt>
    <trkpt lat="10.3522848" lon="123.8249400"><ele>492.38</ele><time>2026-09-12T01:25:43Z</time></trkpt>
    <trkpt lat="10.3523007" lon="123.8249412"><ele>490.93</ele><time>2026-09-12T01:25:51Z</time></trkpt>
    <trkpt lat="10.3523445" lon="123.8249568"><ele>495.85</ele><time>2026-09-12T01:25:59Z</time></trkpt>
    <trkpt lat="10.3523799" lon="123.8249043"><ele>495.80</ele><time>2026-09-12T01:26:07Z</time></trkpt>
    <trkpt lat="10.3523634" lon="123.8249135"><ele>491.32</ele><time>2026-09-12T01:26:15Z</time></trkpt>
    <trkpt lat="10.3524161" lon="123.8248690"><ele>492.62</ele><time>2026-09-12T01:26:23Z</time></trkpt>
    <trkpt lat="10.3524198" lon="123.8248769"><ele>497.36</ele><time>2026-09-12T01:26:31Z</time></trkpt>
    <trkpt lat="10.3523927" lon="123.8249021"><ele>491.35</ele><time>2026-09-12T01:26:39Z</time></trkpt>
    <trkpt lat="10.3524249" lon="123.8248829"><ele>488.51</ele><time>2026-09-12T01:26:47Z</time></trkpt>
    <trkpt lat="10.3524881" lon="123.8248629"><ele>486.53</ele><time>2026-09-12T01:26:55Z</time></trkpt>
    <trkpt lat="10.3525466" lon="123.8248678"><ele>486.97</ele><time>2026-09-12T01:27:03Z</time></trkpt>
    <trkpt lat="10.3525820" lon="123.8248924"><ele>484.35</ele><time>2026-09-12T01:27:11Z</time></trkpt>
    <trkpt lat="10.3526264" lon="123.8249057"><ele>484.78</ele><time>2026-09-12T01:27:19Z</time></trkpt>
    <trkpt lat="10.3526704" lon="123.8249345"><ele>479.90</ele><time>2026-09-12T01:27:27Z</time></trkpt>
    <trkpt lat="10.3527050" lon="123.8249420"><ele>482.08</ele><time>2026-09-12T01:27:35Z</time></trkpt>
    <trkpt lat="10.3526889" lon="123.8249463"><ele>481.83</ele><time>2026-09-12T01:27:43Z</time></trkpt>
    <trkpt lat="10.3527038" lon="123.8249464"><ele>480.74</ele><time>2026-09-12T01:27:51Z</time></trkpt>
    <trkpt lat="10.3527673" lon="123.8249366"><ele>480.27</ele><time>2026-09-12T01:27:59Z</time></trkpt>
    <trkpt lat="10.3528221" lon="123.8249111"><ele>478.42</ele><time>2026-09-12T01:28:07Z</time></trkpt>
    <trkpt lat="10.3528555" lon="123.8249109"><ele>477.38</ele><time>2026-09-12T01:28:15Z</time></trkpt>
    <trkpt lat="10.3528231" lon="123.8248674"><ele>472.43</ele><time>2026-09-12T01:28:23Z</time></trkpt>
    <trkpt lat="10.3528435" lon="123.8248760"><ele>470.70</ele><time>2026-09-12T01:28:31Z</time></trkpt>
    <trkpt lat="10.3529029" lon="123.8248509"><ele>474.82</ele><time>2026-09-12T01:28:39Z</time></trkpt>
    <trkpt lat="10.3529530" lon="123.8248384"><ele>477.32</ele><time>2026-09-12T01:28:47Z</time></trkpt>
    <trkpt lat="10.3530305" lon="123.8248541"><ele>472.79</ele><time>2026-09-12T01:28:55Z</time></trkpt>
    <trkpt lat="10.3530830" lon="123.8248372"><ele>472.29</ele><time>2026-09-12T01:29:03Z</time></trkpt>
    <trkpt lat="10.3531136" lon="123.8248308"><ele>469.71</ele><time>2026-09-12T01:29:11Z</time></trkpt>
    <trkpt lat="10.3531432" lon="123.8248279"><ele>468.04</ele><time>2026-09-12T01:29:19Z</time></trkpt>
    <trkpt lat="10.3531841" lon="123.8248267"><ele>469.70</ele><time>2026-09-12T01:29:27Z</time></trkpt>
    <trkpt lat="10.3531998" lon="123.8248292"><ele>471.01</ele><time>2026-09-12T01:29:35Z</time></trkpt>
    <trkpt lat="10.3532176" lon="123.8248344"><ele>462.32</ele><time>2026-09-12T01:29:43Z</time></trkpt>
    <trkpt lat="10.3532069" lon="123.8248477"><ele>464.24</ele><time>2026-09-12T01:29:51Z</time></trkpt>
    <trkpt lat="10.3531884" lon="123.8248338"><ele>462.47</ele><time>2026-09-12T01:29:59Z</time></trkpt>
    <trkpt lat="10.3531659" lon="123.8248299"><ele>465.02</ele><time>2026-09-12T01:30:07Z</time></trkpt>
    <trkpt lat="10.3531622" lon="123.8248359"><ele>467.21</ele><time>2026-09-12T01:30:15Z</time></trkpt>
    <trkpt lat="10.3531724" lon="123.8248311"><ele>466.79</ele><time>2026-09-12T01:30:23Z</time></trkpt>
    <trkpt lat="10.3531825" lon="123.8248439"><ele>465.20</ele><time>2026-09-12T01:30:31Z</time></trkpt>
    <trkpt lat="10.3531761" lon="123.8248381"><ele>465.58</ele><time>2026-09-12T01:30:39Z</time></trkpt>
    <trkpt lat="10.3531661" lon="123.8248270"><ele>463.78</ele><time>2026-09-12T01:30:47Z</time></trkpt>
    <trkpt lat="10.3531670" lon="123.8248212"><ele>463.07</ele><time>2026-09-12T01:30:55Z</time></trkpt>
    <trkpt lat="10.3531687" lon="123.8248162"><ele>460.72</ele><time>2026-09-12T01:31:03Z</time></trkpt>
    <trkpt lat="10.3531750" lon="123.8248077"><ele>457.54</ele><time>2026-09-12T01:31:11Z</time></trkpt>
    <trkpt lat="10.3532349" lon="123.8248816"><ele>470.71</ele><time>2026-09-12T01:31:19Z</time></trkpt>
    <trkpt lat="10.3532393" lon="123.8248820"><ele>468.49</ele><time>2026-09-12T01:31:27Z</time></trkpt>
    <trkpt lat="10.3532059" lon="123.8248327"><ele>460.99</ele><time>2026-09-12T01:31:35Z</time></trkpt>
    <trkpt lat="10.3531992" lon="123.8248248"><ele>466.07</ele><time>2026-09-12T01:31:43Z</time></trkpt>
    <trkpt lat="10.3532191" lon="123.8248190"><ele>463.28</ele><time>2026-09-12T01:31:51Z</time></trkpt>
    <trkpt lat="10.3531972" lon="123.8248148"><ele>458.68</ele><time>2026-09-12T01:31:59Z</time></trkpt>
    <trkpt lat="10.3531957" lon="123.8248231"><ele>461.86</ele><time>2026-09-12T01:32:07Z</time></trkpt>
    <trkpt lat="10.3532087" lon="123.8248388"><ele>464.63</ele><time>2026-09-12T01:32:15Z</time></trkpt>
    <trkpt lat="10.3532025" lon="123.8248305"><ele>464.33</ele><time>2026-09-12T01:32:23Z</time></trkpt>
    <trkpt lat="10.3531923" lon="123.8248232"><ele>463.87</ele><time>2026-09-12T01:32:31Z</time></trkpt>
    <trkpt lat="10.3531945" lon="123.8248254"><ele>465.05</ele><time>2026-09-12T01:32:39Z</time></trkpt>
    <trkpt lat="10.3532170" lon="123.8248506"><ele>465.76</ele><time>2026-09-12T01:32:47Z</time></trkpt>
    <trkpt lat="10.3532254" lon="123.8248599"><ele>467.93</ele><time>2026-09-12T01:32:55Z</time></trkpt>
    <trkpt lat="10.3532292" lon="123.8248685"><ele>468.48</ele><time>2026-09-12T01:33:03Z</time></trkpt>
    <trkpt lat="10.3532151" lon="123.8248589"><ele>464.59</ele><time>2026-09-12T01:33:11Z</time></trkpt>
    <trkpt lat="10.3532111" lon="123.8248429"><ele>463.90</ele><time>2026-09-12T01:33:19Z</time></trkpt>
    <trkpt lat="10.3531990" lon="123.8248649"><ele>460.98</ele><time>2026-09-12T01:33:27Z</time></trkpt>
    <trkpt lat="10.3532008" lon="123.8248618"><ele>462.08</ele><time>2026-09-12T01:33:35Z</time></trkpt>
    <trkpt lat="10.3532320" lon="123.8248638"><ele>466.18</ele><time>2026-09-12T01:33:43Z</time></trkpt>
    <trkpt lat="10.3532260" lon="123.8248543"><ele>468.52</ele><time>2026-09-12T01:33:51Z</time></trkpt>
    <trkpt lat="10.3532139" lon="123.8248497"><ele>470.49</ele><time>2026-09-12T01:33:59Z</time></trkpt>
    <trkpt lat="10.3532345" lon="123.8248345"><ele>470.75</ele><time>2026-09-12T01:34:07Z</time></trkpt>
    <trkpt lat="10.3532483" lon="123.8248337"><ele>471.04</ele><time>2026-09-12T01:34:15Z</time></trkpt>
    <trkpt lat="10.3532472" lon="123.8248336"><ele>469.63</ele><time>2026-09-12T01:34:23Z</time></trkpt>
    <trkpt lat="10.3532440" lon="123.8248334"><ele>469.49</ele><time>2026-09-12T01:34:31Z</time></trkpt>
    <trkpt lat="10.3532403" lon="123.8248388"><ele>468.98</ele><time>2026-09-12T01:34:39Z</time></trkpt>
    <trkpt lat="10.3532393" lon="123.8248407"><ele>468.77</ele><time>2026-09-12T01:34:47Z</time></trkpt>
    <trkpt lat="10.3532367" lon="123.8248395"><ele>468.90</ele><time>2026-09-12T01:34:55Z</time></trkpt>
    <trkpt lat="10.3532350" lon="123.8248402"><ele>468.46</ele><time>2026-09-12T01:35:03Z</time></trkpt>
    <trkpt lat="10.3532688" lon="123.8248421"><ele>472.21</ele><time>2026-09-12T01:35:11Z</time></trkpt>
    <trkpt lat="10.3532756" lon="123.8248570"><ele>472.26</ele><time>2026-09-12T01:35:19Z</time></trkpt>
    <trkpt lat="10.3532689" lon="123.8248606"><ele>471.00</ele><time>2026-09-12T01:35:27Z</time></trkpt>
    <trkpt lat="10.3532497" lon="123.8248577"><ele>467.62</ele><time>2026-09-12T01:35:35Z</time></trkpt>
    <trkpt lat="10.3532342" lon="123.8248599"><ele>466.80</ele><time>2026-09-12T01:35:43Z</time></trkpt>
    <trkpt lat="10.3532325" lon="123.8248561"><ele>467.39</ele><time>2026-09-12T01:35:51Z</time></trkpt>
    <trkpt lat="10.3532298" lon="123.8248550"><ele>468.29</ele><time>2026-09-12T01:35:59Z</time></trkpt>
    <trkpt lat="10.3532180" lon="123.8248346"><ele>464.97</ele><time>2026-09-12T01:36:07Z</time></trkpt>
    <trkpt lat="10.3532229" lon="123.8248336"><ele>466.08</ele><time>2026-09-12T01:36:15Z</time></trkpt>
    <trkpt lat="10.3532261" lon="123.8248276"><ele>463.39</ele><time>2026-09-12T01:36:23Z</time></trkpt>
    <trkpt lat="10.3532228" lon="123.8248309"><ele>462.42</ele><time>2026-09-12T01:36:31Z</time></trkpt>
    <trkpt lat="10.3532197" lon="123.8248361"><ele>461.08</ele><time>2026-09-12T01:36:39Z</time></trkpt>
    <trkpt lat="10.3532161" lon="123.8248445"><ele>461.60</ele><time>2026-09-12T01:36:47Z</time></trkpt>
    <trkpt lat="10.3532214" lon="123.8248506"><ele>460.93</ele><time>2026-09-12T01:36:55Z</time></trkpt>
    <trkpt lat="10.3532354" lon="123.8248487"><ele>461.60</ele><time>2026-09-12T01:37:03Z</time></trkpt>
    <trkpt lat="10.3532521" lon="123.8248520"><ele>461.41</ele><time>2026-09-12T01:37:11Z</time></trkpt>
    <trkpt lat="10.3532635" lon="123.8248507"><ele>459.62</ele><time>2026-09-12T01:37:19Z</time></trkpt>
    <trkpt lat="10.3532981" lon="123.8248371"><ele>464.47</ele><time>2026-09-12T01:37:27Z</time></trkpt>
    <trkpt lat="10.3533062" lon="123.8248363"><ele>462.15</ele><time>2026-09-12T01:37:35Z</time></trkpt>
    <trkpt lat="10.3533424" lon="123.8248427"><ele>457.77</ele><time>2026-09-12T01:37:43Z</time></trkpt>
    <trkpt lat="10.3533666" lon="123.8248571"><ele>462.35</ele><time>2026-09-12T01:37:51Z</time></trkpt>
    <trkpt lat="10.3533943" lon="123.8248453"><ele>456.37</ele><time>2026-09-12T01:37:59Z</time></trkpt>
    <trkpt lat="10.3534173" lon="123.8248339"><ele>455.76</ele><time>2026-09-12T01:38:07Z</time></trkpt>
    <trkpt lat="10.3534047" lon="123.8248350"><ele>455.72</ele><time>2026-09-12T01:38:15Z</time></trkpt>
    <trkpt lat="10.3534221" lon="123.8248187"><ele>449.59</ele><time>2026-09-12T01:38:23Z</time></trkpt>
    <trkpt lat="10.3534436" lon="123.8248158"><ele>448.96</ele><time>2026-09-12T01:38:31Z</time></trkpt>
    <trkpt lat="10.3534924" lon="123.8248263"><ele>454.25</ele><time>2026-09-12T01:38:39Z</time></trkpt>
    <trkpt lat="10.3535324" lon="123.8248208"><ele>455.80</ele><time>2026-09-12T01:38:47Z</time></trkpt>
    <trkpt lat="10.3535601" lon="123.8248432"><ele>454.16</ele><time>2026-09-12T01:38:55Z</time></trkpt>
    <trkpt lat="10.3536062" lon="123.8248590"><ele>450.60</ele><time>2026-09-12T01:39:03Z</time></trkpt>
    <trkpt lat="10.3536218" lon="123.8248621"><ele>447.62</ele><time>2026-09-12T01:39:11Z</time></trkpt>
    <trkpt lat="10.3536832" lon="123.8248764"><ele>446.98</ele><time>2026-09-12T01:39:19Z</time></trkpt>
    <trkpt lat="10.3537408" lon="123.8249004"><ele>451.90</ele><time>2026-09-12T01:39:27Z</time></trkpt>
    <trkpt lat="10.3536823" lon="123.8249546"><ele>447.24</ele><time>2026-09-12T01:39:35Z</time></trkpt>
    <trkpt lat="10.3537323" lon="123.8250171"><ele>443.68</ele><time>2026-09-12T01:39:43Z</time></trkpt>
    <trkpt lat="10.3537458" lon="123.8250007"><ele>438.81</ele><time>2026-09-12T01:39:51Z</time></trkpt>
    <trkpt lat="10.3537934" lon="123.8250285"><ele>445.02</ele><time>2026-09-12T01:39:59Z</time></trkpt>
    <trkpt lat="10.3538211" lon="123.8250023"><ele>441.72</ele><time>2026-09-12T01:40:07Z</time></trkpt>
    <trkpt lat="10.3538697" lon="123.8249933"><ele>442.39</ele><time>2026-09-12T01:40:15Z</time></trkpt>
    <trkpt lat="10.3539293" lon="123.8250372"><ele>440.16</ele><time>2026-09-12T01:40:23Z</time></trkpt>
    <trkpt lat="10.3539726" lon="123.8250715"><ele>441.77</ele><time>2026-09-12T01:40:31Z</time></trkpt>
    <trkpt lat="10.3540267" lon="123.8250746"><ele>440.05</ele><time>2026-09-12T01:40:39Z</time></trkpt>
    <trkpt lat="10.3540642" lon="123.8250737"><ele>439.52</ele><time>2026-09-12T01:40:47Z</time></trkpt>
    <trkpt lat="10.3540970" lon="123.8250537"><ele>438.37</ele><time>2026-09-12T01:40:55Z</time></trkpt>
    <trkpt lat="10.3541405" lon="123.8250713"><ele>439.97</ele><time>2026-09-12T01:41:03Z</time></trkpt>
    <trkpt lat="10.3541786" lon="123.8250795"><ele>432.63</ele><time>2026-09-12T01:41:11Z</time></trkpt>
    <trkpt lat="10.3542078" lon="123.8250910"><ele>432.06</ele><time>2026-09-12T01:41:19Z</time></trkpt>
    <trkpt lat="10.3542530" lon="123.8250688"><ele>432.51</ele><time>2026-09-12T01:41:27Z</time></trkpt>
    <trkpt lat="10.3542551" lon="123.8250840"><ele>431.29</ele><time>2026-09-12T01:41:35Z</time></trkpt>
    <trkpt lat="10.3542971" lon="123.8250879"><ele>429.21</ele><time>2026-09-12T01:41:43Z</time></trkpt>
    <trkpt lat="10.3542963" lon="123.8250682"><ele>426.63</ele><time>2026-09-12T01:41:51Z</time></trkpt>
    <trkpt lat="10.3543361" lon="123.8250630"><ele>429.16</ele><time>2026-09-12T01:41:59Z</time></trkpt>
    <trkpt lat="10.3543731" lon="123.8250625"><ele>430.55</ele><time>2026-09-12T01:42:07Z</time></trkpt>
    <trkpt lat="10.3543430" lon="123.8250310"><ele>424.30</ele><time>2026-09-12T01:42:15Z</time></trkpt>
    <trkpt lat="10.3543435" lon="123.8250281"><ele>420.89</ele><time>2026-09-12T01:42:23Z</time></trkpt>
    <trkpt lat="10.3544831" lon="123.8250434"><ele>422.92</ele><time>2026-09-12T01:42:31Z</time></trkpt>
    <trkpt lat="10.3545740" lon="123.8250651"><ele>424.82</ele><time>2026-09-12T01:42:39Z</time></trkpt>
    <trkpt lat="10.3546400" lon="123.8250770"><ele>427.67</ele><time>2026-09-12T01:42:47Z</time></trkpt>
    <trkpt lat="10.3547003" lon="123.8250913"><ele>424.39</ele><time>2026-09-12T01:42:55Z</time></trkpt>
    <trkpt lat="10.3547451" lon="123.8250750"><ele>422.00</ele><time>2026-09-12T01:43:03Z</time></trkpt>
    <trkpt lat="10.3547987" lon="123.8251067"><ele>420.41</ele><time>2026-09-12T01:43:11Z</time></trkpt>
    <trkpt lat="10.3548347" lon="123.8251368"><ele>420.44</ele><time>2026-09-12T01:43:19Z</time></trkpt>
    <trkpt lat="10.3549078" lon="123.8251574"><ele>426.70</ele><time>2026-09-12T01:43:27Z</time></trkpt>
    <trkpt lat="10.3549319" lon="123.8252198"><ele>429.97</ele><time>2026-09-12T01:43:35Z</time></trkpt>
    <trkpt lat="10.3548880" lon="123.8252203"><ele>425.07</ele><time>2026-09-12T01:43:43Z</time></trkpt>
    <trkpt lat="10.3549019" lon="123.8252294"><ele>417.93</ele><time>2026-09-12T01:43:51Z</time></trkpt>
    <trkpt lat="10.3549504" lon="123.8252524"><ele>415.48</ele><time>2026-09-12T01:43:59Z</time></trkpt>
    <trkpt lat="10.3549750" lon="123.8252337"><ele>415.45</ele><time>2026-09-12T01:44:07Z</time></trkpt>
    <trkpt lat="10.3549777" lon="123.8252321"><ele>410.25</ele><time>2026-09-12T01:44:15Z</time></trkpt>
    <trkpt lat="10.3550140" lon="123.8252759"><ele>419.91</ele><time>2026-09-12T01:44:23Z</time></trkpt>
    <trkpt lat="10.3550111" lon="123.8252685"><ele>417.78</ele><time>2026-09-12T01:44:31Z</time></trkpt>
    <trkpt lat="10.3550116" lon="123.8252574"><ele>412.02</ele><time>2026-09-12T01:44:39Z</time></trkpt>
    <trkpt lat="10.3550085" lon="123.8252589"><ele>404.52</ele><time>2026-09-12T01:44:47Z</time></trkpt>
    <trkpt lat="10.3550105" lon="123.8252976"><ele>409.63</ele><time>2026-09-12T01:44:55Z</time></trkpt>
    <trkpt lat="10.3550500" lon="123.8253198"><ele>409.73</ele><time>2026-09-12T01:45:03Z</time></trkpt>
    <trkpt lat="10.3550638" lon="123.8253211"><ele>410.59</ele><time>2026-09-12T01:45:11Z</time></trkpt>
    <trkpt lat="10.3550798" lon="123.8253138"><ele>407.35</ele><time>2026-09-12T01:45:19Z</time></trkpt>
    <trkpt lat="10.3550798" lon="123.8253512"><ele>412.06</ele><time>2026-09-12T01:45:27Z</time></trkpt>
    <trkpt lat="10.3550854" lon="123.8253371"><ele>409.45</ele><time>2026-09-12T01:45:35Z</time></trkpt>
    <trkpt lat="10.3550786" lon="123.8253144"><ele>408.87</ele><time>2026-09-12T01:45:43Z</time></trkpt>
    <trkpt lat="10.3550716" lon="123.8253081"><ele>407.92</ele><time>2026-09-12T01:45:51Z</time></trkpt>
    <trkpt lat="10.3550745" lon="123.8253187"><ele>406.66</ele><time>2026-09-12T01:45:59Z</time></trkpt>
    <trkpt lat="10.3550841" lon="123.8253134"><ele>407.09</ele><time>2026-09-12T01:46:07Z</time></trkpt>
    <trkpt lat="10.3550792" lon="123.8253042"><ele>408.32</ele><time>2026-09-12T01:46:15Z</time></trkpt>
    <trkpt lat="10.3550689" lon="123.8253259"><ele>411.40</ele><time>2026-09-12T01:46:23Z</time></trkpt>
    <trkpt lat="10.3551176" lon="123.8252846"><ele>403.15</ele><time>2026-09-12T01:46:31Z</time></trkpt>
    <trkpt lat="10.3551183" lon="123.8253008"><ele>404.68</ele><time>2026-09-12T01:46:39Z</time></trkpt>
    <trkpt lat="10.3551246" lon="123.8253011"><ele>405.84</ele><time>2026-09-12T01:46:47Z</time></trkpt>
    <trkpt lat="10.3551670" lon="123.8252343"><ele>408.32</ele><time>2026-09-12T01:46:55Z</time></trkpt>
    <trkpt lat="10.3552118" lon="123.8251869"><ele>412.40</ele><time>2026-09-12T01:47:03Z</time></trkpt>
    <trkpt lat="10.3552238" lon="123.8251520"><ele>408.31</ele><time>2026-09-12T01:47:11Z</time></trkpt>
    <trkpt lat="10.3552687" lon="123.8251641"><ele>410.41</ele><time>2026-09-12T01:47:19Z</time></trkpt>
    <trkpt lat="10.3553380" lon="123.8251860"><ele>416.13</ele><time>2026-09-12T01:47:27Z</time></trkpt>
    <trkpt lat="10.3554205" lon="123.8251760"><ele>416.53</ele><time>2026-09-12T01:47:35Z</time></trkpt>
    <trkpt lat="10.3554567" lon="123.8251467"><ele>412.74</ele><time>2026-09-12T01:47:43Z</time></trkpt>
    <trkpt lat="10.3554848" lon="123.8251509"><ele>408.24</ele><time>2026-09-12T01:47:51Z</time></trkpt>
    <trkpt lat="10.3555243" lon="123.8251531"><ele>406.76</ele><time>2026-09-12T01:47:59Z</time></trkpt>
    <trkpt lat="10.3555406" lon="123.8251671"><ele>404.22</ele><time>2026-09-12T01:48:07Z</time></trkpt>
    <trkpt lat="10.3555500" lon="123.8251956"><ele>399.93</ele><time>2026-09-12T01:48:15Z</time></trkpt>
    <trkpt lat="10.3555903" lon="123.8252124"><ele>405.52</ele><time>2026-09-12T01:48:23Z</time></trkpt>
    <trkpt lat="10.3556107" lon="123.8252602"><ele>400.33</ele><time>2026-09-12T01:48:31Z</time></trkpt>
    <trkpt lat="10.3556455" lon="123.8252317"><ele>404.19</ele><time>2026-09-12T01:48:39Z</time></trkpt>
    <trkpt lat="10.3556468" lon="123.8252188"><ele>399.16</ele><time>2026-09-12T01:48:47Z</time></trkpt>
    <trkpt lat="10.3556577" lon="123.8252232"><ele>402.96</ele><time>2026-09-12T01:48:55Z</time></trkpt>
    <trkpt lat="10.3557038" lon="123.8253303"><ele>403.15</ele><time>2026-09-12T01:49:03Z</time></trkpt>
    <trkpt lat="10.3557050" lon="123.8254145"><ele>402.94</ele><time>2026-09-12T01:49:11Z</time></trkpt>
    <trkpt lat="10.3557227" lon="123.8254542"><ele>401.52</ele><time>2026-09-12T01:49:19Z</time></trkpt>
    <trkpt lat="10.3557624" lon="123.8255147"><ele>407.87</ele><time>2026-09-12T01:49:27Z</time></trkpt>
    <trkpt lat="10.3557654" lon="123.8255305"><ele>406.05</ele><time>2026-09-12T01:49:35Z</time></trkpt>
    <trkpt lat="10.3558040" lon="123.8256300"><ele>403.32</ele><time>2026-09-12T01:49:43Z</time></trkpt>
    <trkpt lat="10.3557669" lon="123.8256146"><ele>399.65</ele><time>2026-09-12T01:49:51Z</time></trkpt>
    <trkpt lat="10.3557384" lon="123.8256348"><ele>392.59</ele><time>2026-09-12T01:49:59Z</time></trkpt>
    <trkpt lat="10.3556906" lon="123.8257055"><ele>390.60</ele><time>2026-09-12T01:50:07Z</time></trkpt>
    <trkpt lat="10.3557208" lon="123.8257333"><ele>386.66</ele><time>2026-09-12T01:50:15Z</time></trkpt>
    <trkpt lat="10.3557419" lon="123.8257588"><ele>386.12</ele><time>2026-09-12T01:50:23Z</time></trkpt>
    <trkpt lat="10.3558094" lon="123.8257942"><ele>391.31</ele><time>2026-09-12T01:50:31Z</time></trkpt>
    <trkpt lat="10.3558205" lon="123.8258245"><ele>391.21</ele><time>2026-09-12T01:50:36Z</time></trkpt>
    <trkpt lat="10.3559007" lon="123.8258620"><ele>391.77</ele><time>2026-09-12T01:50:47Z</time></trkpt>
    <trkpt lat="10.3559278" lon="123.8258662"><ele>391.96</ele><time>2026-09-12T01:50:55Z</time></trkpt>
    <trkpt lat="10.3559615" lon="123.8258733"><ele>391.50</ele><time>2026-09-12T01:51:03Z</time></trkpt>
    <trkpt lat="10.3559897" lon="123.8258782"><ele>393.43</ele><time>2026-09-12T01:51:11Z</time></trkpt>
    <trkpt lat="10.3560037" lon="123.8258914"><ele>391.75</ele><time>2026-09-12T01:51:19Z</time></trkpt>
    <trkpt lat="10.3561284" lon="123.8259606"><ele>392.71</ele><time>2026-09-12T01:51:27Z</time></trkpt>
    <trkpt lat="10.3561443" lon="123.8259855"><ele>389.10</ele><time>2026-09-12T01:51:35Z</time></trkpt>
    <trkpt lat="10.3561675" lon="123.8260142"><ele>385.24</ele><time>2026-09-12T01:51:43Z</time></trkpt>
    <trkpt lat="10.3561844" lon="123.8260276"><ele>387.72</ele><time>2026-09-12T01:51:51Z</time></trkpt>
    <trkpt lat="10.3561952" lon="123.8260253"><ele>387.25</ele><time>2026-09-12T01:51:59Z</time></trkpt>
    <trkpt lat="10.3562080" lon="123.8260281"><ele>386.61</ele><time>2026-09-12T01:52:07Z</time></trkpt>
    <trkpt lat="10.3562192" lon="123.8260322"><ele>384.56</ele><time>2026-09-12T01:52:15Z</time></trkpt>
    <trkpt lat="10.3562285" lon="123.8260368"><ele>383.71</ele><time>2026-09-12T01:52:23Z</time></trkpt>
    <trkpt lat="10.3562375" lon="123.8260359"><ele>381.03</ele><time>2026-09-12T01:52:31Z</time></trkpt>
    <trkpt lat="10.3562405" lon="123.8260365"><ele>379.64</ele><time>2026-09-12T01:52:39Z</time></trkpt>
    <trkpt lat="10.3562467" lon="123.8260431"><ele>379.93</ele><time>2026-09-12T01:52:47Z</time></trkpt>
    <trkpt lat="10.3562510" lon="123.8260497"><ele>379.67</ele><time>2026-09-12T01:52:55Z</time></trkpt>
    <trkpt lat="10.3562540" lon="123.8260594"><ele>380.19</ele><time>2026-09-12T01:53:03Z</time></trkpt>
    <trkpt lat="10.3562570" lon="123.8260658"><ele>380.46</ele><time>2026-09-12T01:53:11Z</time></trkpt>
    <trkpt lat="10.3562639" lon="123.8260718"><ele>379.41</ele><time>2026-09-12T01:53:19Z</time></trkpt>
    <trkpt lat="10.3562722" lon="123.8260755"><ele>377.88</ele><time>2026-09-12T01:53:27Z</time></trkpt>
    <trkpt lat="10.3562751" lon="123.8260797"><ele>378.02</ele><time>2026-09-12T01:53:35Z</time></trkpt>
    <trkpt lat="10.3562781" lon="123.8260850"><ele>378.36</ele><time>2026-09-12T01:53:43Z</time></trkpt>
    <trkpt lat="10.3562823" lon="123.8260919"><ele>377.84</ele><time>2026-09-12T01:53:52Z</time></trkpt>
    <trkpt lat="10.3562845" lon="123.8260990"><ele>377.49</ele><time>2026-09-12T01:53:59Z</time></trkpt>
    <trkpt lat="10.3562884" lon="123.8261124"><ele>375.81</ele><time>2026-09-12T01:54:08Z</time></trkpt>
    <trkpt lat="10.3562894" lon="123.8261161"><ele>375.42</ele><time>2026-09-12T01:54:15Z</time></trkpt>
    <trkpt lat="10.3562965" lon="123.8261189"><ele>375.81</ele><time>2026-09-12T01:54:24Z</time></trkpt>
    <trkpt lat="10.3562974" lon="123.8261255"><ele>375.57</ele><time>2026-09-12T01:54:31Z</time></trkpt>
    <trkpt lat="10.3562997" lon="123.8261368"><ele>374.77</ele><time>2026-09-12T01:54:39Z</time></trkpt>
    <trkpt lat="10.3563037" lon="123.8261417"><ele>374.36</ele><time>2026-09-12T01:54:47Z</time></trkpt>
    <trkpt lat="10.3563057" lon="123.8261489"><ele>373.90</ele><time>2026-09-12T01:54:55Z</time></trkpt>
    <trkpt lat="10.3563031" lon="123.8261539"><ele>373.87</ele><time>2026-09-12T01:55:03Z</time></trkpt>
    <trkpt lat="10.3562890" lon="123.8261625"><ele>374.57</ele><time>2026-09-12T01:55:12Z</time></trkpt>
    <trkpt lat="10.3562787" lon="123.8261712"><ele>374.22</ele><time>2026-09-12T01:55:19Z</time></trkpt>
    <trkpt lat="10.3562633" lon="123.8261773"><ele>373.60</ele><time>2026-09-12T01:55:28Z</time></trkpt>
    <trkpt lat="10.3562556" lon="123.8261804"><ele>373.31</ele><time>2026-09-12T01:55:35Z</time></trkpt>
    <trkpt lat="10.3562476" lon="123.8261852"><ele>373.83</ele><time>2026-09-12T01:55:43Z</time></trkpt>
    <trkpt lat="10.3562362" lon="123.8261938"><ele>374.28</ele><time>2026-09-12T01:55:51Z</time></trkpt>
    <trkpt lat="10.3562298" lon="123.8262039"><ele>374.20</ele><time>2026-09-12T01:55:59Z</time></trkpt>
    <trkpt lat="10.3562182" lon="123.8262192"><ele>374.34</ele><time>2026-09-12T01:56:08Z</time></trkpt>
    <trkpt lat="10.3562129" lon="123.8262260"><ele>374.59</ele><time>2026-09-12T01:56:16Z</time></trkpt>
    <trkpt lat="10.3562097" lon="123.8262338"><ele>374.73</ele><time>2026-09-12T01:56:23Z</time></trkpt>
    <trkpt lat="10.3562132" lon="123.8262403"><ele>374.79</ele><time>2026-09-12T01:56:31Z</time></trkpt>
    <trkpt lat="10.3562183" lon="123.8262409"><ele>374.71</ele><time>2026-09-12T01:56:39Z</time></trkpt>
    <trkpt lat="10.3562259" lon="123.8262398"><ele>374.50</ele><time>2026-09-12T01:56:47Z</time></trkpt>
    <trkpt lat="10.3562363" lon="123.8262400"><ele>374.21</ele><time>2026-09-12T01:56:55Z</time></trkpt>
    <trkpt lat="10.3562474" lon="123.8262414"><ele>373.87</ele><time>2026-09-12T01:57:03Z</time></trkpt>
    <trkpt lat="10.3562575" lon="123.8262417"><ele>373.24</ele><time>2026-09-12T01:57:11Z</time></trkpt>
    <trkpt lat="10.3562672" lon="123.8262419"><ele>372.74</ele><time>2026-09-12T01:57:19Z</time></trkpt>
    <trkpt lat="10.3562783" lon="123.8262459"><ele>372.16</ele><time>2026-09-12T01:57:27Z</time></trkpt>
    <trkpt lat="10.3563705" lon="123.8262564"><ele>367.70</ele><time>2026-09-12T01:57:35Z</time></trkpt>
    <trkpt lat="10.3564555" lon="123.8262655"><ele>367.23</ele><time>2026-09-12T01:57:43Z</time></trkpt>
    <trkpt lat="10.3564640" lon="123.8262613"><ele>365.81</ele><time>2026-09-12T01:57:51Z</time></trkpt>
    <trkpt lat="10.3564829" lon="123.8262564"><ele>363.43</ele><time>2026-09-12T01:57:59Z</time></trkpt>
    <trkpt lat="10.3565927" lon="123.8262346"><ele>362.47</ele><time>2026-09-12T01:58:07Z</time></trkpt>
    <trkpt lat="10.3566694" lon="123.8262541"><ele>363.83</ele><time>2026-09-12T01:58:15Z</time></trkpt>
    <trkpt lat="10.3567328" lon="123.8262387"><ele>360.68</ele><time>2026-09-12T01:58:23Z</time></trkpt>
    <trkpt lat="10.3567809" lon="123.8262730"><ele>362.20</ele><time>2026-09-12T01:58:31Z</time></trkpt>
    <trkpt lat="10.3567482" lon="123.8263176"><ele>364.03</ele><time>2026-09-12T01:58:39Z</time></trkpt>
    <trkpt lat="10.3567196" lon="123.8263275"><ele>352.17</ele><time>2026-09-12T01:58:47Z</time></trkpt>
    <trkpt lat="10.3567030" lon="123.8263499"><ele>353.27</ele><time>2026-09-12T01:58:55Z</time></trkpt>
    <trkpt lat="10.3567555" lon="123.8264107"><ele>354.81</ele><time>2026-09-12T01:59:03Z</time></trkpt>
    <trkpt lat="10.3568042" lon="123.8264558"><ele>350.13</ele><time>2026-09-12T01:59:11Z</time></trkpt>
    <trkpt lat="10.3567734" lon="123.8264591"><ele>348.79</ele><time>2026-09-12T01:59:19Z</time></trkpt>
    <trkpt lat="10.3568030" lon="123.8264465"><ele>348.07</ele><time>2026-09-12T01:59:27Z</time></trkpt>
    <trkpt lat="10.3568465" lon="123.8264386"><ele>350.40</ele><time>2026-09-12T01:59:35Z</time></trkpt>
    <trkpt lat="10.3568938" lon="123.8264092"><ele>353.57</ele><time>2026-09-12T01:59:43Z</time></trkpt>
    <trkpt lat="10.3569405" lon="123.8264757"><ele>347.16</ele><time>2026-09-12T01:59:51Z</time></trkpt>
    <trkpt lat="10.3569724" lon="123.8264712"><ele>350.02</ele><time>2026-09-12T01:59:59Z</time></trkpt>
    <trkpt lat="10.3569585" lon="123.8264678"><ele>349.75</ele><time>2026-09-12T02:00:07Z</time></trkpt>
    <trkpt lat="10.3569622" lon="123.8264858"><ele>346.17</ele><time>2026-09-12T02:00:15Z</time></trkpt>
    <trkpt lat="10.3570215" lon="123.8265543"><ele>348.13</ele><time>2026-09-12T02:00:23Z</time></trkpt>
    <trkpt lat="10.3570101" lon="123.8265856"><ele>344.86</ele><time>2026-09-12T02:00:31Z</time></trkpt>
    <trkpt lat="10.3570360" lon="123.8265664"><ele>339.51</ele><time>2026-09-12T02:00:39Z</time></trkpt>
    <trkpt lat="10.3570896" lon="123.8265103"><ele>340.72</ele><time>2026-09-12T02:00:47Z</time></trkpt>
    <trkpt lat="10.3571416" lon="123.8265009"><ele>347.60</ele><time>2026-09-12T02:00:55Z</time></trkpt>
    <trkpt lat="10.3571692" lon="123.8265058"><ele>338.14</ele><time>2026-09-12T02:01:03Z</time></trkpt>
    <trkpt lat="10.3571221" lon="123.8265537"><ele>337.21</ele><time>2026-09-12T02:01:11Z</time></trkpt>
    <trkpt lat="10.3571491" lon="123.8265693"><ele>339.26</ele><time>2026-09-12T02:01:19Z</time></trkpt>
    <trkpt lat="10.3571590" lon="123.8265803"><ele>332.53</ele><time>2026-09-12T02:01:27Z</time></trkpt>
    <trkpt lat="10.3571740" lon="123.8266022"><ele>331.01</ele><time>2026-09-12T02:01:35Z</time></trkpt>
    <trkpt lat="10.3572178" lon="123.8265886"><ele>330.71</ele><time>2026-09-12T02:01:43Z</time></trkpt>
    <trkpt lat="10.3572400" lon="123.8265747"><ele>332.40</ele><time>2026-09-12T02:01:51Z</time></trkpt>
    <trkpt lat="10.3573039" lon="123.8265487"><ele>335.81</ele><time>2026-09-12T02:01:59Z</time></trkpt>
    <trkpt lat="10.3573369" lon="123.8265185"><ele>330.19</ele><time>2026-09-12T02:02:07Z</time></trkpt>
    <trkpt lat="10.3573534" lon="123.8265100"><ele>332.91</ele><time>2026-09-12T02:02:15Z</time></trkpt>
    <trkpt lat="10.3573629" lon="123.8265065"><ele>332.10</ele><time>2026-09-12T02:02:23Z</time></trkpt>
    <trkpt lat="10.3573825" lon="123.8265136"><ele>331.76</ele><time>2026-09-12T02:02:31Z</time></trkpt>
    <trkpt lat="10.3574171" lon="123.8265084"><ele>323.21</ele><time>2026-09-12T02:02:39Z</time></trkpt>
    <trkpt lat="10.3574499" lon="123.8264755"><ele>327.04</ele><time>2026-09-12T02:02:47Z</time></trkpt>
    <trkpt lat="10.3574507" lon="123.8263941"><ele>325.82</ele><time>2026-09-12T02:02:55Z</time></trkpt>
    <trkpt lat="10.3574164" lon="123.8263790"><ele>320.87</ele><time>2026-09-12T02:03:03Z</time></trkpt>
    <trkpt lat="10.3574330" lon="123.8263909"><ele>325.08</ele><time>2026-09-12T02:03:11Z</time></trkpt>
    <trkpt lat="10.3574695" lon="123.8263383"><ele>317.36</ele><time>2026-09-12T02:03:19Z</time></trkpt>
    <trkpt lat="10.3575015" lon="123.8262920"><ele>317.30</ele><time>2026-09-12T02:03:27Z</time></trkpt>
    <trkpt lat="10.3575276" lon="123.8263119"><ele>315.82</ele><time>2026-09-12T02:03:35Z</time></trkpt>
    <trkpt lat="10.3574925" lon="123.8263363"><ele>315.06</ele><time>2026-09-12T02:03:43Z</time></trkpt>
    <trkpt lat="10.3575746" lon="123.8263407"><ele>319.53</ele><time>2026-09-12T02:03:51Z</time></trkpt>
    <trkpt lat="10.3576811" lon="123.8262998"><ele>320.42</ele><time>2026-09-12T02:03:59Z</time></trkpt>
    <trkpt lat="10.3577632" lon="123.8263466"><ele>326.03</ele><time>2026-09-12T02:04:07Z</time></trkpt>
    <trkpt lat="10.3577733" lon="123.8263597"><ele>324.78</ele><time>2026-09-12T02:04:15Z</time></trkpt>
    <trkpt lat="10.3578028" lon="123.8263560"><ele>321.38</ele><time>2026-09-12T02:04:23Z</time></trkpt>
    <trkpt lat="10.3578142" lon="123.8263648"><ele>316.62</ele><time>2026-09-12T02:04:31Z</time></trkpt>
    <trkpt lat="10.3578904" lon="123.8263789"><ele>318.36</ele><time>2026-09-12T02:04:39Z</time></trkpt>
    <trkpt lat="10.3579582" lon="123.8263667"><ele>313.73</ele><time>2026-09-12T02:04:47Z</time></trkpt>
    <trkpt lat="10.3579882" lon="123.8263280"><ele>318.17</ele><time>2026-09-12T02:04:55Z</time></trkpt>
    <trkpt lat="10.3579749" lon="123.8262913"><ele>317.13</ele><time>2026-09-12T02:05:03Z</time></trkpt>
    <trkpt lat="10.3580310" lon="123.8263215"><ele>314.74</ele><time>2026-09-12T02:05:11Z</time></trkpt>
    <trkpt lat="10.3580333" lon="123.8263087"><ele>315.35</ele><time>2026-09-12T02:05:19Z</time></trkpt>
    <trkpt lat="10.3580461" lon="123.8263089"><ele>317.42</ele><time>2026-09-12T02:05:27Z</time></trkpt>
    <trkpt lat="10.3580599" lon="123.8263097"><ele>316.57</ele><time>2026-09-12T02:05:35Z</time></trkpt>
    <trkpt lat="10.3580632" lon="123.8263287"><ele>316.46</ele><time>2026-09-12T02:05:43Z</time></trkpt>
    <trkpt lat="10.3580617" lon="123.8263310"><ele>316.02</ele><time>2026-09-12T02:05:51Z</time></trkpt>
    <trkpt lat="10.3580705" lon="123.8263107"><ele>316.00</ele><time>2026-09-12T02:06:00Z</time></trkpt>
    <trkpt lat="10.3580385" lon="123.8262998"><ele>318.99</ele><time>2026-09-12T02:06:07Z</time></trkpt>
    <trkpt lat="10.3580618" lon="123.8262878"><ele>320.61</ele><time>2026-09-12T02:06:15Z</time></trkpt>
    <trkpt lat="10.3580781" lon="123.8262846"><ele>320.38</ele><time>2026-09-12T02:06:23Z</time></trkpt>
    <trkpt lat="10.3580762" lon="123.8262847"><ele>317.42</ele><time>2026-09-12T02:06:31Z</time></trkpt>
    <trkpt lat="10.3580640" lon="123.8262769"><ele>316.51</ele><time>2026-09-12T02:06:39Z</time></trkpt>
    <trkpt lat="10.3580090" lon="123.8263512"><ele>312.19</ele><time>2026-09-12T02:06:47Z</time></trkpt>
    <trkpt lat="10.3580958" lon="123.8263575"><ele>320.33</ele><time>2026-09-12T02:06:55Z</time></trkpt>
    <trkpt lat="10.3581400" lon="123.8263615"><ele>315.50</ele><time>2026-09-12T02:07:03Z</time></trkpt>
    <trkpt lat="10.3581230" lon="123.8263486"><ele>323.76</ele><time>2026-09-12T02:07:11Z</time></trkpt>
    <trkpt lat="10.3581125" lon="123.8263433"><ele>323.20</ele><time>2026-09-12T02:07:19Z</time></trkpt>
    <trkpt lat="10.3581077" lon="123.8263403"><ele>322.96</ele><time>2026-09-12T02:07:27Z</time></trkpt>
    <trkpt lat="10.3580620" lon="123.8263337"><ele>319.31</ele><time>2026-09-12T02:07:35Z</time></trkpt>
    <trkpt lat="10.3580481" lon="123.8263249"><ele>322.31</ele><time>2026-09-12T02:07:43Z</time></trkpt>
    <trkpt lat="10.3580442" lon="123.8263209"><ele>321.77</ele><time>2026-09-12T02:07:51Z</time></trkpt>
    <trkpt lat="10.3580376" lon="123.8263303"><ele>319.11</ele><time>2026-09-12T02:07:59Z</time></trkpt>
    <trkpt lat="10.3580219" lon="123.8263243"><ele>318.32</ele><time>2026-09-12T02:08:07Z</time></trkpt>
    <trkpt lat="10.3580465" lon="123.8262651"><ele>314.93</ele><time>2026-09-12T02:08:15Z</time></trkpt>
    <trkpt lat="10.3581272" lon="123.8261802"><ele>319.12</ele><time>2026-09-12T02:08:23Z</time></trkpt>
    <trkpt lat="10.3581874" lon="123.8261918"><ele>307.50</ele><time>2026-09-12T02:08:31Z</time></trkpt>
    <trkpt lat="10.3582031" lon="123.8261382"><ele>304.37</ele><time>2026-09-12T02:08:39Z</time></trkpt>
    <trkpt lat="10.3582043" lon="123.8260626"><ele>309.06</ele><time>2026-09-12T02:08:47Z</time></trkpt>
    <trkpt lat="10.3582218" lon="123.8260206"><ele>308.99</ele><time>2026-09-12T02:08:55Z</time></trkpt>
    <trkpt lat="10.3582758" lon="123.8260030"><ele>305.11</ele><time>2026-09-12T02:09:03Z</time></trkpt>
    <trkpt lat="10.3583333" lon="123.8260297"><ele>305.44</ele><time>2026-09-12T02:09:11Z</time></trkpt>
    <trkpt lat="10.3583432" lon="123.8259894"><ele>309.73</ele><time>2026-09-12T02:09:19Z</time></trkpt>
    <trkpt lat="10.3583919" lon="123.8259575"><ele>307.11</ele><time>2026-09-12T02:09:27Z</time></trkpt>
    <trkpt lat="10.3584438" lon="123.8259688"><ele>304.80</ele><time>2026-09-12T02:09:35Z</time></trkpt>
    <trkpt lat="10.3584841" lon="123.8259695"><ele>305.24</ele><time>2026-09-12T02:09:43Z</time></trkpt>
    <trkpt lat="10.3585589" lon="123.8259850"><ele>304.84</ele><time>2026-09-12T02:09:51Z</time></trkpt>
    <trkpt lat="10.3586312" lon="123.8260214"><ele>306.15</ele><time>2026-09-12T02:09:59Z</time></trkpt>
    <trkpt lat="10.3586798" lon="123.8260362"><ele>305.24</ele><time>2026-09-12T02:10:05Z</time></trkpt>
    <trkpt lat="10.3587744" lon="123.8260658"><ele>303.74</ele><time>2026-09-12T02:10:15Z</time></trkpt>
    <trkpt lat="10.3588357" lon="123.8260662"><ele>307.82</ele><time>2026-09-12T02:10:23Z</time></trkpt>
    <trkpt lat="10.3589080" lon="123.8260472"><ele>310.53</ele><time>2026-09-12T02:10:30Z</time></trkpt>
    <trkpt lat="10.3589683" lon="123.8260325"><ele>303.53</ele><time>2026-09-12T02:10:40Z</time></trkpt>
    <trkpt lat="10.3590006" lon="123.8260378"><ele>303.74</ele><time>2026-09-12T02:10:47Z</time></trkpt>
    <trkpt lat="10.3590521" lon="123.8260477"><ele>303.08</ele><time>2026-09-12T02:10:53Z</time></trkpt>
    <trkpt lat="10.3590862" lon="123.8260754"><ele>294.29</ele><time>2026-09-12T02:11:03Z</time></trkpt>
    <trkpt lat="10.3591564" lon="123.8261064"><ele>298.40</ele><time>2026-09-12T02:11:10Z</time></trkpt>
    <trkpt lat="10.3592458" lon="123.8261691"><ele>298.77</ele><time>2026-09-12T02:11:20Z</time></trkpt>
    <trkpt lat="10.3592815" lon="123.8261467"><ele>297.96</ele><time>2026-09-12T02:11:25Z</time></trkpt>
    <trkpt lat="10.3593932" lon="123.8260763"><ele>296.37</ele><time>2026-09-12T02:11:35Z</time></trkpt>
    <trkpt lat="10.3594574" lon="123.8260858"><ele>290.77</ele><time>2026-09-12T02:11:43Z</time></trkpt>
    <trkpt lat="10.3595220" lon="123.8260855"><ele>290.45</ele><time>2026-09-12T02:11:50Z</time></trkpt>
    <trkpt lat="10.3595444" lon="123.8260556"><ele>301.90</ele><time>2026-09-12T02:12:00Z</time></trkpt>
    <trkpt lat="10.3595395" lon="123.8260522"><ele>301.90</ele><time>2026-09-12T02:12:05Z</time></trkpt>
    <trkpt lat="10.3594964" lon="123.8260397"><ele>296.52</ele><time>2026-09-12T02:12:15Z</time></trkpt>
    <trkpt lat="10.3594857" lon="123.8260339"><ele>294.50</ele><time>2026-09-12T02:12:23Z</time></trkpt>
    <trkpt lat="10.3594475" lon="123.8261177"><ele>288.61</ele><time>2026-09-12T02:12:31Z</time></trkpt>
    <trkpt lat="10.3594840" lon="123.8261145"><ele>282.84</ele><time>2026-09-12T02:12:39Z</time></trkpt>
    <trkpt lat="10.3594761" lon="123.8260954"><ele>288.99</ele><time>2026-09-12T02:12:47Z</time></trkpt>
    <trkpt lat="10.3594665" lon="123.8260773"><ele>289.03</ele><time>2026-09-12T02:12:55Z</time></trkpt>
    <trkpt lat="10.3594659" lon="123.8260745"><ele>289.72</ele><time>2026-09-12T02:13:03Z</time></trkpt>
    <trkpt lat="10.3595345" lon="123.8260717"><ele>287.10</ele><time>2026-09-12T02:13:12Z</time></trkpt>
    <trkpt lat="10.3595251" lon="123.8260638"><ele>288.65</ele><time>2026-09-12T02:13:19Z</time></trkpt>
    <trkpt lat="10.3595049" lon="123.8259780"><ele>301.88</ele><time>2026-09-12T02:13:28Z</time></trkpt>
    <trkpt lat="10.3595811" lon="123.8259812"><ele>301.82</ele><time>2026-09-12T02:13:35Z</time></trkpt>
    <trkpt lat="10.3595681" lon="123.8259844"><ele>300.12</ele><time>2026-09-12T02:13:43Z</time></trkpt>
    <trkpt lat="10.3595240" lon="123.8260091"><ele>295.83</ele><time>2026-09-12T02:13:51Z</time></trkpt>
    <trkpt lat="10.3594807" lon="123.8260262"><ele>303.81</ele><time>2026-09-12T02:13:59Z</time></trkpt>
    <trkpt lat="10.3594779" lon="123.8259785"><ele>289.09</ele><time>2026-09-12T02:14:08Z</time></trkpt>
    <trkpt lat="10.3594521" lon="123.8259427"><ele>290.37</ele><time>2026-09-12T02:14:15Z</time></trkpt>
    <trkpt lat="10.3594469" lon="123.8259502"><ele>303.62</ele><time>2026-09-12T02:14:24Z</time></trkpt>
    <trkpt lat="10.3594633" lon="123.8259592"><ele>306.05</ele><time>2026-09-12T02:14:31Z</time></trkpt>
    <trkpt lat="10.3594751" lon="123.8259972"><ele>305.53</ele><time>2026-09-12T02:14:40Z</time></trkpt>
    <trkpt lat="10.3594768" lon="123.8260093"><ele>293.76</ele><time>2026-09-12T02:14:47Z</time></trkpt>
    <trkpt lat="10.3594499" lon="123.8260401"><ele>286.24</ele><time>2026-09-12T02:14:55Z</time></trkpt>
    <trkpt lat="10.3594074" lon="123.8260536"><ele>292.80</ele><time>2026-09-12T02:15:03Z</time></trkpt>
    <trkpt lat="10.3594100" lon="123.8260562"><ele>303.15</ele><time>2026-09-12T02:15:11Z</time></trkpt>
    <trkpt lat="10.3594215" lon="123.8260403"><ele>301.64</ele><time>2026-09-12T02:15:19Z</time></trkpt>
    <trkpt lat="10.3594361" lon="123.8260245"><ele>302.48</ele><time>2026-09-12T02:15:27Z</time></trkpt>
    <trkpt lat="10.3594494" lon="123.8260261"><ele>302.70</ele><time>2026-09-12T02:15:35Z</time></trkpt>
    <trkpt lat="10.3594568" lon="123.8260277"><ele>301.11</ele><time>2026-09-12T02:15:43Z</time></trkpt>
    <trkpt lat="10.3595055" lon="123.8260245"><ele>300.96</ele><time>2026-09-12T02:15:50Z</time></trkpt>
    <trkpt lat="10.3596229" lon="123.8260122"><ele>291.80</ele><time>2026-09-12T02:16:00Z</time></trkpt>
    <trkpt lat="10.3596734" lon="123.8259997"><ele>291.50</ele><time>2026-09-12T02:16:05Z</time></trkpt>
    <trkpt lat="10.3597747" lon="123.8259791"><ele>290.92</ele><time>2026-09-12T02:16:15Z</time></trkpt>
    <trkpt lat="10.3598362" lon="123.8259726"><ele>293.72</ele><time>2026-09-12T02:16:23Z</time></trkpt>
    <trkpt lat="10.3598917" lon="123.8259599"><ele>293.73</ele><time>2026-09-12T02:16:30Z</time></trkpt>
    <trkpt lat="10.3599669" lon="123.8259381"><ele>288.57</ele><time>2026-09-12T02:16:40Z</time></trkpt>
    <trkpt lat="10.3600103" lon="123.8259366"><ele>288.78</ele><time>2026-09-12T02:16:45Z</time></trkpt>
    <trkpt lat="10.3600989" lon="123.8259383"><ele>289.21</ele><time>2026-09-12T02:16:55Z</time></trkpt>
    <trkpt lat="10.3601845" lon="123.8259533"><ele>295.79</ele><time>2026-09-12T02:17:03Z</time></trkpt>
    <trkpt lat="10.3602517" lon="123.8259790"><ele>297.28</ele><time>2026-09-12T02:17:10Z</time></trkpt>
    <trkpt lat="10.3603273" lon="123.8260444"><ele>296.94</ele><time>2026-09-12T02:17:20Z</time></trkpt>
    <trkpt lat="10.3603634" lon="123.8260702"><ele>296.52</ele><time>2026-09-12T02:17:25Z</time></trkpt>
    <trkpt lat="10.3604388" lon="123.8261126"><ele>295.70</ele><time>2026-09-12T02:17:35Z</time></trkpt>
    <trkpt lat="10.3605042" lon="123.8260789"><ele>289.48</ele><time>2026-09-12T02:17:43Z</time></trkpt>
    <trkpt lat="10.3605630" lon="123.8260375"><ele>289.97</ele><time>2026-09-12T02:17:50Z</time></trkpt>
    <trkpt lat="10.3606406" lon="123.8260269"><ele>290.51</ele><time>2026-09-12T02:17:58Z</time></trkpt>
    <trkpt lat="10.3606893" lon="123.8259793"><ele>277.97</ele><time>2026-09-12T02:18:08Z</time></trkpt>
    <trkpt lat="10.3607224" lon="123.8259581"><ele>278.12</ele><time>2026-09-12T02:18:14Z</time></trkpt>
    <trkpt lat="10.3608021" lon="123.8259576"><ele>278.35</ele><time>2026-09-12T02:18:23Z</time></trkpt>
    <trkpt lat="10.3609087" lon="123.8259431"><ele>289.06</ele><time>2026-09-12T02:18:31Z</time></trkpt>
    <trkpt lat="10.3609760" lon="123.8259358"><ele>287.56</ele><time>2026-09-12T02:18:37Z</time></trkpt>
    <trkpt lat="10.3610875" lon="123.8259289"><ele>285.29</ele><time>2026-09-12T02:18:47Z</time></trkpt>
    <trkpt lat="10.3610995" lon="123.8259211"><ele>271.71</ele><time>2026-09-12T02:18:55Z</time></trkpt>
    <trkpt lat="10.3611224" lon="123.8258797"><ele>270.87</ele><time>2026-09-12T02:19:02Z</time></trkpt>
    <trkpt lat="10.3611058" lon="123.8258058"><ele>271.71</ele><time>2026-09-12T02:19:12Z</time></trkpt>
    <trkpt lat="10.3610984" lon="123.8257494"><ele>271.23</ele><time>2026-09-12T02:19:19Z</time></trkpt>
    <trkpt lat="10.3610916" lon="123.8256866"><ele>263.22</ele><time>2026-09-12T02:19:27Z</time></trkpt>
    <trkpt lat="10.3611303" lon="123.8256101"><ele>253.29</ele><time>2026-09-12T02:19:36Z</time></trkpt>
    <trkpt lat="10.3611451" lon="123.8255686"><ele>266.04</ele><time>2026-09-12T02:19:43Z</time></trkpt>
    <trkpt lat="10.3611683" lon="123.8254720"><ele>273.83</ele><time>2026-09-12T02:19:52Z</time></trkpt>
    <trkpt lat="10.3612249" lon="123.8253736"><ele>268.88</ele><time>2026-09-12T02:20:01Z</time></trkpt>
    <trkpt lat="10.3612876" lon="123.8253601"><ele>268.44</ele><time>2026-09-12T02:20:07Z</time></trkpt>
    <trkpt lat="10.3613285" lon="123.8253475"><ele>266.29</ele><time>2026-09-12T02:20:15Z</time></trkpt>
    <trkpt lat="10.3614228" lon="123.8253190"><ele>264.85</ele><time>2026-09-12T02:20:23Z</time></trkpt>
    <trkpt lat="10.3614672" lon="123.8253169"><ele>259.84</ele><time>2026-09-12T02:20:31Z</time></trkpt>
    <trkpt lat="10.3615141" lon="123.8252971"><ele>261.15</ele><time>2026-09-12T02:20:36Z</time></trkpt>
    <trkpt lat="10.3614944" lon="123.8252819"><ele>255.35</ele><time>2026-09-12T02:20:47Z</time></trkpt>
    <trkpt lat="10.3615551" lon="123.8252364"><ele>254.92</ele><time>2026-09-12T02:20:56Z</time></trkpt>
    <trkpt lat="10.3616158" lon="123.8252263"><ele>254.49</ele><time>2026-09-12T02:21:03Z</time></trkpt>
    <trkpt lat="10.3616473" lon="123.8252128"><ele>256.14</ele><time>2026-09-12T02:21:11Z</time></trkpt>
    <trkpt lat="10.3615857" lon="123.8251882"><ele>253.80</ele><time>2026-09-12T02:21:19Z</time></trkpt>
    <trkpt lat="10.3615223" lon="123.8251519"><ele>253.12</ele><time>2026-09-12T02:21:27Z</time></trkpt>
    <trkpt lat="10.3614607" lon="123.8251422"><ele>261.36</ele><time>2026-09-12T02:21:35Z</time></trkpt>
  </trkseg></trk>
</gpx>
